"Date and Time Run #1";"Time (s) Run #1";"Temperature 1, Ch X1 (°C) Run #1";"Temperature 2, Ch X1 (°C) Run #1";"Temperature 3, Ch X1 (°C) Run #1";"Temperature 1, Ch 1 (°C) Run #1";"Temperature 2, Ch 1 (°C) Run #1";"Temperature 3, Ch 1 (°C) Run #1"
05/08/2026 10:32:27 am;0,000;18,94;20,35;21,92;18,28;20,01;20,43
05/08/2026 10:32:27 am;0,050;18,94;20,35;21,92;18,28;20,01;20,43
05/08/2026 10:32:27 am;0,100;18,93;20,35;21,92;18,29;20,01;20,43
05/08/2026 10:32:27 am;0,150;18,94;20,35;21,92;18,29;20,01;20,43
05/08/2026 10:32:27 am;0,200;18,94;20,35;21,92;18,28;20,01;20,43
05/08/2026 10:32:27 am;0,250;18,94;20,35;21,92;18,29;20,01;20,43
05/08/2026 10:32:27 am;0,300;18,93;20,35;21,92;18,29;20,01;20,43
05/08/2026 10:32:27 am;0,350;18,94;20,35;21,92;18,29;20,01;20,43
05/08/2026 10:32:27 am;0,400;18,94;20,35;21,92;18,29;20,01;20,43
05/08/2026 10:32:27 am;0,450;18,94;20,35;21,92;18,29;20,01;20,43
05/08/2026 10:32:27 am;0,500;18,94;20,35;21,92;18,29;20,01;20,43
05/08/2026 10:32:27 am;0,550;18,93;20,35;21,92;18,28;20,01;20,43
05/08/2026 10:32:27 am;0,600;18,94;20,35;21,92;18,28;20,01;20,43
05/08/2026 10:32:27 am;0,650;18,94;20,35;21,92;18,29;20,01;20,43
05/08/2026 10:32:27 am;0,700;18,94;20,35;21,92;18,29;20,01;20,43
05/08/2026 10:32:27 am;0,750;18,94;20,35;21,92;18,28;20,01;20,43
05/08/2026 10:32:27 am;0,800;18,93;20,35;21,92;18,29;20,01;20,43
05/08/2026 10:32:27 am;0,850;18,94;20,35;21,92;18,28;20,01;20,43
05/08/2026 10:32:27 am;0,900;18,94;20,35;21,92;18,28;20,01;20,43
05/08/2026 10:32:27 am;0,950;18,94;20,35;21,92;18,28;20,01;20,43
05/08/2026 10:32:28 am;1,000;18,94;20,35;21,92;18,28;20,01;20,43
05/08/2026 10:32:28 am;1,050;18,93;20,35;21,92;18,29;20,01;20,43
05/08/2026 10:32:28 am;1,100;18,94;20,35;21,92;18,29;20,01;20,44
05/08/2026 10:32:28 am;1,150;18,94;20,35;21,92;18,29;20,01;20,43
05/08/2026 10:32:28 am;1,200;18,93;20,35;21,92;18,29;20,01;20,43
05/08/2026 10:32:28 am;1,250;18,94;20,35;21,92;18,29;20,01;20,43
05/08/2026 10:32:28 am;1,300;18,94;20,35;21,92;18,29;20,01;20,43
05/08/2026 10:32:28 am;1,350;18,94;20,35;21,92;18,29;20,01;20,43
05/08/2026 10:32:28 am;1,400;18,93;20,35;21,92;18,29;20,01;20,43
05/08/2026 10:32:28 am;1,450;18,94;20,35;21,92;18,28;20,01;20,43
05/08/2026 10:32:28 am;1,500;19,04;20,35;21,92;18,29;20,01;20,43
05/08/2026 10:32:28 am;1,550;19,13;20,35;21,92;18,28;20,01;20,43
05/08/2026 10:32:28 am;1,600;19,14;20,35;21,91;18,29;20,00;20,43
05/08/2026 10:32:28 am;1,650;19,15;20,35;21,92;18,28;20,01;20,43
05/08/2026 10:32:28 am;1,700;19,15;20,35;21,92;18,29;20,00;20,44
05/08/2026 10:32:28 am;1,750;19,15;20,35;21,92;18,29;20,00;20,43
05/08/2026 10:32:28 am;1,800;19,15;20,35;21,92;18,29;20,01;20,43
05/08/2026 10:32:28 am;1,850;19,15;20,35;21,91;18,29;20,01;20,44
05/08/2026 10:32:28 am;1,900;19,15;20,35;21,91;18,29;20,01;20,43
05/08/2026 10:32:28 am;1,950;19,15;20,35;21,91;18,28;20,01;20,43
05/08/2026 10:32:29 am;2,000;19,15;20,35;21,91;18,29;20,01;20,43
05/08/2026 10:32:29 am;2,050;19,15;20,35;21,91;18,29;20,01;20,43
05/08/2026 10:32:29 am;2,100;19,15;20,36;21,92;18,28;20,01;20,43
05/08/2026 10:32:29 am;2,150;19,15;20,36;21,92;18,29;20,01;20,43
05/08/2026 10:32:29 am;2,200;19,15;20,36;21,91;18,29;20,01;20,44
05/08/2026 10:32:29 am;2,250;19,15;20,37;21,92;18,29;20,01;20,43
05/08/2026 10:32:29 am;2,300;19,15;20,37;21,91;18,29;20,01;20,44
05/08/2026 10:32:29 am;2,350;19,15;20,38;21,91;18,28;20,01;20,43
05/08/2026 10:32:29 am;2,400;19,15;20,39;21,91;18,29;20,01;20,43
05/08/2026 10:32:29 am;2,450;19,15;20,39;21,92;18,28;20,01;20,43
05/08/2026 10:32:29 am;2,500;19,15;20,40;21,91;18,28;20,01;20,44
05/08/2026 10:32:29 am;2,550;19,15;20,42;21,91;18,28;20,01;20,43
05/08/2026 10:32:29 am;2,600;19,15;20,42;21,91;18,29;20,01;20,43
05/08/2026 10:32:29 am;2,650;19,15;20,44;21,91;18,28;20,01;20,43
05/08/2026 10:32:29 am;2,700;19,15;20,45;21,91;18,28;20,01;20,43
05/08/2026 10:32:29 am;2,750;19,15;20,46;21,91;18,29;20,01;20,43
05/08/2026 10:32:29 am;2,800;19,15;20,47;21,91;18,29;20,01;20,43
05/08/2026 10:32:29 am;2,850;19,15;20,49;21,91;18,28;20,01;20,43
05/08/2026 10:32:29 am;2,900;19,15;20,51;21,91;18,28;20,01;20,43
05/08/2026 10:32:29 am;2,950;19,15;20,52;21,91;18,29;20,01;20,43
05/08/2026 10:32:30 am;3,000;19,15;20,54;21,91;18,28;20,01;20,43
05/08/2026 10:32:30 am;3,050;19,15;20,55;21,90;18,29;20,01;20,43
05/08/2026 10:32:30 am;3,100;19,15;20,57;21,90;18,29;20,01;20,43
05/08/2026 10:32:30 am;3,150;19,15;20,59;21,90;18,28;20,01;20,43
05/08/2026 10:32:30 am;3,200;19,15;20,60;21,90;18,29;20,01;20,43
05/08/2026 10:32:30 am;3,250;19,15;20,62;21,90;18,28;20,01;20,43
05/08/2026 10:32:30 am;3,300;19,15;20,64;21,90;18,29;20,01;20,42
05/08/2026 10:32:30 am;3,350;19,15;20,66;21,90;18,29;20,01;20,43
05/08/2026 10:32:30 am;3,400;19,15;20,68;21,90;18,29;20,01;20,42
05/08/2026 10:32:30 am;3,450;19,15;20,70;21,90;18,29;20,01;20,42
05/08/2026 10:32:30 am;3,500;19,15;20,72;21,90;18,28;20,01;20,42
05/08/2026 10:32:30 am;3,550;19,15;20,74;21,89;18,29;20,01;20,42
05/08/2026 10:32:30 am;3,600;19,15;20,76;21,89;18,29;20,01;20,42
05/08/2026 10:32:30 am;3,650;19,15;20,78;21,89;18,28;20,01;20,41
05/08/2026 10:32:30 am;3,700;19,15;20,80;21,89;18,28;20,01;20,40
05/08/2026 10:32:30 am;3,750;19,15;20,82;21,89;18,29;20,01;20,40
05/08/2026 10:32:30 am;3,800;19,15;20,84;21,89;18,28;20,01;20,39
05/08/2026 10:32:30 am;3,850;19,15;20,86;21,88;18,29;20,01;20,38
05/08/2026 10:32:30 am;3,900;19,15;20,88;21,88;18,29;20,01;20,37
05/08/2026 10:32:30 am;3,950;19,15;20,90;21,88;18,29;20,01;20,36
05/08/2026 10:32:31 am;4,000;19,15;20,92;21,88;18,29;20,01;20,34
05/08/2026 10:32:31 am;4,050;19,15;20,95;21,88;18,29;20,01;20,33
05/08/2026 10:32:31 am;4,100;19,15;20,97;21,88;18,29;20,01;20,31
05/08/2026 10:32:31 am;4,150;19,15;20,99;21,87;18,28;20,01;20,30
05/08/2026 10:32:31 am;4,200;19,15;21,01;21,87;18,29;20,01;20,28
05/08/2026 10:32:31 am;4,250;19,15;21,03;21,87;18,29;20,01;20,26
05/08/2026 10:32:31 am;4,300;19,15;21,05;21,87;18,28;20,01;20,23
05/08/2026 10:32:31 am;4,350;19,15;21,07;21,86;18,29;20,01;20,22
05/08/2026 10:32:31 am;4,400;19,15;21,10;21,86;18,29;20,01;20,19
05/08/2026 10:32:31 am;4,450;19,15;21,12;21,86;18,29;20,01;20,17
05/08/2026 10:32:31 am;4,500;19,15;21,14;21,86;18,29;20,01;20,14
05/08/2026 10:32:31 am;4,550;19,15;21,16;21,86;18,28;20,01;20,11
05/08/2026 10:32:31 am;4,600;19,15;21,18;21,85;18,28;20,01;20,08
05/08/2026 10:32:31 am;4,650;19,15;21,21;21,85;18,29;20,01;20,05
05/08/2026 10:32:31 am;4,700;19,15;21,23;21,85;18,29;20,01;20,02
05/08/2026 10:32:31 am;4,750;19,15;21,25;21,85;18,29;20,01;19,99
05/08/2026 10:32:31 am;4,800;19,15;21,27;21,84;18,29;20,01;19,96
05/08/2026 10:32:31 am;4,850;19,15;21,29;21,85;18,29;20,01;19,92
05/08/2026 10:32:31 am;4,900;19,15;21,31;21,84;18,28;20,01;19,89
05/08/2026 10:32:31 am;4,950;19,15;21,33;21,84;18,29;20,01;19,86
05/08/2026 10:32:32 am;5,000;19,15;21,36;21,84;18,28;20,01;19,83
05/08/2026 10:32:32 am;5,050;19,15;21,38;21,84;18,29;20,01;19,79
05/08/2026 10:32:32 am;5,100;19,15;21,40;21,83;18,29;20,01;19,75
05/08/2026 10:32:32 am;5,150;19,15;21,42;21,83;18,29;20,01;19,72
05/08/2026 10:32:32 am;5,200;19,15;21,44;21,83;18,29;20,01;19,68
05/08/2026 10:32:32 am;5,250;19,15;21,46;21,83;18,29;20,01;19,65
05/08/2026 10:32:32 am;5,300;19,15;21,48;21,83;18,29;20,01;19,61
05/08/2026 10:32:32 am;5,350;19,15;21,50;21,83;18,28;20,01;19,58
05/08/2026 10:32:32 am;5,400;19,15;21,52;21,82;18,29;20,01;19,54
05/08/2026 10:32:32 am;5,450;19,15;21,54;21,82;18,28;20,01;19,50
05/08/2026 10:32:32 am;5,500;19,15;21,57;21,82;18,28;20,01;19,47
05/08/2026 10:32:32 am;5,550;19,15;21,59;21,82;18,29;20,01;19,43
05/08/2026 10:32:32 am;5,600;19,15;21,60;21,82;18,29;20,01;19,40
05/08/2026 10:32:32 am;5,650;19,15;21,63;21,81;18,28;20,01;19,36
05/08/2026 10:32:32 am;5,700;19,15;21,65;21,81;18,29;20,01;19,33
05/08/2026 10:32:32 am;5,750;19,15;21,67;21,81;18,28;20,01;19,29
05/08/2026 10:32:32 am;5,800;19,15;21,69;21,81;18,29;20,01;19,26
05/08/2026 10:32:32 am;5,850;19,15;21,71;21,81;18,28;20,01;19,23
05/08/2026 10:32:32 am;5,900;19,15;21,73;21,80;18,29;20,01;19,19
05/08/2026 10:32:32 am;5,950;19,15;21,74;21,80;18,29;20,01;19,16
05/08/2026 10:32:33 am;6,000;19,15;21,77;21,80;18,29;20,01;19,12
05/08/2026 10:32:33 am;6,050;19,15;21,79;21,80;18,29;20,01;19,09
05/08/2026 10:32:33 am;6,100;19,15;21,81;21,80;18,29;20,01;19,05
05/08/2026 10:32:33 am;6,150;19,15;21,82;21,80;18,29;20,01;19,02
05/08/2026 10:32:33 am;6,200;19,15;21,84;21,80;18,29;20,01;18,99
05/08/2026 10:32:33 am;6,250;19,15;21,86;21,80;18,29;20,01;18,96
05/08/2026 10:32:33 am;6,300;19,15;21,87;21,80;18,29;20,01;18,93
05/08/2026 10:32:33 am;6,350;19,15;21,90;21,80;18,29;20,01;18,90
05/08/2026 10:32:33 am;6,400;19,15;21,92;21,79;18,29;20,01;18,86
05/08/2026 10:32:33 am;6,450;19,15;21,93;21,79;18,29;20,01;18,83
05/08/2026 10:32:33 am;6,500;19,15;21,95;21,79;18,29;20,01;18,80
05/08/2026 10:32:33 am;6,550;19,15;21,97;21,80;18,29;20,01;18,77
05/08/2026 10:32:33 am;6,600;19,15;21,99;21,80;18,28;20,01;18,74
05/08/2026 10:32:33 am;6,650;19,15;22,01;21,79;18,29;20,01;18,71
05/08/2026 10:32:33 am;6,700;19,15;22,03;21,79;18,29;20,00;18,68
05/08/2026 10:32:33 am;6,750;19,15;22,05;21,80;18,29;20,01;18,65
05/08/2026 10:32:33 am;6,800;19,15;22,07;21,80;18,28;20,00;18,62
05/08/2026 10:32:33 am;6,850;19,15;22,08;21,80;18,28;20,00;18,60
05/08/2026 10:32:33 am;6,900;19,15;22,10;21,80;18,28;20,00;18,57
05/08/2026 10:32:33 am;6,950;19,15;22,12;21,80;18,29;20,00;18,54
05/08/2026 10:32:34 am;7,000;19,15;22,14;21,80;18,28;20,00;18,52
05/08/2026 10:32:34 am;7,050;19,15;22,16;21,80;18,29;20,00;18,49
05/08/2026 10:32:34 am;7,100;19,15;22,18;21,80;18,29;20,00;18,46
05/08/2026 10:32:34 am;7,150;19,15;22,19;21,81;18,29;20,00;18,44
05/08/2026 10:32:34 am;7,200;19,15;22,21;21,81;18,28;20,00;18,41
05/08/2026 10:32:34 am;7,250;19,15;22,23;21,81;18,29;20,00;18,38
05/08/2026 10:32:34 am;7,300;19,15;22,25;21,81;18,29;20,00;18,35
05/08/2026 10:32:34 am;7,350;19,15;22,27;21,82;18,29;20,00;18,33
05/08/2026 10:32:34 am;7,400;19,15;22,29;21,82;18,29;20,00;18,30
05/08/2026 10:32:34 am;7,450;19,15;22,30;21,82;18,29;20,00;18,27
05/08/2026 10:32:34 am;7,500;19,15;22,32;21,83;18,28;20,00;18,25
05/08/2026 10:32:34 am;7,550;19,15;22,34;21,82;18,28;20,00;18,22
05/08/2026 10:32:34 am;7,600;19,15;22,36;21,83;18,28;20,00;18,20
05/08/2026 10:32:34 am;7,650;19,15;22,38;21,83;18,29;20,00;18,17
05/08/2026 10:32:34 am;7,700;19,15;22,39;21,83;18,29;20,00;18,15
05/08/2026 10:32:34 am;7,750;19,15;22,41;21,84;18,29;19,99;18,12
05/08/2026 10:32:34 am;7,800;19,15;22,43;21,84;18,28;19,99;18,09
05/08/2026 10:32:34 am;7,850;19,15;22,45;21,84;18,29;19,99;18,07
05/08/2026 10:32:34 am;7,900;19,15;22,47;21,85;18,29;19,99;18,04
05/08/2026 10:32:34 am;7,950;19,15;22,48;21,85;18,29;19,99;18,02
05/08/2026 10:32:35 am;8,000;19,15;22,50;21,86;18,29;19,99;17,99
05/08/2026 10:32:35 am;8,050;19,15;22,52;21,86;18,29;19,99;17,97
05/08/2026 10:32:35 am;8,100;19,15;22,54;21,87;18,28;19,99;17,94
05/08/2026 10:32:35 am;8,150;19,15;22,55;21,87;18,29;19,99;17,92
05/08/2026 10:32:35 am;8,200;19,15;22,57;21,88;18,28;19,99;17,90
05/08/2026 10:32:35 am;8,250;19,15;22,59;21,88;18,29;19,99;17,87
05/08/2026 10:32:35 am;8,300;19,15;22,61;21,89;18,28;19,99;17,85
05/08/2026 10:32:35 am;8,350;19,15;22,62;21,89;18,28;19,99;17,83
05/08/2026 10:32:35 am;8,400;19,15;22,64;21,90;18,28;19,99;17,80
05/08/2026 10:32:35 am;8,450;19,15;22,66;21,91;18,28;19,99;17,78
05/08/2026 10:32:35 am;8,500;19,15;22,68;21,91;18,29;19,99;17,76
05/08/2026 10:32:35 am;8,550;19,15;22,69;21,92;18,29;19,99;17,73
05/08/2026 10:32:35 am;8,600;19,15;22,71;21,92;18,29;19,98;17,71
05/08/2026 10:32:35 am;8,650;19,15;22,72;21,93;18,28;19,98;17,69
05/08/2026 10:32:35 am;8,700;19,15;22,74;21,94;18,29;19,98;17,67
05/08/2026 10:32:35 am;8,750;19,15;22,76;21,94;18,28;19,98;17,65
05/08/2026 10:32:35 am;8,800;19,15;22,78;21,95;18,29;19,97;17,63
05/08/2026 10:32:35 am;8,850;19,15;22,80;21,96;18,28;19,97;17,61
05/08/2026 10:32:35 am;8,900;19,15;22,81;21,96;18,28;19,97;17,59
05/08/2026 10:32:35 am;8,950;19,15;22,83;21,97;18,28;19,96;17,57
05/08/2026 10:32:36 am;9,000;19,15;22,85;21,98;18,29;19,95;17,55
05/08/2026 10:32:36 am;9,050;19,15;22,86;21,99;18,29;19,95;17,54
05/08/2026 10:32:36 am;9,100;19,15;22,88;21,99;18,29;19,94;17,52
05/08/2026 10:32:36 am;9,150;19,15;22,90;22,00;18,28;19,94;17,50
05/08/2026 10:32:36 am;9,200;19,15;22,92;22,01;18,29;19,92;17,48
05/08/2026 10:32:36 am;9,250;19,15;22,94;22,02;18,28;19,92;17,47
05/08/2026 10:32:36 am;9,300;19,15;22,96;22,02;18,28;19,91;17,45
05/08/2026 10:32:36 am;9,350;19,15;22,97;22,03;18,28;19,90;17,43
05/08/2026 10:32:36 am;9,400;19,15;22,99;22,04;18,28;19,89;17,42
05/08/2026 10:32:36 am;9,450;19,15;23,01;22,05;18,29;19,88;17,40
05/08/2026 10:32:36 am;9,500;19,15;23,02;22,06;18,28;19,87;17,39
05/08/2026 10:32:36 am;9,550;19,15;23,04;22,06;18,29;19,86;17,38
05/08/2026 10:32:36 am;9,600;19,15;23,05;22,07;18,29;19,85;17,36
05/08/2026 10:32:36 am;9,650;19,15;23,07;22,08;18,29;19,84;17,35
05/08/2026 10:32:36 am;9,700;19,15;23,09;22,09;18,28;19,83;17,33
05/08/2026 10:32:36 am;9,750;19,15;23,11;22,10;18,28;19,82;17,32
05/08/2026 10:32:36 am;9,800;19,15;23,13;22,11;18,29;19,80;17,31
05/08/2026 10:32:36 am;9,850;19,15;23,14;22,12;18,29;19,79;17,30
05/08/2026 10:32:36 am;9,900;19,15;23,16;22,13;18,29;19,77;17,29
05/08/2026 10:32:36 am;9,950;19,15;23,18;22,14;18,28;19,76;17,27
05/08/2026 10:32:37 am;10,000;19,15;23,20;22,14;18,28;19,75;17,27
05/08/2026 10:32:37 am;10,050;19,15;23,21;22,15;18,28;19,73;17,25
05/08/2026 10:32:37 am;10,100;19,15;23,23;22,16;18,29;19,72;17,24
05/08/2026 10:32:37 am;10,150;19,15;23,25;22,17;18,29;19,70;17,23
05/08/2026 10:32:37 am;10,200;19,15;23,27;22,18;18,28;19,68;17,22
05/08/2026 10:32:37 am;10,250;19,15;23,28;22,19;18,28;19,67;17,22
05/08/2026 10:32:37 am;10,300;19,15;23,30;22,20;18,28;19,65;17,21
05/08/2026 10:32:37 am;10,350;19,15;23,32;22,21;18,29;19,64;17,20
05/08/2026 10:32:37 am;10,400;19,15;23,33;22,22;18,29;19,62;17,19
05/08/2026 10:32:37 am;10,450;19,15;23,35;22,23;18,28;19,60;17,18
05/08/2026 10:32:37 am;10,500;19,15;23,37;22,24;18,29;19,59;17,17
05/08/2026 10:32:37 am;10,550;19,15;23,39;22,25;18,29;19,57;17,16
05/08/2026 10:32:37 am;10,600;19,15;23,40;22,26;18,28;19,55;17,15
05/08/2026 10:32:37 am;10,650;19,15;23,42;22,27;18,29;19,54;17,15
05/08/2026 10:32:37 am;10,700;19,15;23,43;22,28;18,29;19,52;17,14
05/08/2026 10:32:37 am;10,750;19,15;23,45;22,29;18,28;19,50;17,14
05/08/2026 10:32:37 am;10,800;19,15;23,47;22,30;18,28;19,48;17,13
05/08/2026 10:32:37 am;10,850;19,15;23,48;22,30;18,28;19,46;17,12
05/08/2026 10:32:37 am;10,900;19,15;23,50;22,32;18,28;19,44;17,11
05/08/2026 10:32:37 am;10,950;19,15;23,52;22,33;18,29;19,43;17,11
05/08/2026 10:32:38 am;11,000;19,15;23,54;22,34;18,29;19,41;17,10
05/08/2026 10:32:38 am;11,050;19,15;23,55;22,35;18,29;19,39;17,10
05/08/2026 10:32:38 am;11,100;19,15;23,57;22,36;18,29;19,37;17,09
05/08/2026 10:32:38 am;11,150;19,15;23,59;22,37;18,29;19,35;17,09
05/08/2026 10:32:38 am;11,200;19,15;23,61;22,38;18,29;19,33;17,08
05/08/2026 10:32:38 am;11,250;19,15;23,63;22,39;18,29;19,31;17,08
05/08/2026 10:32:38 am;11,300;19,15;23,64;22,40;18,28;19,29;17,07
05/08/2026 10:32:38 am;11,350;19,15;23,66;22,41;18,28;19,27;17,07
05/08/2026 10:32:38 am;11,400;19,15;23,68;22,42;18,28;19,25;17,06
05/08/2026 10:32:38 am;11,450;19,15;23,70;22,43;18,29;19,23;17,06
05/08/2026 10:32:38 am;11,500;19,15;23,72;22,44;18,29;19,22;17,05
05/08/2026 10:32:38 am;11,550;19,15;23,73;22,45;18,28;19,20;17,05
05/08/2026 10:32:38 am;11,600;19,15;23,75;22,46;18,28;19,18;17,05
05/08/2026 10:32:38 am;11,650;19,15;23,76;22,47;18,28;19,16;17,04
05/08/2026 10:32:38 am;11,700;19,15;23,78;22,48;18,29;19,14;17,04
05/08/2026 10:32:38 am;11,750;19,16;23,80;22,49;18,28;19,12;17,03
05/08/2026 10:32:38 am;11,800;19,15;23,82;22,50;18,28;19,10;17,03
05/08/2026 10:32:38 am;11,850;19,15;23,83;22,51;18,28;19,08;17,03
05/08/2026 10:32:38 am;11,900;19,15;23,85;22,52;18,28;19,06;17,03
05/08/2026 10:32:38 am;11,950;19,15;23,87;22,53;18,28;19,04;17,02
05/08/2026 10:32:39 am;12,000;19,15;23,89;22,54;18,28;19,02;17,02
05/08/2026 10:32:39 am;12,050;19,15;23,91;22,55;18,29;19,00;17,02
05/08/2026 10:32:39 am;12,100;19,15;23,92;22,56;18,29;18,98;17,02
05/08/2026 10:32:39 am;12,150;19,15;23,94;22,57;18,28;18,96;17,01
05/08/2026 10:32:39 am;12,200;19,16;23,96;22,58;18,28;18,94;17,01
05/08/2026 10:32:39 am;12,250;19,15;23,98;22,59;18,28;18,92;17,01
05/08/2026 10:32:39 am;12,300;19,16;23,99;22,61;18,28;18,90;17,01
05/08/2026 10:32:39 am;12,350;19,15;24,01;22,62;18,29;18,88;17,00
05/08/2026 10:32:39 am;12,400;19,15;24,03;22,63;18,28;18,86;17,00
05/08/2026 10:32:39 am;12,450;19,16;24,05;22,63;18,29;18,84;17,00
05/08/2026 10:32:39 am;12,500;19,15;24,06;22,65;18,28;18,82;17,00
05/08/2026 10:32:39 am;12,550;19,15;24,08;22,66;18,29;18,80;17,00
05/08/2026 10:32:39 am;12,600;19,15;24,10;22,66;18,28;18,78;17,00
05/08/2026 10:32:39 am;12,650;19,15;24,11;22,68;18,29;18,76;16,99
05/08/2026 10:32:39 am;12,700;19,15;24,13;22,69;18,28;18,74;16,99
05/08/2026 10:32:39 am;12,750;19,15;24,15;22,70;18,29;18,72;16,99
05/08/2026 10:32:39 am;12,800;19,15;24,17;22,71;18,28;18,70;16,99
05/08/2026 10:32:39 am;12,850;19,15;24,18;22,72;18,28;18,68;16,99
05/08/2026 10:32:39 am;12,900;19,15;24,20;22,73;18,28;18,66;16,99
05/08/2026 10:32:39 am;12,950;19,16;24,22;22,74;18,29;18,64;16,99
05/08/2026 10:32:40 am;13,000;19,15;24,23;22,75;18,28;18,62;16,99
05/08/2026 10:32:40 am;13,050;19,16;24,25;22,76;18,28;18,60;16,99
05/08/2026 10:32:40 am;13,100;19,16;24,27;22,77;18,29;18,58;16,99
05/08/2026 10:32:40 am;13,150;19,15;24,28;22,78;18,28;18,57;16,99
05/08/2026 10:32:40 am;13,200;19,15;24,30;22,80;18,28;18,54;16,99
05/08/2026 10:32:40 am;13,250;19,16;24,32;22,81;18,28;18,53;16,99
05/08/2026 10:32:40 am;13,300;19,15;24,33;22,82;18,28;18,51;16,99
05/08/2026 10:32:40 am;13,350;19,16;24,35;22,83;18,28;18,49;16,99
05/08/2026 10:32:40 am;13,400;19,16;24,37;22,84;18,28;18,47;16,99
05/08/2026 10:32:40 am;13,450;19,16;24,39;22,85;18,28;18,45;16,99
05/08/2026 10:32:40 am;13,500;19,15;24,40;22,86;18,29;18,42;16,99
05/08/2026 10:32:40 am;13,550;19,16;24,42;22,87;18,28;18,41;16,99
05/08/2026 10:32:40 am;13,600;19,16;24,44;22,89;18,29;18,39;16,98
05/08/2026 10:32:40 am;13,650;19,16;24,46;22,90;18,29;18,36;16,99
05/08/2026 10:32:40 am;13,700;19,16;24,47;22,91;18,28;18,34;16,99
05/08/2026 10:32:40 am;13,750;19,16;24,49;22,92;18,28;18,32;16,98
05/08/2026 10:32:40 am;13,800;19,16;24,50;22,93;18,29;18,30;16,99
05/08/2026 10:32:40 am;13,850;19,16;24,52;22,94;18,28;18,28;16,99
05/08/2026 10:32:40 am;13,900;19,16;24,54;22,95;18,28;18,27;16,98
05/08/2026 10:32:40 am;13,950;19,16;24,55;22,96;18,29;18,25;16,99
05/08/2026 10:32:41 am;14,000;19,16;24,57;22,97;18,28;18,23;16,99
05/08/2026 10:32:41 am;14,050;19,16;24,59;22,98;18,28;18,21;16,99
05/08/2026 10:32:41 am;14,100;19,16;24,60;23,00;18,28;18,19;16,99
05/08/2026 10:32:41 am;14,150;19,16;24,62;23,01;18,28;18,17;16,99
05/08/2026 10:32:41 am;14,200;19,16;24,63;23,02;18,28;18,15;16,99
05/08/2026 10:32:41 am;14,250;19,16;24,65;23,03;18,29;18,13;16,99
05/08/2026 10:32:41 am;14,300;19,16;24,66;23,04;18,28;18,11;16,99
05/08/2026 10:32:41 am;14,350;19,16;24,68;23,05;18,29;18,09;16,99
05/08/2026 10:32:41 am;14,400;19,16;24,70;23,06;18,29;18,07;16,99
05/08/2026 10:32:41 am;14,450;19,16;24,72;23,07;18,28;18,05;16,99
05/08/2026 10:32:41 am;14,500;19,16;24,73;23,08;18,28;18,03;16,99
05/08/2026 10:32:41 am;14,550;19,16;24,75;23,09;18,28;18,02;16,99
05/08/2026 10:32:41 am;14,600;19,16;24,76;23,10;18,29;18,00;16,99
05/08/2026 10:32:41 am;14,650;19,16;24,78;23,11;18,28;17,98;16,99
05/08/2026 10:32:41 am;14,700;19,16;24,79;23,12;18,28;17,96;16,99
05/08/2026 10:32:41 am;14,750;19,16;24,81;23,14;18,29;17,94;16,99
05/08/2026 10:32:41 am;14,800;19,16;24,82;23,15;18,29;17,92;16,99
05/08/2026 10:32:41 am;14,850;19,16;24,84;23,16;18,28;17,90;16,99
05/08/2026 10:32:41 am;14,900;19,16;24,85;23,17;18,28;17,88;16,99
05/08/2026 10:32:41 am;14,950;19,16;24,87;23,18;18,28;17,87;16,99
05/08/2026 10:32:42 am;15,000;19,16;24,89;23,19;18,28;17,84;16,99
05/08/2026 10:32:42 am;15,050;19,16;24,90;23,20;18,28;17,83;16,99
05/08/2026 10:32:42 am;15,100;19,16;24,92;23,21;18,29;17,81;16,99
05/08/2026 10:32:42 am;15,150;19,16;24,93;23,22;18,28;17,79;16,99
05/08/2026 10:32:42 am;15,200;19,16;24,94;23,23;18,28;17,78;17,00
05/08/2026 10:32:42 am;15,250;19,16;24,96;23,24;18,28;17,75;17,00
05/08/2026 10:32:42 am;15,300;19,16;24,97;23,25;18,28;17,74;17,00
05/08/2026 10:32:42 am;15,350;19,16;24,98;23,27;18,28;17,72;17,00
05/08/2026 10:32:42 am;15,400;19,16;25,00;23,27;18,28;17,70;17,00
05/08/2026 10:32:42 am;15,450;19,16;25,01;23,29;18,28;17,68;17,00
05/08/2026 10:32:42 am;15,500;19,16;25,03;23,30;18,29;17,66;17,00
05/08/2026 10:32:42 am;15,550;19,16;25,04;23,31;18,29;17,64;17,00
05/08/2026 10:32:42 am;15,600;19,16;25,05;23,32;18,28;17,63;17,00
05/08/2026 10:32:42 am;15,650;19,16;25,07;23,33;18,28;17,61;17,00
05/08/2026 10:32:42 am;15,700;19,16;25,08;23,34;18,28;17,59;17,00
05/08/2026 10:32:42 am;15,750;19,16;25,10;23,35;18,28;17,57;17,01
05/08/2026 10:32:42 am;15,800;19,16;25,11;23,36;18,28;17,56;17,01
05/08/2026 10:32:42 am;15,850;19,16;25,12;23,37;18,29;17,54;17,01
05/08/2026 10:32:42 am;15,900;19,16;25,14;23,38;18,28;17,52;17,01
05/08/2026 10:32:42 am;15,950;19,16;25,15;23,40;18,28;17,50;17,01
05/08/2026 10:32:43 am;16,000;19,17;25,16;23,40;18,29;17,48;17,01
05/08/2026 10:32:43 am;16,050;19,16;25,18;23,41;18,28;17,46;17,01
05/08/2026 10:32:43 am;16,100;19,16;25,19;23,42;18,28;17,45;17,01
05/08/2026 10:32:43 am;16,150;19,16;25,20;23,43;18,28;17,43;17,01
05/08/2026 10:32:43 am;16,200;19,16;25,22;23,44;18,28;17,41;17,02
05/08/2026 10:32:43 am;16,250;19,16;25,23;23,45;18,28;17,39;17,02
05/08/2026 10:32:43 am;16,300;19,16;25,24;23,46;18,28;17,38;17,02
05/08/2026 10:32:43 am;16,350;19,16;25,26;23,48;18,28;17,36;17,02
05/08/2026 10:32:43 am;16,400;19,17;25,27;23,48;18,28;17,34;17,02
05/08/2026 10:32:43 am;16,450;19,16;25,28;23,49;18,28;17,33;17,02
05/08/2026 10:32:43 am;16,500;19,17;25,29;23,51;18,28;17,31;17,03
05/08/2026 10:32:43 am;16,550;19,16;25,31;23,52;18,28;17,29;17,03
05/08/2026 10:32:43 am;16,600;19,17;25,32;23,53;18,28;17,27;17,03
05/08/2026 10:32:43 am;16,650;19,17;25,33;23,54;18,29;17,25;17,03
05/08/2026 10:32:43 am;16,700;19,16;25,35;23,55;18,29;17,24;17,04
05/08/2026 10:32:43 am;16,750;19,17;25,36;23,56;18,28;17,22;17,04
05/08/2026 10:32:43 am;16,800;19,17;25,38;23,57;18,28;17,20;17,04
05/08/2026 10:32:43 am;16,850;19,17;25,39;23,58;18,28;17,19;17,04
05/08/2026 10:32:43 am;16,900;19,17;25,40;23,59;18,28;17,17;17,04
05/08/2026 10:32:43 am;16,950;19,17;25,42;23,60;18,28;17,16;17,04
05/08/2026 10:32:44 am;17,000;19,17;25,43;23,61;18,29;17,14;17,04
05/08/2026 10:32:44 am;17,050;19,17;25,44;23,62;18,28;17,12;17,04
05/08/2026 10:32:44 am;17,100;19,17;25,45;23,63;18,28;17,10;17,05
05/08/2026 10:32:44 am;17,150;19,17;25,47;23,64;18,28;17,09;17,05
05/08/2026 10:32:44 am;17,200;19,17;25,48;23,66;18,28;17,07;17,05
05/08/2026 10:32:44 am;17,250;19,17;25,49;23,67;18,28;17,05;17,05
05/08/2026 10:32:44 am;17,300;19,17;25,51;23,68;18,28;17,03;17,05
05/08/2026 10:32:44 am;17,350;19,17;25,52;23,69;18,28;17,02;17,06
05/08/2026 10:32:44 am;17,400;19,17;25,53;23,70;18,28;17,00;17,06
05/08/2026 10:32:44 am;17,450;19,17;25,54;23,71;18,28;16,99;17,06
05/08/2026 10:32:44 am;17,500;19,17;25,56;23,72;18,28;16,97;17,06
05/08/2026 10:32:44 am;17,550;19,17;25,57;23,73;18,28;16,96;17,06
05/08/2026 10:32:44 am;17,600;19,17;25,58;23,74;18,28;16,94;17,06
05/08/2026 10:32:44 am;17,650;19,17;25,60;23,75;18,28;16,93;17,06
05/08/2026 10:32:44 am;17,700;19,17;25,61;23,76;18,29;16,91;17,07
05/08/2026 10:32:44 am;17,750;19,17;25,62;23,77;18,28;16,90;17,07
05/08/2026 10:32:44 am;17,800;19,17;25,64;23,78;18,28;16,88;17,07
05/08/2026 10:32:44 am;17,850;19,17;25,65;23,79;18,28;16,87;17,07
05/08/2026 10:32:44 am;17,900;19,17;25,66;23,81;18,28;16,85;17,07
05/08/2026 10:32:44 am;17,950;19,17;25,68;23,82;18,28;16,83;17,08
05/08/2026 10:32:45 am;18,000;19,17;25,69;23,83;18,28;16,82;17,08
05/08/2026 10:32:45 am;18,050;19,17;25,70;23,84;18,28;16,80;17,08
05/08/2026 10:32:45 am;18,100;19,17;25,72;23,85;18,28;16,79;17,08
05/08/2026 10:32:45 am;18,150;19,17;25,73;23,86;18,28;16,77;17,08
05/08/2026 10:32:45 am;18,200;19,17;25,74;23,87;18,28;16,76;17,09
05/08/2026 10:32:45 am;18,250;19,17;25,75;23,88;18,28;16,74;17,09
05/08/2026 10:32:45 am;18,300;19,17;25,76;23,89;18,28;16,73;17,09
05/08/2026 10:32:45 am;18,350;19,17;25,77;23,91;18,28;16,71;17,09
05/08/2026 10:32:45 am;18,400;19,17;25,79;23,92;18,28;16,70;17,09
05/08/2026 10:32:45 am;18,450;19,18;25,80;23,93;18,28;16,68;17,09
05/08/2026 10:32:45 am;18,500;19,18;25,82;23,94;18,28;16,67;17,10
05/08/2026 10:32:45 am;18,550;19,18;25,83;23,95;18,28;16,65;17,10
05/08/2026 10:32:45 am;18,600;19,18;25,84;23,96;18,28;16,64;17,10
05/08/2026 10:32:45 am;18,650;19,18;25,85;23,98;18,28;16,62;17,10
05/08/2026 10:32:45 am;18,700;19,18;25,86;23,99;18,28;16,61;17,11
05/08/2026 10:32:45 am;18,750;19,18;25,88;24,00;18,28;16,59;17,11
05/08/2026 10:32:45 am;18,800;19,18;25,89;24,01;18,28;16,58;17,11
05/08/2026 10:32:45 am;18,850;19,18;25,90;24,02;18,28;16,56;17,11
05/08/2026 10:32:45 am;18,900;19,18;25,91;24,03;18,28;16,55;17,11
05/08/2026 10:32:45 am;18,950;19,18;25,93;24,04;18,28;16,54;17,11
05/08/2026 10:32:46 am;19,000;19,18;25,94;24,05;18,28;16,53;17,12
05/08/2026 10:32:46 am;19,050;19,18;25,95;24,06;18,28;16,51;17,12
05/08/2026 10:32:46 am;19,100;19,18;25,96;24,07;18,28;16,49;17,12
05/08/2026 10:32:46 am;19,150;19,18;25,98;24,09;18,28;16,48;17,12
05/08/2026 10:32:46 am;19,200;19,18;25,99;24,10;18,28;16,47;17,12
05/08/2026 10:32:46 am;19,250;19,18;26,00;24,11;18,28;16,45;17,12
05/08/2026 10:32:46 am;19,300;19,18;26,01;24,12;18,28;16,44;17,13
05/08/2026 10:32:46 am;19,350;19,18;26,02;24,13;18,28;16,43;17,13
05/08/2026 10:32:46 am;19,400;19,18;26,03;24,15;18,28;16,41;17,13
05/08/2026 10:32:46 am;19,450;19,18;26,05;24,16;18,29;16,40;17,13
05/08/2026 10:32:46 am;19,500;19,18;26,06;24,17;18,29;16,38;17,13
05/08/2026 10:32:46 am;19,550;19,18;26,07;24,18;18,28;16,37;17,13
05/08/2026 10:32:46 am;19,600;19,18;26,08;24,19;18,28;16,36;17,13
05/08/2026 10:32:46 am;19,650;19,18;26,09;24,21;18,28;16,34;17,14
05/08/2026 10:32:46 am;19,700;19,18;26,11;24,22;18,28;16,33;17,14
05/08/2026 10:32:46 am;19,750;19,18;26,12;24,23;18,28;16,32;17,14
05/08/2026 10:32:46 am;19,800;19,19;26,13;24,24;18,28;16,30;17,14
05/08/2026 10:32:46 am;19,850;19,18;26,14;24,25;18,28;16,29;17,14
05/08/2026 10:32:46 am;19,900;19,19;26,15;24,26;18,28;16,27;17,15
05/08/2026 10:32:46 am;19,950;19,19;26,16;24,27;18,28;16,26;17,14
05/08/2026 10:32:47 am;20,000;19,19;26,17;24,29;18,28;16,25;17,15
05/08/2026 10:32:47 am;20,050;19,19;26,18;24,30;18,28;16,23;17,15
05/08/2026 10:32:47 am;20,100;19,19;26,20;24,31;18,28;16,22;17,15
05/08/2026 10:32:47 am;20,150;19,19;26,20;24,32;18,28;16,21;17,15
05/08/2026 10:32:47 am;20,200;19,19;26,21;24,34;18,28;16,19;17,16
05/08/2026 10:32:47 am;20,250;19,19;26,23;24,35;18,28;16,18;17,15
05/08/2026 10:32:47 am;20,300;19,19;26,24;24,36;18,28;16,17;17,16
05/08/2026 10:32:47 am;20,350;19,19;26,25;24,37;18,28;16,16;17,16
05/08/2026 10:32:47 am;20,400;19,19;26,26;24,38;18,28;16,14;17,16
05/08/2026 10:32:47 am;20,450;19,19;26,27;24,39;18,28;16,13;17,16
05/08/2026 10:32:47 am;20,500;19,19;26,28;24,40;18,28;16,12;17,16
05/08/2026 10:32:47 am;20,550;19,19;26,29;24,41;18,28;16,10;17,16
05/08/2026 10:32:47 am;20,600;19,19;26,30;24,42;18,28;16,10;17,17
05/08/2026 10:32:47 am;20,650;19,19;26,31;24,44;18,28;16,08;17,17
05/08/2026 10:32:47 am;20,700;19,19;26,32;24,44;18,28;16,07;17,17
05/08/2026 10:32:47 am;20,750;19,19;26,33;24,46;18,28;16,06;17,17
05/08/2026 10:32:47 am;20,800;19,19;26,34;24,47;18,28;16,04;17,17
05/08/2026 10:32:47 am;20,850;19,20;26,35;24,48;18,28;16,03;17,17
05/08/2026 10:32:47 am;20,900;19,19;26,36;24,49;18,28;16,02;17,17
05/08/2026 10:32:47 am;20,950;19,19;26,37;24,50;18,28;16,01;17,17
05/08/2026 10:32:48 am;21,000;19,19;26,38;24,51;18,28;15,99;17,18
05/08/2026 10:32:48 am;21,050;19,19;26,39;24,52;18,28;15,98;17,18
05/08/2026 10:32:48 am;21,100;19,19;26,40;24,53;18,28;15,97;17,18
05/08/2026 10:32:48 am;21,150;19,20;26,41;24,54;18,28;15,96;17,18
05/08/2026 10:32:48 am;21,200;19,20;26,42;24,55;18,28;15,95;17,18
05/08/2026 10:32:48 am;21,250;19,20;26,43;24,56;18,28;15,93;17,18
05/08/2026 10:32:48 am;21,300;19,19;26,44;24,57;18,28;15,92;17,19
05/08/2026 10:32:48 am;21,350;19,20;26,44;24,58;18,28;15,91;17,19
05/08/2026 10:32:48 am;21,400;19,20;26,46;24,59;18,28;15,90;17,19
05/08/2026 10:32:48 am;21,450;19,20;26,46;24,60;18,28;15,89;17,19
05/08/2026 10:32:48 am;21,500;19,20;26,47;24,61;18,28;15,88;17,19
05/08/2026 10:32:48 am;21,550;19,20;26,48;24,62;18,28;15,86;17,19
05/08/2026 10:32:48 am;21,600;19,20;26,49;24,63;18,28;15,85;17,20
05/08/2026 10:32:48 am;21,650;19,20;26,50;24,64;18,28;15,84;17,19
05/08/2026 10:32:48 am;21,700;19,20;26,50;24,64;18,28;15,83;17,20
05/08/2026 10:32:48 am;21,750;19,20;26,51;24,66;18,28;15,82;17,20
05/08/2026 10:32:48 am;21,800;19,20;26,52;24,66;18,28;15,81;17,20
05/08/2026 10:32:48 am;21,850;19,20;26,53;24,68;18,28;15,79;17,20
05/08/2026 10:32:48 am;21,900;19,20;26,54;24,69;18,28;15,78;17,21
05/08/2026 10:32:48 am;21,950;19,20;26,55;24,69;18,28;15,77;17,21
05/08/2026 10:32:49 am;22,000;19,21;26,56;24,71;18,28;15,76;17,21
05/08/2026 10:32:49 am;22,050;19,21;26,56;24,71;18,28;15,75;17,21
05/08/2026 10:32:49 am;22,100;19,20;26,57;24,73;18,28;15,74;17,22
05/08/2026 10:32:49 am;22,150;19,20;26,58;24,73;18,28;15,73;17,21
05/08/2026 10:32:49 am;22,200;19,21;26,59;24,74;18,28;15,72;17,22
05/08/2026 10:32:49 am;22,250;19,21;26,60;24,75;18,28;15,70;17,22
05/08/2026 10:32:49 am;22,300;19,21;26,61;24,77;18,28;15,69;17,22
05/08/2026 10:32:49 am;22,350;19,21;26,62;24,77;18,28;15,68;17,22
05/08/2026 10:32:49 am;22,400;19,21;26,63;24,78;18,28;15,67;17,22
05/08/2026 10:32:49 am;22,450;19,21;26,63;24,79;18,28;15,66;17,22
05/08/2026 10:32:49 am;22,500;19,21;26,64;24,80;18,28;15,65;17,23
05/08/2026 10:32:49 am;22,550;19,21;26,65;24,81;18,28;15,64;17,23
05/08/2026 10:32:49 am;22,600;19,21;26,66;24,83;18,28;15,63;17,23
05/08/2026 10:32:49 am;22,650;19,21;26,67;24,83;18,28;15,62;17,23
05/08/2026 10:32:49 am;22,700;19,21;26,68;24,85;18,28;15,61;17,24
05/08/2026 10:32:49 am;22,750;19,21;26,69;24,85;18,28;15,60;17,23
05/08/2026 10:32:49 am;22,800;19,21;26,70;24,86;18,28;15,59;17,24
05/08/2026 10:32:49 am;22,850;19,21;26,70;24,87;18,28;15,57;17,24
05/08/2026 10:32:49 am;22,900;19,21;26,71;24,88;18,28;15,57;17,24
05/08/2026 10:32:49 am;22,950;19,21;26,72;24,89;18,28;15,55;17,24
05/08/2026 10:32:50 am;23,000;19,21;26,73;24,90;18,28;15,54;17,25
05/08/2026 10:32:50 am;23,050;19,22;26,74;24,91;18,28;15,53;17,25
05/08/2026 10:32:50 am;23,100;19,22;26,75;24,93;18,28;15,52;17,25
05/08/2026 10:32:50 am;23,150;19,22;26,75;24,94;18,28;15,51;17,25
05/08/2026 10:32:50 am;23,200;19,22;26,77;24,95;18,28;15,50;17,25
05/08/2026 10:32:50 am;23,250;19,22;26,77;24,96;18,28;15,50;17,25
05/08/2026 10:32:50 am;23,300;19,22;26,78;24,96;18,28;15,48;17,25
05/08/2026 10:32:50 am;23,350;19,22;26,79;24,97;18,28;15,47;17,25
05/08/2026 10:32:50 am;23,400;19,22;26,80;24,98;18,28;15,47;17,26
05/08/2026 10:32:50 am;23,450;19,22;26,81;24,99;18,28;15,45;17,26
05/08/2026 10:32:50 am;23,500;19,22;26,82;25,00;18,28;15,45;17,26
05/08/2026 10:32:50 am;23,550;19,22;26,82;25,01;18,28;15,43;17,26
05/08/2026 10:32:50 am;23,600;19,22;26,83;25,02;18,28;15,42;17,26
05/08/2026 10:32:50 am;23,650;19,22;26,84;25,03;18,28;15,42;17,26
05/08/2026 10:32:50 am;23,700;19,22;26,85;25,04;18,28;15,40;17,27
05/08/2026 10:32:50 am;23,750;19,22;26,86;25,05;18,28;15,40;17,26
05/08/2026 10:32:50 am;23,800;19,23;26,87;25,06;18,28;15,38;17,27
05/08/2026 10:32:50 am;23,850;19,22;26,88;25,07;18,28;15,38;17,27
05/08/2026 10:32:50 am;23,900;19,22;26,89;25,08;18,28;15,37;17,27
05/08/2026 10:32:50 am;23,950;19,22;26,90;25,09;18,28;15,36;17,27
05/08/2026 10:32:51 am;24,000;19,22;26,90;25,10;18,28;15,35;17,27
05/08/2026 10:32:51 am;24,050;19,23;26,91;25,11;18,28;15,34;17,27
05/08/2026 10:32:51 am;24,100;19,23;26,92;25,12;18,28;15,33;17,28
05/08/2026 10:32:51 am;24,150;19,23;26,93;25,13;18,28;15,32;17,27
05/08/2026 10:32:51 am;24,200;19,23;26,94;25,14;18,28;15,31;17,28
05/08/2026 10:32:51 am;24,250;19,23;26,95;25,15;18,28;15,30;17,27
05/08/2026 10:32:51 am;24,300;19,23;26,96;25,16;18,28;15,29;17,28
05/08/2026 10:32:51 am;24,350;19,23;26,97;25,17;18,28;15,28;17,28
05/08/2026 10:32:51 am;24,400;19,23;26,98;25,18;18,28;15,27;17,28
05/08/2026 10:32:51 am;24,450;19,23;26,99;25,19;18,28;15,26;17,28
05/08/2026 10:32:51 am;24,500;19,23;27,00;25,20;18,28;15,25;17,28
05/08/2026 10:32:51 am;24,550;19,23;27,01;25,22;18,28;15,24;17,28
05/08/2026 10:32:51 am;24,600;19,23;27,02;25,23;18,28;15,24;17,29
05/08/2026 10:32:51 am;24,650;19,23;27,03;25,23;18,28;15,23;17,29
05/08/2026 10:32:51 am;24,700;19,24;27,04;25,24;18,28;15,22;17,29
05/08/2026 10:32:51 am;24,750;19,23;27,05;25,26;18,28;15,21;17,29
05/08/2026 10:32:51 am;24,800;19,23;27,06;25,27;18,28;15,21;17,29
05/08/2026 10:32:51 am;24,850;19,23;27,07;25,28;18,28;15,20;17,29
05/08/2026 10:32:51 am;24,900;19,24;27,08;25,29;18,28;15,19;17,30
05/08/2026 10:32:51 am;24,950;19,24;27,09;25,30;18,28;15,18;17,29
05/08/2026 10:32:52 am;25,000;19,24;27,10;25,31;18,28;15,17;17,30
05/08/2026 10:32:52 am;25,050;19,24;27,11;25,32;18,28;15,16;17,30
05/08/2026 10:32:52 am;25,100;19,24;27,12;25,33;18,28;15,15;17,30
05/08/2026 10:32:52 am;25,150;19,24;27,13;25,34;18,28;15,14;17,30
05/08/2026 10:32:52 am;25,200;19,24;27,14;25,35;18,28;15,13;17,30
05/08/2026 10:32:52 am;25,250;19,24;27,15;25,36;18,28;15,13;17,30
05/08/2026 10:32:52 am;25,300;19,24;27,16;25,36;18,28;15,12;17,30
05/08/2026 10:32:52 am;25,350;19,24;27,17;25,37;18,28;15,11;17,30
05/08/2026 10:32:52 am;25,400;19,24;27,19;25,38;18,28;15,10;17,30
05/08/2026 10:32:52 am;25,450;19,24;27,20;25,39;18,28;15,09;17,31
05/08/2026 10:32:52 am;25,500;19,24;27,21;25,40;18,28;15,08;17,31
05/08/2026 10:32:52 am;25,550;19,25;27,22;25,41;18,28;15,07;17,31
05/08/2026 10:32:52 am;25,600;19,24;27,23;25,42;18,28;15,07;17,31
05/08/2026 10:32:52 am;25,650;19,25;27,24;25,43;18,28;15,06;17,31
05/08/2026 10:32:52 am;25,700;19,25;27,25;25,43;18,28;15,05;17,31
05/08/2026 10:32:52 am;25,750;19,25;27,26;25,44;18,28;15,04;17,31
05/08/2026 10:32:52 am;25,800;19,25;27,27;25,45;18,28;15,03;17,32
05/08/2026 10:32:52 am;25,850;19,25;27,28;25,45;18,28;15,02;17,32
05/08/2026 10:32:52 am;25,900;19,25;27,29;25,46;18,28;15,02;17,32
05/08/2026 10:32:52 am;25,950;19,25;27,30;25,47;18,28;15,01;17,32
05/08/2026 10:32:53 am;26,000;19,25;27,31;25,48;18,28;15,00;17,32
05/08/2026 10:32:53 am;26,050;19,25;27,32;25,48;18,28;14,99;17,32
05/08/2026 10:32:53 am;26,100;19,25;27,33;25,49;18,28;14,98;17,32
05/08/2026 10:32:53 am;26,150;19,26;27,34;25,50;18,28;14,97;17,32
05/08/2026 10:32:53 am;26,200;19,26;27,35;25,50;18,28;14,97;17,32
05/08/2026 10:32:53 am;26,250;19,25;27,36;25,51;18,28;14,96;17,32
05/08/2026 10:32:53 am;26,300;19,26;27,37;25,52;18,28;14,95;17,33
05/08/2026 10:32:53 am;26,350;19,26;27,38;25,53;18,28;14,94;17,33
05/08/2026 10:32:53 am;26,400;19,26;27,39;25,53;18,28;14,94;17,32
05/08/2026 10:32:53 am;26,450;19,26;27,40;25,54;18,28;14,92;17,33
05/08/2026 10:32:53 am;26,500;19,26;27,41;25,54;18,28;14,92;17,33
05/08/2026 10:32:53 am;26,550;19,26;27,42;25,55;18,28;14,91;17,33
05/08/2026 10:32:53 am;26,600;19,26;27,43;25,56;18,28;14,90;17,33
05/08/2026 10:32:53 am;26,650;19,26;27,44;25,56;18,28;14,89;17,33
05/08/2026 10:32:53 am;26,700;19,26;27,45;25,57;18,28;14,88;17,33
05/08/2026 10:32:53 am;26,750;19,26;27,46;25,57;18,28;14,88;17,33
05/08/2026 10:32:53 am;26,800;19,26;27,47;25,58;18,28;14,87;17,33
05/08/2026 10:32:53 am;26,850;19,26;27,48;25,58;18,28;14,86;17,33
05/08/2026 10:32:53 am;26,900;19,26;27,49;25,59;18,28;14,85;17,33
05/08/2026 10:32:53 am;26,950;19,26;27,50;25,60;18,28;14,84;17,33
05/08/2026 10:32:54 am;27,000;19,26;27,51;25,60;18,28;14,83;17,34
05/08/2026 10:32:54 am;27,050;19,27;27,52;25,61;18,28;14,82;17,33
05/08/2026 10:32:54 am;27,100;19,27;27,53;25,61;18,28;14,82;17,33
05/08/2026 10:32:54 am;27,150;19,27;27,54;25,62;18,28;14,81;17,33
05/08/2026 10:32:54 am;27,200;19,27;27,55;25,62;18,28;14,80;17,34
05/08/2026 10:32:54 am;27,250;19,27;27,55;25,62;18,28;14,79;17,33
05/08/2026 10:32:54 am;27,300;19,27;27,57;25,63;18,28;14,79;17,33
05/08/2026 10:32:54 am;27,350;19,27;27,57;25,63;18,28;14,78;17,33
05/08/2026 10:32:54 am;27,400;19,27;27,58;25,64;18,28;14,77;17,34
05/08/2026 10:32:54 am;27,450;19,27;27,59;25,64;18,28;14,76;17,34
05/08/2026 10:32:54 am;27,500;19,27;27,60;25,64;18,28;14,75;17,34
05/08/2026 10:32:54 am;27,550;19,27;27,61;25,65;18,28;14,74;17,34
05/08/2026 10:32:54 am;27,600;19,28;27,62;25,65;18,28;14,74;17,34
05/08/2026 10:32:54 am;27,650;19,28;27,63;25,66;18,28;14,73;17,34
05/08/2026 10:32:54 am;27,700;19,28;27,64;25,66;18,28;14,72;17,34
05/08/2026 10:32:54 am;27,750;19,28;27,65;25,66;18,28;14,71;17,34
05/08/2026 10:32:54 am;27,800;19,28;27,66;25,67;18,28;14,70;17,34
05/08/2026 10:32:54 am;27,850;19,28;27,66;25,67;18,28;14,70;17,34
05/08/2026 10:32:54 am;27,900;19,28;27,67;25,67;18,28;14,69;17,34
05/08/2026 10:32:54 am;27,950;19,28;27,68;25,67;18,28;14,68;17,34
05/08/2026 10:32:55 am;28,000;19,28;27,69;25,67;18,28;14,67;17,34
05/08/2026 10:32:55 am;28,050;19,28;27,70;25,68;18,28;14,67;17,34
05/08/2026 10:32:55 am;28,100;19,28;27,71;25,68;18,28;14,66;17,34
05/08/2026 10:32:55 am;28,150;19,29;27,72;25,68;18,28;14,65;17,34
05/08/2026 10:32:55 am;28,200;19,28;27,73;25,69;18,28;14,64;17,34
05/08/2026 10:32:55 am;28,250;19,29;27,74;25,69;18,28;14,64;17,34
05/08/2026 10:32:55 am;28,300;19,28;27,74;25,69;18,28;14,63;17,34
05/08/2026 10:32:55 am;28,350;19,29;27,76;25,69;18,28;14,62;17,34
05/08/2026 10:32:55 am;28,400;19,29;27,76;25,70;18,28;14,62;17,34
05/08/2026 10:32:55 am;28,450;19,29;27,77;25,70;18,28;14,61;17,34
05/08/2026 10:32:55 am;28,500;19,29;27,78;25,70;18,28;14,60;17,34
05/08/2026 10:32:55 am;28,550;19,29;27,79;25,71;18,28;14,59;17,34
05/08/2026 10:32:55 am;28,600;19,29;27,80;25,71;18,28;14,59;17,34
05/08/2026 10:32:55 am;28,650;19,29;27,80;25,71;18,28;14,58;17,34
05/08/2026 10:32:55 am;28,700;19,29;27,81;25,72;18,28;14,57;17,34
05/08/2026 10:32:55 am;28,750;19,29;27,82;25,72;18,28;14,56;17,34
05/08/2026 10:32:55 am;28,800;19,29;27,83;25,72;18,28;14,56;17,34
05/08/2026 10:32:55 am;28,850;19,30;27,84;25,73;18,28;14,55;17,34
05/08/2026 10:32:55 am;28,900;19,30;27,84;25,73;18,28;14,55;17,35
05/08/2026 10:32:55 am;28,950;19,30;27,85;25,73;18,28;14,54;17,35
05/08/2026 10:32:56 am;29,000;19,30;27,86;25,73;18,28;14,53;17,34
05/08/2026 10:32:56 am;29,050;19,30;27,87;25,74;18,28;14,52;17,35
05/08/2026 10:32:56 am;29,100;19,30;27,88;25,74;18,28;14,52;17,35
05/08/2026 10:32:56 am;29,150;19,30;27,88;25,74;18,28;14,51;17,35
05/08/2026 10:32:56 am;29,200;19,30;27,89;25,74;18,28;14,51;17,35
05/08/2026 10:32:56 am;29,250;19,30;27,90;25,75;18,28;14,50;17,35
05/08/2026 10:32:56 am;29,300;19,31;27,91;25,75;18,28;14,49;17,35
05/08/2026 10:32:56 am;29,350;19,30;27,92;25,75;18,28;14,48;17,35
05/08/2026 10:32:56 am;29,400;19,30;27,92;25,75;18,28;14,47;17,35
05/08/2026 10:32:56 am;29,450;19,31;27,93;25,76;18,28;14,47;17,35
05/08/2026 10:32:56 am;29,500;19,31;27,94;25,76;18,28;14,46;17,35
05/08/2026 10:32:56 am;29,550;19,31;27,94;25,76;18,28;14,46;17,35
05/08/2026 10:32:56 am;29,600;19,31;27,95;25,77;18,28;14,45;17,35
05/08/2026 10:32:56 am;29,650;19,31;27,96;25,77;18,28;14,44;17,35
05/08/2026 10:32:56 am;29,700;19,31;27,97;25,78;18,27;14,43;17,36
05/08/2026 10:32:56 am;29,750;19,31;27,97;25,78;18,28;14,43;17,36
05/08/2026 10:32:56 am;29,800;19,31;27,98;25,79;18,28;14,42;17,36
05/08/2026 10:32:56 am;29,850;19,31;27,99;25,79;18,28;14,41;17,36
05/08/2026 10:32:56 am;29,900;19,31;28,00;25,80;18,28;14,41;17,36
05/08/2026 10:32:56 am;29,950;19,31;28,00;25,81;18,28;14,40;17,36
05/08/2026 10:32:57 am;30,000;19,31;28,01;25,81;18,28;14,39;17,36
05/08/2026 10:32:57 am;30,050;19,32;28,02;25,82;18,28;14,39;17,36
05/08/2026 10:32:57 am;30,100;19,32;28,02;25,83;18,28;14,38;17,36
05/08/2026 10:32:57 am;30,150;19,32;28,03;25,83;18,28;14,38;17,36
05/08/2026 10:32:57 am;30,200;19,32;28,03;25,84;18,28;14,38;17,36
05/08/2026 10:32:57 am;30,250;19,32;28,04;25,85;18,28;14,36;17,36
05/08/2026 10:32:57 am;30,300;19,32;28,05;25,85;18,28;14,36;17,37
05/08/2026 10:32:57 am;30,350;19,32;28,05;25,86;18,28;14,35;17,37
05/08/2026 10:32:57 am;30,400;19,32;28,06;25,87;18,28;14,34;17,37
05/08/2026 10:32:57 am;30,450;19,32;28,07;25,87;18,28;14,34;17,37
05/08/2026 10:32:57 am;30,500;19,33;28,07;25,88;18,28;14,33;17,37
05/08/2026 10:32:57 am;30,550;19,33;28,08;25,88;18,28;14,33;17,37
05/08/2026 10:32:57 am;30,600;19,33;28,09;25,89;18,28;14,32;17,37
05/08/2026 10:32:57 am;30,650;19,33;28,10;25,90;18,28;14,31;17,37
05/08/2026 10:32:57 am;30,700;19,33;28,10;25,90;18,28;14,31;17,37
05/08/2026 10:32:57 am;30,750;19,33;28,11;25,91;18,27;14,31;17,37
05/08/2026 10:32:57 am;30,800;19,33;28,12;25,92;18,28;14,30;17,37
05/08/2026 10:32:57 am;30,850;19,33;28,13;25,92;18,28;14,29;17,37
05/08/2026 10:32:57 am;30,900;19,33;28,13;25,93;18,28;14,29;17,38
05/08/2026 10:32:57 am;30,950;19,33;28,14;25,94;18,28;14,28;17,38
05/08/2026 10:32:58 am;31,000;19,33;28,15;25,94;18,28;14,28;17,38
05/08/2026 10:32:58 am;31,050;19,34;28,16;25,95;18,28;14,27;17,38
05/08/2026 10:32:58 am;31,100;19,34;28,16;25,96;18,28;14,27;17,38
05/08/2026 10:32:58 am;31,150;19,34;28,17;25,96;18,28;14,26;17,38
05/08/2026 10:32:58 am;31,200;19,34;28,18;25,97;18,27;14,25;17,38
05/08/2026 10:32:58 am;31,250;19,34;28,19;25,98;18,28;14,25;17,38
05/08/2026 10:32:58 am;31,300;19,34;28,19;25,99;18,28;14,24;17,38
05/08/2026 10:32:58 am;31,350;19,34;28,20;25,99;18,28;14,24;17,38
05/08/2026 10:32:58 am;31,400;19,34;28,21;26,00;18,28;14,23;17,38
05/08/2026 10:32:58 am;31,450;19,34;28,21;26,01;18,28;14,22;17,38
05/08/2026 10:32:58 am;31,500;19,35;28,22;26,02;18,28;14,22;17,38
05/08/2026 10:32:58 am;31,550;19,34;28,23;26,02;18,27;14,21;17,38
05/08/2026 10:32:58 am;31,600;19,35;28,24;26,03;18,28;14,21;17,38
05/08/2026 10:32:58 am;31,650;19,35;28,24;26,04;18,28;14,20;17,38
05/08/2026 10:32:58 am;31,700;19,35;28,25;26,04;18,28;14,20;17,38
05/08/2026 10:32:58 am;31,750;19,35;28,26;26,05;18,28;14,19;17,38
05/08/2026 10:32:58 am;31,800;19,35;28,26;26,06;18,28;14,18;17,38
05/08/2026 10:32:58 am;31,850;19,35;28,27;26,07;18,28;14,18;17,39
05/08/2026 10:32:58 am;31,900;19,35;28,27;26,07;18,28;14,17;17,38
05/08/2026 10:32:58 am;31,950;19,35;28,28;26,08;18,28;14,17;17,39
05/08/2026 10:32:59 am;32,000;19,36;28,29;26,09;18,28;14,16;17,38
05/08/2026 10:32:59 am;32,050;19,36;28,30;26,09;18,28;14,16;17,39
05/08/2026 10:32:59 am;32,100;19,36;28,30;26,10;18,28;14,15;17,39
05/08/2026 10:32:59 am;32,150;19,36;28,31;26,11;18,27;14,14;17,39
05/08/2026 10:32:59 am;32,200;19,36;28,31;26,12;18,27;14,14;17,39
05/08/2026 10:32:59 am;32,250;19,36;28,32;26,13;18,28;14,13;17,39
05/08/2026 10:32:59 am;32,300;19,36;28,33;26,13;18,27;14,13;17,39
05/08/2026 10:32:59 am;32,350;19,36;28,33;26,14;18,28;14,12;17,39
05/08/2026 10:32:59 am;32,400;19,36;28,34;26,15;18,28;14,12;17,39
05/08/2026 10:32:59 am;32,450;19,36;28,35;26,15;18,27;14,11;17,39
05/08/2026 10:32:59 am;32,500;19,37;28,36;26,16;18,27;14,11;17,39
05/08/2026 10:32:59 am;32,550;19,36;28,36;26,17;18,28;14,10;17,39
05/08/2026 10:32:59 am;32,600;19,37;28,37;26,18;18,28;14,10;17,39
05/08/2026 10:32:59 am;32,650;19,37;28,37;26,18;18,28;14,09;17,39
05/08/2026 10:32:59 am;32,700;19,37;28,38;26,19;18,27;14,09;17,39
05/08/2026 10:32:59 am;32,750;19,37;28,38;26,20;18,27;14,08;17,39
05/08/2026 10:32:59 am;32,800;19,37;28,39;26,21;18,28;14,07;17,39
05/08/2026 10:32:59 am;32,850;19,37;28,39;26,21;18,27;14,07;17,39
05/08/2026 10:32:59 am;32,900;19,37;28,40;26,22;18,28;14,06;17,39
05/08/2026 10:32:59 am;32,950;19,37;28,40;26,23;18,27;14,06;17,39
05/08/2026 10:33:00 am;33,000;19,37;28,41;26,24;18,28;14,06;17,39
05/08/2026 10:33:00 am;33,050;19,37;28,41;26,25;18,27;14,05;17,39
05/08/2026 10:33:00 am;33,100;19,37;28,42;26,25;18,28;14,04;17,39
05/08/2026 10:33:00 am;33,150;19,38;28,42;26,26;18,27;14,04;17,39
05/08/2026 10:33:00 am;33,200;19,38;28,43;26,28;18,27;14,03;17,39
05/08/2026 10:33:00 am;33,250;19,38;28,43;26,28;18,27;14,03;17,39
05/08/2026 10:33:00 am;33,300;19,38;28,44;26,29;18,28;14,03;17,40
05/08/2026 10:33:00 am;33,350;19,38;28,44;26,30;18,27;14,02;17,40
05/08/2026 10:33:00 am;33,400;19,38;28,45;26,31;18,27;14,01;17,40
05/08/2026 10:33:00 am;33,450;19,38;28,45;26,32;18,28;14,01;17,40
05/08/2026 10:33:00 am;33,500;19,38;28,46;26,32;18,28;14,01;17,40
05/08/2026 10:33:00 am;33,550;19,39;28,46;26,33;18,27;14,00;17,40
05/08/2026 10:33:00 am;33,600;19,38;28,47;26,34;18,27;13,99;17,40
05/08/2026 10:33:00 am;33,650;19,39;28,47;26,35;18,28;13,99;17,40
05/08/2026 10:33:00 am;33,700;19,39;28,47;26,36;18,28;13,99;17,40
05/08/2026 10:33:00 am;33,750;19,39;28,48;26,37;18,28;13,98;17,40
05/08/2026 10:33:00 am;33,800;19,39;28,48;26,38;18,27;13,98;17,41
05/08/2026 10:33:00 am;33,850;19,39;28,49;26,39;18,27;13,97;17,40
05/08/2026 10:33:00 am;33,900;19,39;28,49;26,40;18,27;13,97;17,41
05/08/2026 10:33:00 am;33,950;19,39;28,49;26,41;18,27;13,97;17,41
05/08/2026 10:33:01 am;34,000;19,39;28,50;26,42;18,27;13,96;17,41
05/08/2026 10:33:01 am;34,050;19,40;28,50;26,42;18,27;13,95;17,41
05/08/2026 10:33:01 am;34,100;19,39;28,50;26,44;18,27;13,95;17,41
05/08/2026 10:33:01 am;34,150;19,40;28,51;26,44;18,27;13,94;17,41
05/08/2026 10:33:01 am;34,200;19,40;28,51;26,45;18,27;13,94;17,41
05/08/2026 10:33:01 am;34,250;19,40;28,51;26,46;18,27;13,94;17,41
05/08/2026 10:33:01 am;34,300;19,40;28,51;26,47;18,27;13,93;17,41
05/08/2026 10:33:01 am;34,350;19,40;28,52;26,48;18,28;13,92;17,41
05/08/2026 10:33:01 am;34,400;19,40;28,52;26,49;18,27;13,92;17,41
05/08/2026 10:33:01 am;34,450;19,40;28,52;26,50;18,27;13,92;17,42
05/08/2026 10:33:01 am;34,500;19,41;28,53;26,50;18,27;13,91;17,42
05/08/2026 10:33:01 am;34,550;19,41;28,53;26,51;18,27;13,91;17,42
05/08/2026 10:33:01 am;34,600;19,41;28,53;26,51;18,27;13,90;17,42
05/08/2026 10:33:01 am;34,650;19,41;28,54;26,52;18,27;13,90;17,42
05/08/2026 10:33:01 am;34,700;19,41;28,54;26,53;18,27;13,90;17,42
05/08/2026 10:33:01 am;34,750;19,41;28,54;26,54;18,27;13,89;17,42
05/08/2026 10:33:01 am;34,800;19,41;28,55;26,55;18,27;13,89;17,42
05/08/2026 10:33:01 am;34,850;19,42;28,55;26,56;18,27;13,88;17,42
05/08/2026 10:33:01 am;34,900;19,41;28,56;26,57;18,27;13,87;17,42
05/08/2026 10:33:01 am;34,950;19,42;28,56;26,58;18,27;13,87;17,42
05/08/2026 10:33:02 am;35,000;19,42;28,57;26,59;18,27;13,87;17,42
05/08/2026 10:33:02 am;35,050;19,42;28,57;26,59;18,27;13,86;17,43
05/08/2026 10:33:02 am;35,100;19,42;28,57;26,60;18,27;13,86;17,42
05/08/2026 10:33:02 am;35,150;19,42;28,58;26,61;18,27;13,85;17,42
05/08/2026 10:33:02 am;35,200;19,42;28,58;26,62;18,27;13,85;17,42
05/08/2026 10:33:02 am;35,250;19,42;28,59;26,63;18,28;13,84;17,42
05/08/2026 10:33:02 am;35,300;19,42;28,60;26,63;18,27;13,84;17,43
05/08/2026 10:33:02 am;35,350;19,42;28,60;26,64;18,27;13,83;17,43
05/08/2026 10:33:02 am;35,400;19,42;28,60;26,65;18,27;13,83;17,43
05/08/2026 10:33:02 am;35,450;19,42;28,61;26,66;18,27;13,83;17,43
05/08/2026 10:33:02 am;35,500;19,43;28,61;26,67;18,27;13,81;17,43
05/08/2026 10:33:02 am;35,550;19,42;28,62;26,68;18,27;13,81;17,43
05/08/2026 10:33:02 am;35,600;19,43;28,62;26,69;18,27;13,81;17,43
05/08/2026 10:33:02 am;35,650;19,43;28,63;26,70;18,27;13,80;17,43
05/08/2026 10:33:02 am;35,700;19,43;28,63;26,70;18,27;13,79;17,43
05/08/2026 10:33:02 am;35,750;19,43;28,64;26,71;18,27;13,79;17,43
05/08/2026 10:33:02 am;35,800;19,43;28,64;26,72;18,27;13,79;17,43
05/08/2026 10:33:02 am;35,850;19,43;28,65;26,73;18,27;13,78;17,43
05/08/2026 10:33:02 am;35,900;19,43;28,65;26,73;18,27;13,77;17,43
05/08/2026 10:33:02 am;35,950;19,43;28,66;26,74;18,27;13,77;17,43
05/08/2026 10:33:03 am;36,000;19,43;28,66;26,75;18,27;13,76;17,43
05/08/2026 10:33:03 am;36,050;19,43;28,66;26,76;18,27;13,76;17,43
05/08/2026 10:33:03 am;36,100;19,44;28,66;26,77;18,27;13,75;17,44
05/08/2026 10:33:03 am;36,150;19,44;28,67;26,77;18,27;13,75;17,44
05/08/2026 10:33:03 am;36,200;19,44;28,67;26,78;18,27;13,74;17,44
05/08/2026 10:33:03 am;36,250;19,44;28,67;26,79;18,27;13,74;17,44
05/08/2026 10:33:03 am;36,300;19,44;28,68;26,80;18,27;13,73;17,44
05/08/2026 10:33:03 am;36,350;19,44;28,68;26,80;18,27;13,73;17,44
05/08/2026 10:33:03 am;36,400;19,44;28,68;26,82;18,27;13,72;17,44
05/08/2026 10:33:03 am;36,450;19,44;28,68;26,82;18,27;13,72;17,45
05/08/2026 10:33:03 am;36,500;19,44;28,69;26,83;18,27;13,71;17,45
05/08/2026 10:33:03 am;36,550;19,44;28,69;26,84;18,27;13,71;17,45
05/08/2026 10:33:03 am;36,600;19,44;28,69;26,85;18,27;13,70;17,45
05/08/2026 10:33:03 am;36,650;19,44;28,69;26,86;18,27;13,70;17,46
05/08/2026 10:33:03 am;36,700;19,45;28,70;26,86;18,27;13,69;17,46
05/08/2026 10:33:03 am;36,750;19,45;28,70;26,87;18,27;13,69;17,46
05/08/2026 10:33:03 am;36,800;19,45;28,70;26,88;18,27;13,68;17,46
05/08/2026 10:33:03 am;36,850;19,45;28,70;26,89;18,27;13,68;17,46
05/08/2026 10:33:03 am;36,900;19,45;28,71;26,90;18,27;13,68;17,47
05/08/2026 10:33:03 am;36,950;19,45;28,71;26,90;18,27;13,67;17,47
05/08/2026 10:33:04 am;37,000;19,45;28,71;26,91;18,27;13,67;17,47
05/08/2026 10:33:04 am;37,050;19,45;28,72;26,92;18,27;13,66;17,47
05/08/2026 10:33:04 am;37,100;19,45;28,72;26,93;18,27;13,65;17,48
05/08/2026 10:33:04 am;37,150;19,45;28,73;26,94;18,27;13,65;17,48
05/08/2026 10:33:04 am;37,200;19,45;28,73;26,94;18,27;13,65;17,48
05/08/2026 10:33:04 am;37,250;19,46;28,73;26,95;18,27;13,64;17,48
05/08/2026 10:33:04 am;37,300;19,46;28,74;26,96;18,27;13,64;17,49
05/08/2026 10:33:04 am;37,350;19,46;28,74;26,97;18,27;13,63;17,49
05/08/2026 10:33:04 am;37,400;19,46;28,74;26,98;18,27;13,63;17,49
05/08/2026 10:33:04 am;37,450;19,46;28,75;26,98;18,27;13,62;17,49
05/08/2026 10:33:04 am;37,500;19,46;28,75;26,99;18,27;13,62;17,50
05/08/2026 10:33:04 am;37,550;19,46;28,75;27,00;18,27;13,61;17,50
05/08/2026 10:33:04 am;37,600;19,46;28,76;27,01;18,27;13,61;17,51
05/08/2026 10:33:04 am;37,650;19,46;28,76;27,01;18,27;13,60;17,51
05/08/2026 10:33:04 am;37,700;19,46;28,76;27,02;18,27;13,60;17,51
05/08/2026 10:33:04 am;37,750;19,46;28,76;27,03;18,27;13,60;17,51
05/08/2026 10:33:04 am;37,800;19,47;28,77;27,04;18,27;13,59;17,52
05/08/2026 10:33:04 am;37,850;19,47;28,78;27,04;18,27;13,59;17,52
05/08/2026 10:33:04 am;37,900;19,47;28,78;27,05;18,27;13,59;17,52
05/08/2026 10:33:04 am;37,950;19,47;28,79;27,06;18,27;13,58;17,52
05/08/2026 10:33:05 am;38,000;19,47;28,79;27,07;18,27;13,57;17,52
05/08/2026 10:33:05 am;38,050;19,47;28,79;27,07;18,27;13,57;17,53
05/08/2026 10:33:05 am;38,100;19,47;28,80;27,08;18,27;13,57;17,53
05/08/2026 10:33:05 am;38,150;19,47;28,80;27,09;18,27;13,56;17,53
05/08/2026 10:33:05 am;38,200;19,47;28,81;27,10;18,27;13,56;17,53
05/08/2026 10:33:05 am;38,250;19,47;28,81;27,10;18,27;13,55;17,53
05/08/2026 10:33:05 am;38,300;19,47;28,82;27,11;18,27;13,55;17,53
05/08/2026 10:33:05 am;38,350;19,48;28,82;27,11;18,27;13,55;17,54
05/08/2026 10:33:05 am;38,400;19,48;28,83;27,12;18,27;13,54;17,54
05/08/2026 10:33:05 am;38,450;19,48;28,84;27,13;18,27;13,54;17,54
05/08/2026 10:33:05 am;38,500;19,48;28,84;27,14;18,27;13,53;17,54
05/08/2026 10:33:05 am;38,550;19,48;28,85;27,14;18,27;13,53;17,54
05/08/2026 10:33:05 am;38,600;19,48;28,85;27,15;18,27;13,53;17,54
05/08/2026 10:33:05 am;38,650;19,48;28,86;27,16;18,27;13,52;17,54
05/08/2026 10:33:05 am;38,700;19,48;28,86;27,17;18,27;13,52;17,54
05/08/2026 10:33:05 am;38,750;19,48;28,87;27,17;18,27;13,52;17,55
05/08/2026 10:33:05 am;38,800;19,48;28,87;27,18;18,27;13,51;17,55
05/08/2026 10:33:05 am;38,850;19,48;28,88;27,19;18,27;13,51;17,55
05/08/2026 10:33:05 am;38,900;19,48;28,88;27,19;18,27;13,50;17,54
05/08/2026 10:33:05 am;38,950;19,48;28,89;27,20;18,27;13,50;17,55
05/08/2026 10:33:06 am;39,000;19,49;28,89;27,21;18,27;13,50;17,55
05/08/2026 10:33:06 am;39,050;19,49;28,90;27,21;18,27;13,50;17,55
05/08/2026 10:33:06 am;39,100;19,49;28,90;27,22;18,27;13,49;17,55
05/08/2026 10:33:06 am;39,150;19,49;28,91;27,23;18,27;13,49;17,55
05/08/2026 10:33:06 am;39,200;19,49;28,91;27,23;18,27;13,49;17,55
05/08/2026 10:33:06 am;39,250;19,49;28,92;27,24;18,27;13,48;17,55
05/08/2026 10:33:06 am;39,300;19,49;28,93;27,24;18,27;13,48;17,55
05/08/2026 10:33:06 am;39,350;19,49;28,93;27,25;18,27;13,48;17,55
05/08/2026 10:33:06 am;39,400;19,49;28,94;27,26;18,27;13,47;17,55
05/08/2026 10:33:06 am;39,450;19,49;28,94;27,26;18,27;13,47;17,55
05/08/2026 10:33:06 am;39,500;19,49;28,95;27,27;18,27;13,46;17,55
05/08/2026 10:33:06 am;39,550;19,49;28,95;27,27;18,27;13,46;17,55
05/08/2026 10:33:06 am;39,600;19,49;28,96;27,28;18,27;13,45;17,55
05/08/2026 10:33:06 am;39,650;19,49;28,97;27,28;18,27;13,45;17,55
05/08/2026 10:33:06 am;39,700;19,50;28,97;27,29;18,27;13,45;17,55
05/08/2026 10:33:06 am;39,750;19,50;28,98;27,30;18,27;13,44;17,55
05/08/2026 10:33:06 am;39,800;19,50;28,98;27,30;18,27;13,44;17,55
05/08/2026 10:33:06 am;39,850;19,50;28,99;27,31;18,27;13,43;17,55
05/08/2026 10:33:06 am;39,900;19,50;28,99;27,31;18,27;13,43;17,55
05/08/2026 10:33:06 am;39,950;19,50;29,00;27,32;18,27;13,43;17,55
05/08/2026 10:33:07 am;40,000;19,50;29,01;27,32;18,27;13,42;17,55
05/08/2026 10:33:07 am;40,050;19,50;29,02;27,33;18,27;13,42;17,55
05/08/2026 10:33:07 am;40,100;19,50;29,02;27,33;18,27;13,42;17,54
05/08/2026 10:33:07 am;40,150;19,50;29,03;27,34;18,27;13,41;17,54
05/08/2026 10:33:07 am;40,200;19,50;29,03;27,35;18,27;13,41;17,54
05/08/2026 10:33:07 am;40,250;19,50;29,04;27,36;18,27;13,40;17,54
05/08/2026 10:33:07 am;40,300;19,50;29,05;27,36;18,27;13,40;17,54
05/08/2026 10:33:07 am;40,350;19,51;29,05;27,37;18,27;13,40;17,54
05/08/2026 10:33:07 am;40,400;19,50;29,06;27,37;18,27;13,39;17,54
05/08/2026 10:33:07 am;40,450;19,51;29,07;27,38;18,27;13,39;17,54
05/08/2026 10:33:07 am;40,500;19,51;29,07;27,38;18,27;13,38;17,54
05/08/2026 10:33:07 am;40,550;19,51;29,08;27,39;18,27;13,38;17,54
05/08/2026 10:33:07 am;40,600;19,51;29,08;27,39;18,26;13,37;17,54
05/08/2026 10:33:07 am;40,650;19,51;29,09;27,39;18,27;13,37;17,54
05/08/2026 10:33:07 am;40,700;19,51;29,10;27,40;18,27;13,37;17,54
05/08/2026 10:33:07 am;40,750;19,51;29,10;27,41;18,27;13,37;17,54
05/08/2026 10:33:07 am;40,800;19,51;29,11;27,41;18,27;13,36;17,54
05/08/2026 10:33:07 am;40,850;19,51;29,11;27,42;18,27;13,36;17,54
05/08/2026 10:33:07 am;40,900;19,51;29,12;27,42;18,27;13,35;17,54
05/08/2026 10:33:07 am;40,950;19,51;29,13;27,42;18,26;13,35;17,53
05/08/2026 10:33:08 am;41,000;19,51;29,13;27,43;18,26;13,34;17,54
05/08/2026 10:33:08 am;41,050;19,51;29,14;27,44;18,27;13,34;17,53
05/08/2026 10:33:08 am;41,100;19,52;29,14;27,44;18,27;13,34;17,53
05/08/2026 10:33:08 am;41,150;19,52;29,15;27,44;18,26;13,34;17,53
05/08/2026 10:33:08 am;41,200;19,52;29,15;27,45;18,27;13,33;17,53
05/08/2026 10:33:08 am;41,250;19,52;29,16;27,45;18,26;13,33;17,53
05/08/2026 10:33:08 am;41,300;19,51;29,17;27,46;18,27;13,33;17,53
05/08/2026 10:33:08 am;41,350;19,52;29,17;27,46;18,27;13,32;17,53
05/08/2026 10:33:08 am;41,400;19,52;29,18;27,46;18,26;13,32;17,53
05/08/2026 10:33:08 am;41,450;19,52;29,18;27,47;18,26;13,32;17,53
05/08/2026 10:33:08 am;41,500;19,52;29,19;27,48;18,26;13,32;17,53
05/08/2026 10:33:08 am;41,550;19,52;29,19;27,48;18,26;13,31;17,53
05/08/2026 10:33:08 am;41,600;19,52;29,20;27,48;18,27;13,31;17,53
05/08/2026 10:33:08 am;41,650;19,52;29,20;27,49;18,26;13,30;17,53
05/08/2026 10:33:08 am;41,700;19,52;29,21;27,49;18,27;13,30;17,53
05/08/2026 10:33:08 am;41,750;19,52;29,21;27,50;18,26;13,30;17,53
05/08/2026 10:33:08 am;41,800;19,52;29,22;27,50;18,26;13,29;17,53
05/08/2026 10:33:08 am;41,850;19,52;29,22;27,51;18,26;13,29;17,53
05/08/2026 10:33:08 am;41,900;19,52;29,23;27,51;18,26;13,29;17,53
05/08/2026 10:33:08 am;41,950;19,52;29,23;27,52;18,26;13,29;17,53
05/08/2026 10:33:09 am;42,000;19,52;29,24;27,52;18,26;13,28;17,53
05/08/2026 10:33:09 am;42,050;19,53;29,24;27,52;18,26;13,28;17,53
05/08/2026 10:33:09 am;42,100;19,52;29,25;27,53;18,26;13,28;17,53
05/08/2026 10:33:09 am;42,150;19,53;29,25;27,53;18,26;13,27;17,53
05/08/2026 10:33:09 am;42,200;19,53;29,26;27,54;18,26;13,27;17,53
05/08/2026 10:33:09 am;42,250;19,53;29,26;27,54;18,26;13,26;17,53
05/08/2026 10:33:09 am;42,300;19,53;29,26;27,55;18,26;13,26;17,52
05/08/2026 10:33:09 am;42,350;19,53;29,27;27,55;18,26;13,26;17,52
05/08/2026 10:33:09 am;42,400;19,53;29,27;27,55;18,27;13,26;17,52
05/08/2026 10:33:09 am;42,450;19,53;29,27;27,56;18,26;13,26;17,52
05/08/2026 10:33:09 am;42,500;19,53;29,28;27,56;18,26;13,25;17,52
05/08/2026 10:33:09 am;42,550;19,53;29,28;27,56;18,26;13,25;17,52
05/08/2026 10:33:09 am;42,600;19,53;29,28;27,57;18,26;13,24;17,52
05/08/2026 10:33:09 am;42,650;19,53;29,28;27,57;18,26;13,24;17,52
05/08/2026 10:33:09 am;42,700;19,53;29,29;27,57;18,26;13,24;17,52
05/08/2026 10:33:09 am;42,750;19,53;29,29;27,58;18,26;13,24;17,52
05/08/2026 10:33:09 am;42,800;19,53;29,29;27,58;18,26;13,23;17,52
05/08/2026 10:33:09 am;42,850;19,53;29,29;27,58;18,26;13,23;17,52
05/08/2026 10:33:09 am;42,900;19,53;29,30;27,58;18,26;13,23;17,52
05/08/2026 10:33:09 am;42,950;19,53;29,30;27,59;18,26;13,22;17,52
05/08/2026 10:33:10 am;43,000;19,53;29,30;27,59;18,26;13,22;17,51
05/08/2026 10:33:10 am;43,050;19,53;29,30;27,59;18,26;13,22;17,51
05/08/2026 10:33:10 am;43,100;19,53;29,30;27,59;18,26;13,22;17,51
05/08/2026 10:33:10 am;43,150;19,53;29,31;27,60;18,26;13,21;17,51
05/08/2026 10:33:10 am;43,200;19,54;29,31;27,60;18,26;13,21;17,51
05/08/2026 10:33:10 am;43,250;19,53;29,31;27,60;18,26;13,21;17,51
05/08/2026 10:33:10 am;43,300;19,54;29,31;27,60;18,26;13,21;17,51
05/08/2026 10:33:10 am;43,350;19,53;29,31;27,61;18,26;13,20;17,51
05/08/2026 10:33:10 am;43,400;19,54;29,32;27,61;18,26;13,20;17,51
05/08/2026 10:33:10 am;43,450;19,53;29,32;27,61;18,26;13,19;17,51
05/08/2026 10:33:10 am;43,500;19,54;29,32;27,62;18,26;13,19;17,51
05/08/2026 10:33:10 am;43,550;19,54;29,33;27,62;18,26;13,19;17,51
05/08/2026 10:33:10 am;43,600;19,54;29,33;27,62;18,26;13,18;17,51
05/08/2026 10:33:10 am;43,650;19,54;29,33;27,62;18,26;13,18;17,50
05/08/2026 10:33:10 am;43,700;19,53;29,34;27,63;18,26;13,18;17,51
05/08/2026 10:33:10 am;43,750;19,54;29,34;27,63;18,26;13,18;17,51
05/08/2026 10:33:10 am;43,800;19,54;29,34;27,63;18,26;13,17;17,51
05/08/2026 10:33:10 am;43,850;19,54;29,34;27,64;18,26;13,17;17,50
05/08/2026 10:33:10 am;43,900;19,54;29,35;27,64;18,26;13,17;17,50
05/08/2026 10:33:10 am;43,950;19,54;29,35;27,64;18,26;13,17;17,50
05/08/2026 10:33:11 am;44,000;19,54;29,35;27,64;18,26;13,16;17,50
05/08/2026 10:33:11 am;44,050;19,54;29,36;27,64;18,26;13,16;17,50
05/08/2026 10:33:11 am;44,100;19,54;29,36;27,64;18,26;13,15;17,50
05/08/2026 10:33:11 am;44,150;19,54;29,36;27,64;18,26;13,15;17,50
05/08/2026 10:33:11 am;44,200;19,54;29,37;27,64;18,26;13,15;17,50
05/08/2026 10:33:11 am;44,250;19,54;29,37;27,64;18,26;13,15;17,50
05/08/2026 10:33:11 am;44,300;19,54;29,37;27,64;18,26;13,14;17,49
05/08/2026 10:33:11 am;44,350;19,54;29,38;27,65;18,26;13,14;17,49
05/08/2026 10:33:11 am;44,400;19,54;29,38;27,65;18,26;13,14;17,49
05/08/2026 10:33:11 am;44,450;19,54;29,38;27,65;18,26;13,14;17,49
05/08/2026 10:33:11 am;44,500;19,54;29,39;27,65;18,26;13,13;17,49
05/08/2026 10:33:11 am;44,550;19,54;29,39;27,65;18,26;13,13;17,49
05/08/2026 10:33:11 am;44,600;19,54;29,39;27,66;18,26;13,13;17,49
05/08/2026 10:33:11 am;44,650;19,54;29,40;27,66;18,26;13,13;17,49
05/08/2026 10:33:11 am;44,700;19,54;29,40;27,66;18,26;13,12;17,49
05/08/2026 10:33:11 am;44,750;19,54;29,40;27,66;18,26;13,12;17,49
05/08/2026 10:33:11 am;44,800;19,55;29,41;27,67;18,26;13,12;17,49
05/08/2026 10:33:11 am;44,850;19,54;29,42;27,67;18,26;13,12;17,49
05/08/2026 10:33:11 am;44,900;19,55;29,41;27,67;18,26;13,11;17,49
05/08/2026 10:33:11 am;44,950;19,54;29,42;27,67;18,26;13,11;17,49
05/08/2026 10:33:12 am;45,000;19,54;29,42;27,67;18,26;13,11;17,49
05/08/2026 10:33:12 am;45,050;19,55;29,42;27,67;18,26;13,11;17,49
05/08/2026 10:33:12 am;45,100;19,55;29,43;27,67;18,26;13,10;17,48
05/08/2026 10:33:12 am;45,150;19,54;29,43;27,68;18,26;13,10;17,48
05/08/2026 10:33:12 am;45,200;19,55;29,44;27,67;18,26;13,10;17,48
05/08/2026 10:33:12 am;45,250;19,55;29,43;27,68;18,26;13,10;17,48
05/08/2026 10:33:12 am;45,300;19,54;29,44;27,68;18,26;13,09;17,48
05/08/2026 10:33:12 am;45,350;19,55;29,44;27,68;18,26;13,09;17,48
05/08/2026 10:33:12 am;45,400;19,55;29,44;27,68;18,26;13,09;17,48
05/08/2026 10:33:12 am;45,450;19,54;29,44;27,68;18,26;13,09;17,48
05/08/2026 10:33:12 am;45,500;19,55;29,44;27,68;18,26;13,09;17,48
05/08/2026 10:33:12 am;45,550;19,55;29,45;27,68;18,26;13,08;17,48
05/08/2026 10:33:12 am;45,600;19,55;29,45;27,68;18,26;13,08;17,48
05/08/2026 10:33:12 am;45,650;19,55;29,45;27,68;18,26;13,08;17,48
05/08/2026 10:33:12 am;45,700;19,55;29,45;27,68;18,26;13,07;17,47
05/08/2026 10:33:12 am;45,750;19,55;29,45;27,68;18,26;13,07;17,47
05/08/2026 10:33:12 am;45,800;19,55;29,45;27,68;18,26;13,07;17,47
05/08/2026 10:33:12 am;45,850;19,55;29,45;27,69;18,26;13,07;17,47
05/08/2026 10:33:12 am;45,900;19,55;29,45;27,69;18,25;13,06;17,47
05/08/2026 10:33:12 am;45,950;19,55;29,45;27,69;18,26;13,06;17,47
05/08/2026 10:33:13 am;46,000;19,55;29,45;27,69;18,26;13,06;17,47
05/08/2026 10:33:13 am;46,050;19,55;29,46;27,70;18,26;13,06;17,47
05/08/2026 10:33:13 am;46,100;19,55;29,46;27,70;18,26;13,06;17,47
05/08/2026 10:33:13 am;46,150;19,55;29,46;27,70;18,26;13,06;17,47
05/08/2026 10:33:13 am;46,200;19,55;29,46;27,71;18,25;13,05;17,47
05/08/2026 10:33:13 am;46,250;19,55;29,46;27,71;18,25;13,05;17,47
05/08/2026 10:33:13 am;46,300;19,55;29,46;27,71;18,26;13,05;17,46
05/08/2026 10:33:13 am;46,350;19,55;29,46;27,72;18,25;13,05;17,46
05/08/2026 10:33:13 am;46,400;19,55;29,46;27,72;18,25;13,04;17,46
05/08/2026 10:33:13 am;46,450;19,55;29,47;27,73;18,26;13,04;17,46
05/08/2026 10:33:13 am;46,500;19,55;29,47;27,73;18,26;13,03;17,46
05/08/2026 10:33:13 am;46,550;19,55;29,47;27,74;18,26;13,03;17,46
05/08/2026 10:33:13 am;46,600;19,55;29,47;27,74;18,26;13,03;17,46
05/08/2026 10:33:13 am;46,650;19,55;29,47;27,75;18,26;13,02;17,46
05/08/2026 10:33:13 am;46,700;19,55;29,47;27,75;18,25;13,02;17,46
05/08/2026 10:33:13 am;46,750;19,55;29,47;27,76;18,25;13,02;17,46
05/08/2026 10:33:13 am;46,800;19,55;29,48;27,76;18,26;13,02;17,45
05/08/2026 10:33:13 am;46,850;19,55;29,48;27,77;18,25;13,02;17,46
05/08/2026 10:33:13 am;46,900;19,55;29,48;27,77;18,26;13,01;17,45
05/08/2026 10:33:13 am;46,950;19,55;29,48;27,77;18,25;13,01;17,45
05/08/2026 10:33:14 am;47,000;19,55;29,48;27,78;18,26;13,01;17,45
05/08/2026 10:33:14 am;47,050;19,55;29,49;27,78;18,25;13,01;17,46
05/08/2026 10:33:14 am;47,100;19,55;29,49;27,78;18,25;13,01;17,45
05/08/2026 10:33:14 am;47,150;19,55;29,49;27,78;18,25;13,01;17,46
05/08/2026 10:33:14 am;47,200;19,55;29,49;27,79;18,26;13,00;17,45
05/08/2026 10:33:14 am;47,250;19,55;29,50;27,79;18,26;13,00;17,45
05/08/2026 10:33:14 am;47,300;19,55;29,50;27,79;18,26;13,00;17,45
05/08/2026 10:33:14 am;47,350;19,56;29,50;27,79;18,25;12,99;17,45
05/08/2026 10:33:14 am;47,400;19,56;29,51;27,80;18,25;12,99;17,45
05/08/2026 10:33:14 am;47,450;19,56;29,51;27,80;18,25;12,99;17,45
05/08/2026 10:33:14 am;47,500;19,56;29,51;27,80;18,25;12,99;17,45
05/08/2026 10:33:14 am;47,550;19,56;29,51;27,80;18,25;12,99;17,45
05/08/2026 10:33:14 am;47,600;19,56;29,52;27,80;18,25;12,98;17,45
05/08/2026 10:33:14 am;47,650;19,55;29,52;27,80;18,25;12,98;17,45
05/08/2026 10:33:14 am;47,700;19,56;29,53;27,80;18,25;12,98;17,45
05/08/2026 10:33:14 am;47,750;19,56;29,53;27,80;18,25;12,98;17,45
05/08/2026 10:33:14 am;47,800;19,55;29,54;27,80;18,25;12,97;17,45
05/08/2026 10:33:14 am;47,850;19,56;29,54;27,80;18,25;12,97;17,45
05/08/2026 10:33:14 am;47,900;19,56;29,54;27,80;18,25;12,97;17,44
05/08/2026 10:33:14 am;47,950;19,56;29,54;27,80;18,25;12,97;17,44
05/08/2026 10:33:15 am;48,000;19,56;29,55;27,80;18,25;12,97;17,44
05/08/2026 10:33:15 am;48,050;19,56;29,55;27,80;18,25;12,96;17,44
05/08/2026 10:33:15 am;48,100;19,56;29,55;27,80;18,25;12,96;17,44
05/08/2026 10:33:15 am;48,150;19,56;29,56;27,80;18,25;12,96;17,44
05/08/2026 10:33:15 am;48,200;19,56;29,56;27,80;18,25;12,96;17,44
05/08/2026 10:33:15 am;48,250;19,56;29,57;27,80;18,25;12,96;17,44
05/08/2026 10:33:15 am;48,300;19,56;29,57;27,80;18,25;12,96;17,44
05/08/2026 10:33:15 am;48,350;19,56;29,57;27,80;18,25;12,95;17,44
05/08/2026 10:33:15 am;48,400;19,56;29,58;27,80;18,25;12,95;17,44
05/08/2026 10:33:15 am;48,450;19,56;29,58;27,80;18,25;12,95;17,44
05/08/2026 10:33:15 am;48,500;19,56;29,58;27,80;18,25;12,95;17,44
05/08/2026 10:33:15 am;48,550;19,56;29,59;27,79;18,25;12,95;17,44
05/08/2026 10:33:15 am;48,600;19,56;29,59;27,79;18,25;12,94;17,44
05/08/2026 10:33:15 am;48,650;19,56;29,59;27,79;18,25;12,94;17,44
05/08/2026 10:33:15 am;48,700;19,56;29,60;27,79;18,25;12,94;17,44
05/08/2026 10:33:15 am;48,750;19,56;29,60;27,79;18,25;12,94;17,44
05/08/2026 10:33:15 am;48,800;19,56;29,61;27,79;18,25;12,94;17,44
05/08/2026 10:33:15 am;48,850;19,56;29,61;27,78;18,25;12,93;17,44
05/08/2026 10:33:15 am;48,900;19,56;29,62;27,78;18,25;12,93;17,44
05/08/2026 10:33:15 am;48,950;19,56;29,62;27,78;18,25;12,93;17,43
05/08/2026 10:33:16 am;49,000;19,56;29,63;27,78;18,25;12,93;17,43
05/08/2026 10:33:16 am;49,050;19,56;29,63;27,78;18,25;12,93;17,43
05/08/2026 10:33:16 am;49,100;19,56;29,63;27,78;18,25;12,93;17,43
05/08/2026 10:33:16 am;49,150;19,56;29,64;27,78;18,25;12,93;17,43
05/08/2026 10:33:16 am;49,200;19,56;29,64;27,78;18,25;12,93;17,43
05/08/2026 10:33:16 am;49,250;19,57;29,65;27,77;18,25;12,92;17,43
05/08/2026 10:33:16 am;49,300;19,56;29,66;27,77;18,25;12,92;17,43
05/08/2026 10:33:16 am;49,350;19,56;29,66;27,77;18,25;12,92;17,43
05/08/2026 10:33:16 am;49,400;19,56;29,66;27,77;18,25;12,92;17,43
05/08/2026 10:33:16 am;49,450;19,57;29,67;27,77;18,25;12,91;17,43
05/08/2026 10:33:16 am;49,500;19,57;29,68;27,77;18,25;12,92;17,43
05/08/2026 10:33:16 am;49,550;19,57;29,68;27,77;18,25;12,91;17,43
05/08/2026 10:33:16 am;49,600;19,57;29,69;27,77;18,25;12,91;17,43
05/08/2026 10:33:16 am;49,650;19,57;29,69;27,77;18,25;12,91;17,43
05/08/2026 10:33:16 am;49,700;19,57;29,70;27,77;18,25;12,91;17,43
05/08/2026 10:33:16 am;49,750;19,57;29,70;27,77;18,24;12,91;17,43
05/08/2026 10:33:16 am;49,800;19,57;29,71;27,76;18,25;12,91;17,43
05/08/2026 10:33:16 am;49,850;19,57;29,71;27,76;18,25;12,90;17,43
05/08/2026 10:33:16 am;49,900;19,57;29,72;27,76;18,25;12,90;17,43
05/08/2026 10:33:16 am;49,950;19,57;29,72;27,76;18,25;12,90;17,43
05/08/2026 10:33:17 am;50,000;19,57;29,73;27,76;18,25;12,90;17,43
05/08/2026 10:33:17 am;50,050;19,57;29,73;27,76;18,25;12,90;17,43
05/08/2026 10:33:17 am;50,100;19,57;29,74;27,76;18,24;12,90;17,43
05/08/2026 10:33:17 am;50,150;19,57;29,74;27,76;18,24;12,89;17,43
05/08/2026 10:33:17 am;50,200;19,57;29,75;27,76;18,25;12,89;17,43
05/08/2026 10:33:17 am;50,250;19,57;29,76;27,76;18,25;12,89;17,43
05/08/2026 10:33:17 am;50,300;19,57;29,76;27,76;18,25;12,89;17,43
05/08/2026 10:33:17 am;50,350;19,57;29,77;27,76;18,25;12,89;17,43
05/08/2026 10:33:17 am;50,400;19,57;29,77;27,75;18,24;12,88;17,43
05/08/2026 10:33:17 am;50,450;19,57;29,78;27,75;18,25;12,88;17,43
05/08/2026 10:33:17 am;50,500;19,57;29,78;27,75;18,24;12,88;17,43
05/08/2026 10:33:17 am;50,550;19,57;29,79;27,75;18,24;12,88;17,43
05/08/2026 10:33:17 am;50,600;19,58;29,80;27,75;18,25;12,88;17,43
05/08/2026 10:33:17 am;50,650;19,58;29,80;27,75;18,25;12,88;17,43
05/08/2026 10:33:17 am;50,700;19,57;29,81;27,75;18,24;12,88;17,43
05/08/2026 10:33:17 am;50,750;19,58;29,82;27,74;18,24;12,88;17,44
05/08/2026 10:33:17 am;50,800;19,58;29,82;27,74;18,24;12,87;17,43
05/08/2026 10:33:17 am;50,850;19,57;29,83;27,74;18,25;12,87;17,43
05/08/2026 10:33:17 am;50,900;19,58;29,84;27,74;18,24;12,87;17,43
05/08/2026 10:33:17 am;50,950;19,58;29,84;27,74;18,24;12,87;17,43
05/08/2026 10:33:18 am;51,000;19,58;29,85;27,74;18,24;12,87;17,43
05/08/2026 10:33:18 am;51,050;19,58;29,86;27,74;18,24;12,87;17,44
05/08/2026 10:33:18 am;51,100;19,58;29,86;27,74;18,24;12,87;17,43
05/08/2026 10:33:18 am;51,150;19,58;29,87;27,73;18,24;12,86;17,44
05/08/2026 10:33:18 am;51,200;19,58;29,88;27,73;18,24;12,86;17,43
05/08/2026 10:33:18 am;51,250;19,58;29,88;27,73;18,24;12,86;17,43
05/08/2026 10:33:18 am;51,300;19,58;29,89;27,73;18,24;12,86;17,43
05/08/2026 10:33:18 am;51,350;19,58;29,89;27,73;18,24;12,86;17,43
05/08/2026 10:33:18 am;51,400;19,58;29,90;27,73;18,24;12,86;17,43
05/08/2026 10:33:18 am;51,450;19,58;29,91;27,73;18,24;12,86;17,43
05/08/2026 10:33:18 am;51,500;19,58;29,91;27,73;18,24;12,85;17,43
05/08/2026 10:33:18 am;51,550;19,58;29,92;27,73;18,24;12,85;17,44
05/08/2026 10:33:18 am;51,600;19,58;29,93;27,73;18,24;12,85;17,43
05/08/2026 10:33:18 am;51,650;19,58;29,93;27,73;18,24;12,85;17,43
05/08/2026 10:33:18 am;51,700;19,58;29,94;27,73;18,24;12,85;17,43
05/08/2026 10:33:18 am;51,750;19,59;29,95;27,73;18,24;12,84;17,43
05/08/2026 10:33:18 am;51,800;19,58;29,95;27,73;18,24;12,84;17,43
05/08/2026 10:33:18 am;51,850;19,58;29,96;27,73;18,24;12,84;17,43
05/08/2026 10:33:18 am;51,900;19,59;29,97;27,73;18,24;12,84;17,43
05/08/2026 10:33:18 am;51,950;19,59;29,97;27,73;18,24;12,84;17,43
05/08/2026 10:33:19 am;52,000;19,59;29,98;27,73;18,24;12,84;17,43
05/08/2026 10:33:19 am;52,050;19,59;29,98;27,73;18,24;12,84;17,43
05/08/2026 10:33:19 am;52,100;19,59;29,99;27,72;18,24;12,84;17,43
05/08/2026 10:33:19 am;52,150;19,59;30,00;27,72;18,24;12,83;17,43
05/08/2026 10:33:19 am;52,200;19,59;30,00;27,72;18,24;12,83;17,43
05/08/2026 10:33:19 am;52,250;19,59;30,01;27,72;18,24;12,83;17,43
05/08/2026 10:33:19 am;52,300;19,59;30,02;27,72;18,24;12,83;17,43
05/08/2026 10:33:19 am;52,350;19,59;30,02;27,72;18,24;12,83;17,43
05/08/2026 10:33:19 am;52,400;19,59;30,03;27,72;18,24;12,83;17,43
05/08/2026 10:33:19 am;52,450;19,59;30,03;27,72;18,24;12,83;17,43
05/08/2026 10:33:19 am;52,500;19,59;30,04;27,72;18,24;12,83;17,43
05/08/2026 10:33:19 am;52,550;19,59;30,04;27,72;18,24;12,83;17,43
05/08/2026 10:33:19 am;52,600;19,59;30,05;27,71;18,24;12,83;17,43
05/08/2026 10:33:19 am;52,650;19,60;30,05;27,71;18,24;12,83;17,43
05/08/2026 10:33:19 am;52,700;19,60;30,06;27,71;18,24;12,83;17,43
05/08/2026 10:33:19 am;52,750;19,60;30,07;27,71;18,24;12,82;17,43
05/08/2026 10:33:19 am;52,800;19,60;30,07;27,71;18,24;12,83;17,42
05/08/2026 10:33:19 am;52,850;19,60;30,08;27,72;18,24;12,82;17,43
05/08/2026 10:33:19 am;52,900;19,60;30,08;27,71;18,24;12,82;17,42
05/08/2026 10:33:19 am;52,950;19,60;30,08;27,71;18,24;12,82;17,42
05/08/2026 10:33:20 am;53,000;19,60;30,09;27,72;18,24;12,82;17,42
05/08/2026 10:33:20 am;53,050;19,60;30,10;27,72;18,24;12,82;17,42
05/08/2026 10:33:20 am;53,100;19,60;30,10;27,72;18,24;12,82;17,42
05/08/2026 10:33:20 am;53,150;19,60;30,10;27,72;18,23;12,82;17,42
05/08/2026 10:33:20 am;53,200;19,60;30,11;27,72;18,24;12,82;17,42
05/08/2026 10:33:20 am;53,250;19,60;30,12;27,72;18,24;12,82;17,42
05/08/2026 10:33:20 am;53,300;19,60;30,12;27,72;18,23;12,82;17,42
05/08/2026 10:33:20 am;53,350;19,60;30,13;27,72;18,23;12,82;17,42
05/08/2026 10:33:20 am;53,400;19,61;30,13;27,72;18,24;12,81;17,41
05/08/2026 10:33:20 am;53,450;19,61;30,13;27,72;18,23;12,81;17,42
05/08/2026 10:33:20 am;53,500;19,61;30,14;27,72;18,24;12,81;17,41
05/08/2026 10:33:20 am;53,550;19,61;30,14;27,72;18,24;12,81;17,42
05/08/2026 10:33:20 am;53,600;19,61;30,15;27,73;18,23;12,81;17,41
05/08/2026 10:33:20 am;53,650;19,61;30,15;27,73;18,23;12,81;17,42
05/08/2026 10:33:20 am;53,700;19,61;30,16;27,73;18,23;12,81;17,41
05/08/2026 10:33:20 am;53,750;19,61;30,16;27,73;18,23;12,81;17,42
05/08/2026 10:33:20 am;53,800;19,61;30,17;27,73;18,23;12,82;17,42
05/08/2026 10:33:20 am;53,850;19,61;30,17;27,73;18,23;12,81;17,42
05/08/2026 10:33:20 am;53,900;19,61;30,18;27,73;18,24;12,81;17,41
05/08/2026 10:33:20 am;53,950;19,61;30,18;27,73;18,23;12,81;17,42
05/08/2026 10:33:21 am;54,000;19,62;30,18;27,73;18,23;12,81;17,41
05/08/2026 10:33:21 am;54,050;19,62;30,19;27,74;18,23;12,81;17,41
05/08/2026 10:33:21 am;54,100;19,62;30,19;27,74;18,23;12,81;17,42
05/08/2026 10:33:21 am;54,150;19,62;30,20;27,74;18,23;12,82;17,42
05/08/2026 10:33:21 am;54,200;19,62;30,20;27,74;18,23;12,82;17,41
05/08/2026 10:33:21 am;54,250;19,62;30,21;27,74;18,23;12,82;17,42
05/08/2026 10:33:21 am;54,300;19,62;30,21;27,75;18,23;12,81;17,42
05/08/2026 10:33:21 am;54,350;19,62;30,21;27,75;18,23;12,82;17,42
05/08/2026 10:33:21 am;54,400;19,62;30,22;27,75;18,23;12,82;17,41
05/08/2026 10:33:21 am;54,450;19,62;30,22;27,75;18,23;12,82;17,42
05/08/2026 10:33:21 am;54,500;19,62;30,23;27,76;18,23;12,82;17,41
05/08/2026 10:33:21 am;54,550;19,63;30,23;27,76;18,23;12,82;17,41
05/08/2026 10:33:21 am;54,600;19,63;30,24;27,76;18,23;12,82;17,41
05/08/2026 10:33:21 am;54,650;19,62;30,24;27,77;18,23;12,82;17,41
05/08/2026 10:33:21 am;54,700;19,63;30,25;27,77;18,23;12,82;17,41
05/08/2026 10:33:21 am;54,750;19,63;30,25;27,77;18,23;12,82;17,41
05/08/2026 10:33:21 am;54,800;19,63;30,26;27,77;18,23;12,82;17,41
05/08/2026 10:33:21 am;54,850;19,63;30,26;27,78;18,23;12,82;17,41
05/08/2026 10:33:21 am;54,900;19,63;30,26;27,78;18,23;12,82;17,41
05/08/2026 10:33:21 am;54,950;19,63;30,27;27,78;18,23;12,82;17,41
05/08/2026 10:33:22 am;55,000;19,63;30,27;27,78;18,23;12,82;17,41
05/08/2026 10:33:22 am;55,050;19,63;30,28;27,79;18,23;12,82;17,41
05/08/2026 10:33:22 am;55,100;19,63;30,28;27,79;18,23;12,82;17,41
05/08/2026 10:33:22 am;55,150;19,63;30,29;27,80;18,23;12,82;17,41
05/08/2026 10:33:22 am;55,200;19,63;30,29;27,80;18,23;12,82;17,41
05/08/2026 10:33:22 am;55,250;19,63;30,30;27,80;18,23;12,82;17,41
05/08/2026 10:33:22 am;55,300;19,64;30,30;27,81;18,23;12,82;17,41
05/08/2026 10:33:22 am;55,350;19,63;30,31;27,81;18,23;12,82;17,41
05/08/2026 10:33:22 am;55,400;19,64;30,31;27,82;18,23;12,82;17,41
05/08/2026 10:33:22 am;55,450;19,64;30,31;27,82;18,23;12,82;17,41
05/08/2026 10:33:22 am;55,500;19,64;30,32;27,82;18,23;12,82;17,41
05/08/2026 10:33:22 am;55,550;19,64;30,32;27,83;18,23;12,82;17,41
05/08/2026 10:33:22 am;55,600;19,64;30,33;27,84;18,23;12,82;17,41
05/08/2026 10:33:22 am;55,650;19,64;30,33;27,84;18,23;12,82;17,41
05/08/2026 10:33:22 am;55,700;19,64;30,34;27,84;18,23;12,82;17,41
05/08/2026 10:33:22 am;55,750;19,64;30,34;27,85;18,23;12,82;17,41
05/08/2026 10:33:22 am;55,800;19,64;30,35;27,86;18,23;12,81;17,41
05/08/2026 10:33:22 am;55,850;19,64;30,35;27,86;18,23;12,82;17,41
05/08/2026 10:33:22 am;55,900;19,65;30,36;27,87;18,22;12,82;17,41
05/08/2026 10:33:22 am;55,950;19,65;30,36;27,87;18,23;12,81;17,41
05/08/2026 10:33:23 am;56,000;19,65;30,37;27,88;18,23;12,81;17,41
05/08/2026 10:33:23 am;56,050;19,65;30,37;27,89;18,23;12,81;17,41
05/08/2026 10:33:23 am;56,100;19,65;30,37;27,89;18,22;12,81;17,41
05/08/2026 10:33:23 am;56,150;19,65;30,38;27,90;18,23;12,81;17,41
05/08/2026 10:33:23 am;56,200;19,65;30,39;27,90;18,23;12,81;17,41
05/08/2026 10:33:23 am;56,250;19,65;30,39;27,90;18,23;12,81;17,41
05/08/2026 10:33:23 am;56,300;19,65;30,39;27,91;18,22;12,81;17,41
05/08/2026 10:33:23 am;56,350;19,66;30,40;27,91;18,22;12,81;17,41
05/08/2026 10:33:23 am;56,400;19,65;30,40;27,92;18,22;12,81;17,41
05/08/2026 10:33:23 am;56,450;19,66;30,41;27,92;18,22;12,81;17,41
05/08/2026 10:33:23 am;56,500;19,66;30,41;27,92;18,23;12,81;17,41
05/08/2026 10:33:23 am;56,550;19,66;30,41;27,93;18,22;12,81;17,41
05/08/2026 10:33:23 am;56,600;19,66;30,42;27,93;18,22;12,81;17,41
05/08/2026 10:33:23 am;56,650;19,66;30,42;27,93;18,22;12,81;17,41
05/08/2026 10:33:23 am;56,700;19,66;30,43;27,94;18,22;12,81;17,40
05/08/2026 10:33:23 am;56,750;19,66;30,43;27,94;18,22;12,81;17,41
05/08/2026 10:33:23 am;56,800;19,66;30,44;27,94;18,22;12,80;17,40
05/08/2026 10:33:23 am;56,850;19,66;30,44;27,94;18,22;12,80;17,40
05/08/2026 10:33:23 am;56,900;19,66;30,44;27,95;18,22;12,81;17,40
05/08/2026 10:33:23 am;56,950;19,67;30,45;27,95;18,22;12,80;17,41
05/08/2026 10:33:24 am;57,000;19,67;30,45;27,96;18,22;12,80;17,40
05/08/2026 10:33:24 am;57,050;19,67;30,46;27,96;18,22;12,80;17,41
05/08/2026 10:33:24 am;57,100;19,67;30,46;27,96;18,22;12,80;17,40
05/08/2026 10:33:24 am;57,150;19,67;30,46;27,97;18,22;12,80;17,40
05/08/2026 10:33:24 am;57,200;19,67;30,47;27,97;18,22;12,80;17,40
05/08/2026 10:33:24 am;57,250;19,67;30,47;27,97;18,22;12,80;17,40
05/08/2026 10:33:24 am;57,300;19,67;30,48;27,98;18,22;12,80;17,40
05/08/2026 10:33:24 am;57,350;19,67;30,48;27,98;18,22;12,79;17,40
05/08/2026 10:33:24 am;57,400;19,68;30,48;27,98;18,22;12,79;17,40
05/08/2026 10:33:24 am;57,450;19,67;30,49;27,98;18,22;12,79;17,40
05/08/2026 10:33:24 am;57,500;19,68;30,49;27,99;18,22;12,79;17,40
05/08/2026 10:33:24 am;57,550;19,68;30,49;27,99;18,22;12,79;17,40
05/08/2026 10:33:24 am;57,600;19,68;30,50;27,99;18,22;12,79;17,40
05/08/2026 10:33:24 am;57,650;19,68;30,50;28,00;18,22;12,79;17,40
05/08/2026 10:33:24 am;57,700;19,68;30,51;28,00;18,22;12,79;17,39
05/08/2026 10:33:24 am;57,750;19,68;30,51;28,00;18,22;12,79;17,40
05/08/2026 10:33:24 am;57,800;19,68;30,51;28,00;18,22;12,79;17,39
05/08/2026 10:33:24 am;57,850;19,69;30,52;28,00;18,22;12,79;17,40
05/08/2026 10:33:24 am;57,900;19,68;30,52;28,00;18,22;12,78;17,39
05/08/2026 10:33:24 am;57,950;19,69;30,52;28,01;18,22;12,79;17,39
05/08/2026 10:33:25 am;58,000;19,69;30,53;28,01;18,22;12,78;17,39
05/08/2026 10:33:25 am;58,050;19,69;30,53;28,01;18,22;12,78;17,39
05/08/2026 10:33:25 am;58,100;19,69;30,54;28,01;18,22;12,78;17,39
05/08/2026 10:33:25 am;58,150;19,69;30,54;28,01;18,22;12,78;17,39
05/08/2026 10:33:25 am;58,200;19,69;30,55;28,01;18,22;12,78;17,39
05/08/2026 10:33:25 am;58,250;19,69;30,55;28,02;18,22;12,78;17,39
05/08/2026 10:33:25 am;58,300;19,69;30,55;28,02;18,22;12,78;17,39
05/08/2026 10:33:25 am;58,350;19,70;30,56;28,02;18,22;12,78;17,39
05/08/2026 10:33:25 am;58,400;19,70;30,56;28,02;18,22;12,78;17,39
05/08/2026 10:33:25 am;58,450;19,70;30,56;28,02;18,22;12,78;17,39
05/08/2026 10:33:25 am;58,500;19,70;30,57;28,02;18,22;12,78;17,39
05/08/2026 10:33:25 am;58,550;19,70;30,57;28,02;18,21;12,78;17,39
05/08/2026 10:33:25 am;58,600;19,70;30,57;28,02;18,22;12,77;17,39
05/08/2026 10:33:25 am;58,650;19,70;30,58;28,02;18,22;12,77;17,39
05/08/2026 10:33:25 am;58,700;19,70;30,58;28,02;18,22;12,77;17,38
05/08/2026 10:33:25 am;58,750;19,71;30,58;28,02;18,22;12,77;17,39
05/08/2026 10:33:25 am;58,800;19,71;30,59;28,02;18,22;12,77;17,38
05/08/2026 10:33:25 am;58,850;19,71;30,59;28,02;18,21;12,77;17,39
05/08/2026 10:33:25 am;58,900;19,71;30,59;28,01;18,21;12,77;17,38
05/08/2026 10:33:25 am;58,950;19,71;30,60;28,02;18,22;12,77;17,38
05/08/2026 10:33:26 am;59,000;19,71;30,60;28,02;18,22;12,77;17,38
05/08/2026 10:33:26 am;59,050;19,71;30,60;28,02;18,21;12,77;17,38
05/08/2026 10:33:26 am;59,100;19,71;30,61;28,01;18,21;12,77;17,38
05/08/2026 10:33:26 am;59,150;19,71;30,61;28,01;18,21;12,77;17,39
05/08/2026 10:33:26 am;59,200;19,72;30,61;28,01;18,21;12,77;17,38
05/08/2026 10:33:26 am;59,250;19,72;30,61;28,01;18,21;12,77;17,38
05/08/2026 10:33:26 am;59,300;19,72;30,62;28,01;18,21;12,77;17,38
05/08/2026 10:33:26 am;59,350;19,72;30,62;28,01;18,21;12,77;17,39
05/08/2026 10:33:26 am;59,400;19,72;30,62;28,01;18,21;12,77;17,38
05/08/2026 10:33:26 am;59,450;19,72;30,62;28,01;18,22;12,77;17,39
05/08/2026 10:33:26 am;59,500;19,72;30,63;28,01;18,21;12,77;17,38
05/08/2026 10:33:26 am;59,550;19,72;30,63;28,01;18,21;12,77;17,39
05/08/2026 10:33:26 am;59,600;19,72;30,63;28,01;18,21;12,77;17,38
05/08/2026 10:33:26 am;59,650;19,73;30,63;28,01;18,21;12,77;17,39
05/08/2026 10:33:26 am;59,700;19,73;30,64;28,01;18,21;12,76;17,38
05/08/2026 10:33:26 am;59,750;19,73;30,64;28,00;18,21;12,76;17,39
05/08/2026 10:33:26 am;59,800;19,73;30,64;28,00;18,21;12,76;17,38
05/08/2026 10:33:26 am;59,850;19,73;30,64;28,00;18,21;12,76;17,39
05/08/2026 10:33:26 am;59,900;19,73;30,65;28,00;18,21;12,76;17,38
05/08/2026 10:33:26 am;59,950;19,73;30,65;28,00;18,21;12,76;17,39
05/08/2026 10:33:27 am;60,000;19,73;30,66;28,00;18,21;12,76;17,38
05/08/2026 10:33:27 am;60,050;19,73;30,66;28,00;18,21;12,76;17,39
05/08/2026 10:33:27 am;60,100;19,74;30,66;28,00;18,21;12,76;17,38
05/08/2026 10:33:27 am;60,150;19,74;30,67;28,00;18,21;12,76;17,38
05/08/2026 10:33:27 am;60,200;19,74;30,67;28,00;18,21;12,76;17,38
05/08/2026 10:33:27 am;60,250;19,74;30,68;28,00;18,21;12,76;17,38
05/08/2026 10:33:27 am;60,300;19,74;30,68;28,00;18,21;12,76;17,38
05/08/2026 10:33:27 am;60,350;19,74;30,68;28,00;18,21;12,76;17,38
05/08/2026 10:33:27 am;60,400;19,74;30,68;28,00;18,21;12,76;17,38
05/08/2026 10:33:27 am;60,450;19,74;30,68;28,00;18,21;12,76;17,38
05/08/2026 10:33:27 am;60,500;19,75;30,69;28,00;18,21;12,75;17,38
05/08/2026 10:33:27 am;60,550;19,75;30,69;28,01;18,21;12,76;17,38
05/08/2026 10:33:27 am;60,600;19,75;30,69;28,01;18,21;12,76;17,38
05/08/2026 10:33:27 am;60,650;19,75;30,70;28,01;18,21;12,76;17,38
05/08/2026 10:33:27 am;60,700;19,75;30,70;28,01;18,21;12,75;17,38
05/08/2026 10:33:27 am;60,750;19,75;30,71;28,01;18,21;12,75;17,38
05/08/2026 10:33:27 am;60,800;19,76;30,71;28,01;18,21;12,75;17,38
05/08/2026 10:33:27 am;60,850;19,75;30,71;28,01;18,21;12,75;17,38
05/08/2026 10:33:27 am;60,900;19,75;30,71;28,02;18,21;12,75;17,38
05/08/2026 10:33:27 am;60,950;19,75;30,72;28,02;18,21;12,75;17,38
05/08/2026 10:33:28 am;61,000;19,76;30,71;28,02;18,21;12,75;17,38
05/08/2026 10:33:28 am;61,050;19,76;30,72;28,02;18,21;12,75;17,38
05/08/2026 10:33:28 am;61,100;19,76;30,72;28,02;18,21;12,75;17,38
05/08/2026 10:33:28 am;61,150;19,76;30,72;28,02;18,21;12,75;17,38
05/08/2026 10:33:28 am;61,200;19,76;30,72;28,02;18,21;12,75;17,38
05/08/2026 10:33:28 am;61,250;19,76;30,72;28,02;18,21;12,75;17,38
05/08/2026 10:33:28 am;61,300;19,77;30,72;28,02;18,21;12,75;17,38
05/08/2026 10:33:28 am;61,350;19,77;30,72;28,02;18,21;12,75;17,38
05/08/2026 10:33:28 am;61,400;19,77;30,72;28,03;18,21;12,74;17,38
05/08/2026 10:33:28 am;61,450;19,77;30,72;28,03;18,21;12,74;17,38
05/08/2026 10:33:28 am;61,500;19,77;30,72;28,03;18,21;12,74;17,38
05/08/2026 10:33:28 am;61,550;19,77;30,72;28,03;18,21;12,74;17,38
05/08/2026 10:33:28 am;61,600;19,77;30,72;28,03;18,21;12,74;17,37
05/08/2026 10:33:28 am;61,650;19,77;30,72;28,04;18,21;12,74;17,37
05/08/2026 10:33:28 am;61,700;19,77;30,72;28,04;18,21;12,74;17,37
05/08/2026 10:33:28 am;61,750;19,77;30,73;28,04;18,21;12,74;17,37
05/08/2026 10:33:28 am;61,800;19,78;30,72;28,04;18,21;12,74;17,37
05/08/2026 10:33:28 am;61,850;19,78;30,73;28,04;18,21;12,74;17,38
05/08/2026 10:33:28 am;61,900;19,78;30,73;28,05;18,20;12,73;17,37
05/08/2026 10:33:28 am;61,950;19,78;30,73;28,04;18,21;12,74;17,38
05/08/2026 10:33:29 am;62,000;19,78;30,73;28,05;18,21;12,73;17,37
05/08/2026 10:33:29 am;62,050;19,78;30,73;28,05;18,21;12,73;17,37
05/08/2026 10:33:29 am;62,100;19,78;30,73;28,05;18,21;12,73;17,37
05/08/2026 10:33:29 am;62,150;19,79;30,73;28,05;18,21;12,73;17,37
05/08/2026 10:33:29 am;62,200;19,78;30,73;28,05;18,21;12,73;17,37
05/08/2026 10:33:29 am;62,250;19,79;30,73;28,05;18,21;12,73;17,37
05/08/2026 10:33:29 am;62,300;19,79;30,73;28,05;18,21;12,73;17,37
05/08/2026 10:33:29 am;62,350;19,79;30,74;28,05;18,21;12,73;17,37
05/08/2026 10:33:29 am;62,400;19,79;30,74;28,05;18,21;12,72;17,37
05/08/2026 10:33:29 am;62,450;19,79;30,74;28,06;18,21;12,73;17,37
05/08/2026 10:33:29 am;62,500;19,79;30,74;28,06;18,21;12,72;17,37
05/08/2026 10:33:29 am;62,550;19,80;30,74;28,06;18,21;12,72;17,37
05/08/2026 10:33:29 am;62,600;19,80;30,74;28,06;18,21;12,72;17,37
05/08/2026 10:33:29 am;62,650;19,80;30,74;28,06;18,21;12,72;17,37
05/08/2026 10:33:29 am;62,700;19,80;30,74;28,06;18,20;12,72;17,36
05/08/2026 10:33:29 am;62,750;19,80;30,75;28,06;18,21;12,72;17,37
05/08/2026 10:33:29 am;62,800;19,80;30,75;28,06;18,20;12,72;17,36
05/08/2026 10:33:29 am;62,850;19,80;30,75;28,06;18,21;12,72;17,37
05/08/2026 10:33:29 am;62,900;19,80;30,75;28,06;18,21;12,72;17,37
05/08/2026 10:33:29 am;62,950;19,81;30,75;28,06;18,20;12,71;17,37
05/08/2026 10:33:30 am;63,000;19,80;30,75;28,06;18,21;12,71;17,37
05/08/2026 10:33:30 am;63,050;19,81;30,76;28,06;18,21;12,71;17,37
05/08/2026 10:33:30 am;63,100;19,81;30,75;28,06;18,20;12,71;17,37
05/08/2026 10:33:30 am;63,150;19,81;30,76;28,06;18,21;12,71;17,37
05/08/2026 10:33:30 am;63,200;19,81;30,76;28,06;18,21;12,71;17,37
05/08/2026 10:33:30 am;63,250;19,81;30,76;28,06;18,21;12,71;17,37
05/08/2026 10:33:30 am;63,300;19,81;30,76;28,06;18,20;12,71;17,37
05/08/2026 10:33:30 am;63,350;19,82;30,76;28,06;18,20;12,71;17,37
05/08/2026 10:33:30 am;63,400;19,82;30,77;28,06;18,20;12,70;17,37
05/08/2026 10:33:30 am;63,450;19,82;30,77;28,06;18,21;12,70;17,37
05/08/2026 10:33:30 am;63,500;19,82;30,77;28,06;18,20;12,70;17,37
05/08/2026 10:33:30 am;63,550;19,82;30,78;28,06;18,20;12,70;17,37
05/08/2026 10:33:30 am;63,600;19,82;30,78;28,06;18,20;12,70;17,37
05/08/2026 10:33:30 am;63,650;19,83;30,78;28,06;18,20;12,70;17,37
05/08/2026 10:33:30 am;63,700;19,83;30,79;28,06;18,20;12,70;17,37
05/08/2026 10:33:30 am;63,750;19,83;30,79;28,07;18,20;12,70;17,38
05/08/2026 10:33:30 am;63,800;19,83;30,79;28,07;18,20;12,70;17,37
05/08/2026 10:33:30 am;63,850;19,83;30,80;28,07;18,20;12,70;17,37
05/08/2026 10:33:30 am;63,900;19,83;30,80;28,08;18,20;12,70;17,37
05/08/2026 10:33:30 am;63,950;19,83;30,81;28,08;18,20;12,69;17,38
05/08/2026 10:33:31 am;64,000;19,83;30,81;28,08;18,20;12,69;17,38
05/08/2026 10:33:31 am;64,050;19,83;30,81;28,09;18,20;12,69;17,38
05/08/2026 10:33:31 am;64,100;19,83;30,82;28,09;18,20;12,69;17,37
05/08/2026 10:33:31 am;64,150;19,83;30,82;28,09;18,20;12,69;17,38
05/08/2026 10:33:31 am;64,200;19,83;30,82;28,09;18,20;12,69;17,38
05/08/2026 10:33:31 am;64,250;19,84;30,83;28,09;18,20;12,69;17,38
05/08/2026 10:33:31 am;64,300;19,83;30,83;28,10;18,20;12,69;17,38
05/08/2026 10:33:31 am;64,350;19,84;30,83;28,10;18,20;12,69;17,38
05/08/2026 10:33:31 am;64,400;19,84;30,84;28,10;18,20;12,69;17,39
05/08/2026 10:33:31 am;64,450;19,84;30,84;28,10;18,20;12,69;17,39
05/08/2026 10:33:31 am;64,500;19,84;30,84;28,11;18,20;12,68;17,39
05/08/2026 10:33:31 am;64,550;19,84;30,84;28,11;18,20;12,68;17,40
05/08/2026 10:33:31 am;64,600;19,85;30,85;28,11;18,20;12,68;17,40
05/08/2026 10:33:31 am;64,650;19,84;30,85;28,11;18,20;12,68;17,40
05/08/2026 10:33:31 am;64,700;19,85;30,85;28,11;18,20;12,68;17,40
05/08/2026 10:33:31 am;64,750;19,85;30,85;28,11;18,20;12,68;17,40
05/08/2026 10:33:31 am;64,800;19,85;30,86;28,11;18,20;12,68;17,41
05/08/2026 10:33:31 am;64,850;19,85;30,86;28,11;18,20;12,68;17,41
05/08/2026 10:33:31 am;64,900;19,85;30,86;28,11;18,20;12,67;17,41
05/08/2026 10:33:31 am;64,950;19,85;30,86;28,12;18,20;12,68;17,42
05/08/2026 10:33:32 am;65,000;19,85;30,86;28,12;18,20;12,68;17,42
05/08/2026 10:33:32 am;65,050;19,86;30,86;28,12;18,20;12,68;17,42
05/08/2026 10:33:32 am;65,100;19,86;30,87;28,12;18,20;12,67;17,42
05/08/2026 10:33:32 am;65,150;19,86;30,87;28,12;18,20;12,67;17,43
05/08/2026 10:33:32 am;65,200;19,86;30,87;28,12;18,20;12,67;17,43
05/08/2026 10:33:32 am;65,250;19,86;30,87;28,12;18,20;12,67;17,43
05/08/2026 10:33:32 am;65,300;19,86;30,87;28,13;18,20;12,67;17,44
05/08/2026 10:33:32 am;65,350;19,86;30,88;28,13;18,20;12,67;17,44
05/08/2026 10:33:32 am;65,400;19,86;30,87;28,13;18,20;12,67;17,44
05/08/2026 10:33:32 am;65,450;19,86;30,88;28,13;18,20;12,67;17,45
05/08/2026 10:33:32 am;65,500;19,87;30,88;28,13;18,20;12,67;17,45
05/08/2026 10:33:32 am;65,550;19,87;30,88;28,13;18,20;12,67;17,45
05/08/2026 10:33:32 am;65,600;19,87;30,88;28,13;18,20;12,67;17,45
05/08/2026 10:33:32 am;65,650;19,87;30,88;28,14;18,20;12,67;17,46
05/08/2026 10:33:32 am;65,700;19,87;30,89;28,14;18,20;12,67;17,46
05/08/2026 10:33:32 am;65,750;19,87;30,89;28,14;18,20;12,67;17,46
05/08/2026 10:33:32 am;65,800;19,87;30,89;28,14;18,20;12,67;17,46
05/08/2026 10:33:32 am;65,850;19,87;30,89;28,14;18,20;12,67;17,46
05/08/2026 10:33:32 am;65,900;19,87;30,89;28,14;18,20;12,67;17,47
05/08/2026 10:33:32 am;65,950;19,87;30,89;28,14;18,20;12,67;17,47
05/08/2026 10:33:33 am;66,000;19,87;30,89;28,14;18,20;12,67;17,47
05/08/2026 10:33:33 am;66,050;19,88;30,89;28,14;18,20;12,67;17,47
05/08/2026 10:33:33 am;66,100;19,88;30,90;28,14;18,20;12,67;17,48
05/08/2026 10:33:33 am;66,150;19,88;30,89;28,14;18,20;12,67;17,48
05/08/2026 10:33:33 am;66,200;19,88;30,90;28,14;18,20;12,67;17,48
05/08/2026 10:33:33 am;66,250;19,88;30,90;28,14;18,20;12,67;17,48
05/08/2026 10:33:33 am;66,300;19,88;30,89;28,14;18,20;12,67;17,48
05/08/2026 10:33:33 am;66,350;19,88;30,90;28,14;18,20;12,67;17,48
05/08/2026 10:33:33 am;66,400;19,88;30,89;28,14;18,20;12,67;17,48
05/08/2026 10:33:33 am;66,450;19,89;30,90;28,14;18,20;12,67;17,48
05/08/2026 10:33:33 am;66,500;19,89;30,89;28,14;18,20;12,67;17,48
05/08/2026 10:33:33 am;66,550;19,89;30,89;28,14;18,20;12,67;17,49
05/08/2026 10:33:33 am;66,600;19,89;30,89;28,14;18,20;12,67;17,49
05/08/2026 10:33:33 am;66,650;19,89;30,89;28,14;18,20;12,67;17,49
05/08/2026 10:33:33 am;66,700;19,89;30,89;28,14;18,20;12,67;17,48
05/08/2026 10:33:33 am;66,750;19,89;30,89;28,14;18,20;12,67;17,49
05/08/2026 10:33:33 am;66,800;19,89;30,89;28,13;18,20;12,67;17,48
05/08/2026 10:33:33 am;66,850;19,90;30,89;28,13;18,20;12,67;17,49
05/08/2026 10:33:33 am;66,900;19,89;30,89;28,13;18,20;12,67;17,48
05/08/2026 10:33:33 am;66,950;19,90;30,89;28,13;18,20;12,67;17,49
05/08/2026 10:33:34 am;67,000;19,90;30,89;28,13;18,20;12,67;17,48
05/08/2026 10:33:34 am;67,050;19,90;30,90;28,13;18,20;12,67;17,48
05/08/2026 10:33:34 am;67,100;19,90;30,90;28,13;18,20;12,67;17,48
05/08/2026 10:33:34 am;67,150;19,90;30,90;28,13;18,20;12,67;17,48
05/08/2026 10:33:34 am;67,200;19,90;30,91;28,13;18,20;12,67;17,48
05/08/2026 10:33:34 am;67,250;19,90;30,91;28,13;18,20;12,67;17,48
05/08/2026 10:33:34 am;67,300;19,90;30,91;28,13;18,20;12,67;17,48
05/08/2026 10:33:34 am;67,350;19,90;30,91;28,13;18,20;12,66;17,48
05/08/2026 10:33:34 am;67,400;19,91;30,92;28,13;18,20;12,66;17,48
05/08/2026 10:33:34 am;67,450;19,91;30,92;28,13;18,20;12,67;17,48
05/08/2026 10:33:34 am;67,500;19,91;30,92;28,13;18,20;12,66;17,48
05/08/2026 10:33:34 am;67,550;19,91;30,93;28,14;18,20;12,67;17,48
05/08/2026 10:33:34 am;67,600;19,91;30,93;28,14;18,20;12,67;17,48
05/08/2026 10:33:34 am;67,650;19,91;30,93;28,14;18,20;12,67;17,48
05/08/2026 10:33:34 am;67,700;19,91;30,93;28,14;18,20;12,67;17,47
05/08/2026 10:33:34 am;67,750;19,91;30,94;28,14;18,20;12,67;17,48
05/08/2026 10:33:34 am;67,800;19,91;30,94;28,14;18,20;12,67;17,47
05/08/2026 10:33:34 am;67,850;19,91;30,95;28,14;18,20;12,67;17,47
05/08/2026 10:33:34 am;67,900;19,92;30,95;28,15;18,20;12,67;17,47
05/08/2026 10:33:34 am;67,950;19,92;30,95;28,15;18,20;12,66;17,47
05/08/2026 10:33:35 am;68,000;19,92;30,96;28,15;18,19;12,67;17,47
05/08/2026 10:33:35 am;68,050;19,92;30,96;28,15;18,20;12,67;17,47
05/08/2026 10:33:35 am;68,100;19,92;30,97;28,16;18,19;12,67;17,46
05/08/2026 10:33:35 am;68,150;19,92;30,97;28,16;18,20;12,66;17,46
05/08/2026 10:33:35 am;68,200;19,92;30,98;28,16;18,20;12,67;17,46
05/08/2026 10:33:35 am;68,250;19,92;30,98;28,16;18,20;12,67;17,46
05/08/2026 10:33:35 am;68,300;19,92;30,98;28,17;18,20;12,67;17,46
05/08/2026 10:33:35 am;68,350;19,93;30,99;28,17;18,20;12,66;17,46
05/08/2026 10:33:35 am;68,400;19,93;30,99;28,18;18,20;12,66;17,45
05/08/2026 10:33:35 am;68,450;19,93;30,99;28,18;18,19;12,67;17,46
05/08/2026 10:33:35 am;68,500;19,93;31,00;28,18;18,20;12,66;17,45
05/08/2026 10:33:35 am;68,550;19,93;31,00;28,19;18,20;12,66;17,45
05/08/2026 10:33:35 am;68,600;19,93;31,01;28,19;18,20;12,66;17,45
05/08/2026 10:33:35 am;68,650;19,93;31,01;28,20;18,20;12,66;17,45
05/08/2026 10:33:35 am;68,700;19,94;31,02;28,20;18,20;12,66;17,45
05/08/2026 10:33:35 am;68,750;19,93;31,02;28,20;18,20;12,66;17,44
05/08/2026 10:33:35 am;68,800;19,93;31,02;28,21;18,20;12,66;17,44
05/08/2026 10:33:35 am;68,850;19,94;31,03;28,21;18,20;12,66;17,44
05/08/2026 10:33:35 am;68,900;19,94;31,03;28,22;18,19;12,66;17,44
05/08/2026 10:33:35 am;68,950;19,94;31,04;28,22;18,20;12,66;17,44
05/08/2026 10:33:36 am;69,000;19,94;31,04;28,23;18,20;12,66;17,44
05/08/2026 10:33:36 am;69,050;19,94;31,04;28,24;18,20;12,66;17,44
05/08/2026 10:33:36 am;69,100;19,94;31,05;28,24;18,19;12,66;17,44
05/08/2026 10:33:36 am;69,150;19,94;31,05;28,25;18,20;12,66;17,43
05/08/2026 10:33:36 am;69,200;19,94;31,05;28,26;18,19;12,66;17,43
05/08/2026 10:33:36 am;69,250;19,95;31,06;28,26;18,20;12,66;17,43
05/08/2026 10:33:36 am;69,300;19,95;31,06;28,27;18,19;12,66;17,43
05/08/2026 10:33:36 am;69,350;19,95;31,06;28,28;18,19;12,66;17,43
05/08/2026 10:33:36 am;69,400;19,95;31,06;28,28;18,19;12,65;17,42
05/08/2026 10:33:36 am;69,450;19,95;31,06;28,29;18,19;12,65;17,42
05/08/2026 10:33:36 am;69,500;19,95;31,06;28,30;18,19;12,65;17,42
05/08/2026 10:33:36 am;69,550;19,95;31,06;28,30;18,19;12,66;17,42
05/08/2026 10:33:36 am;69,600;19,95;31,06;28,31;18,19;12,66;17,41
05/08/2026 10:33:36 am;69,650;19,95;31,06;28,32;18,20;12,65;17,41
05/08/2026 10:33:36 am;69,700;19,95;31,06;28,32;18,19;12,65;17,41
05/08/2026 10:33:36 am;69,750;19,95;31,06;28,33;18,20;12,65;17,41
05/08/2026 10:33:36 am;69,800;19,96;31,07;28,34;18,19;12,65;17,41
05/08/2026 10:33:36 am;69,850;19,96;31,07;28,34;18,19;12,65;17,41
05/08/2026 10:33:36 am;69,900;19,96;31,07;28,35;18,20;12,65;17,41
05/08/2026 10:33:36 am;69,950;19,96;31,07;28,36;18,19;12,65;17,40
05/08/2026 10:33:37 am;70,000;19,96;31,07;28,36;18,20;12,65;17,40
05/08/2026 10:33:37 am;70,050;19,96;31,07;28,37;18,19;12,65;17,40
05/08/2026 10:33:37 am;70,100;19,96;31,07;28,38;18,19;12,65;17,40
05/08/2026 10:33:37 am;70,150;19,96;31,07;28,38;18,19;12,65;17,40
05/08/2026 10:33:37 am;70,200;19,96;31,07;28,39;18,19;12,65;17,39
05/08/2026 10:33:37 am;70,250;19,96;31,07;28,39;18,19;12,65;17,39
05/08/2026 10:33:37 am;70,300;19,97;31,08;28,40;18,19;12,65;17,39
05/08/2026 10:33:37 am;70,350;19,97;31,08;28,41;18,19;12,65;17,39
05/08/2026 10:33:37 am;70,400;19,97;31,08;28,41;18,19;12,65;17,39
05/08/2026 10:33:37 am;70,450;19,97;31,08;28,42;18,19;12,65;17,39
05/08/2026 10:33:37 am;70,500;19,97;31,08;28,42;18,19;12,65;17,39
05/08/2026 10:33:37 am;70,550;19,97;31,09;28,42;18,19;12,65;17,39
05/08/2026 10:33:37 am;70,600;19,97;31,09;28,43;18,19;12,65;17,38
05/08/2026 10:33:37 am;70,650;19,97;31,09;28,43;18,19;12,65;17,39
05/08/2026 10:33:37 am;70,700;19,97;31,09;28,44;18,19;12,65;17,38
05/08/2026 10:33:37 am;70,750;19,97;31,09;28,45;18,19;12,65;17,38
05/08/2026 10:33:37 am;70,800;19,98;31,10;28,45;18,19;12,65;17,38
05/08/2026 10:33:37 am;70,850;19,98;31,10;28,45;18,19;12,65;17,38
05/08/2026 10:33:37 am;70,900;19,98;31,10;28,46;18,19;12,65;17,38
05/08/2026 10:33:37 am;70,950;19,98;31,10;28,47;18,19;12,65;17,38
05/08/2026 10:33:38 am;71,000;19,98;31,10;28,47;18,19;12,65;17,37
05/08/2026 10:33:38 am;71,050;19,98;31,10;28,47;18,19;12,65;17,37
05/08/2026 10:33:38 am;71,100;19,98;31,11;28,48;18,19;12,65;17,37
05/08/2026 10:33:38 am;71,150;19,98;31,11;28,48;18,19;12,65;17,37
05/08/2026 10:33:38 am;71,200;19,98;31,11;28,48;18,19;12,65;17,37
05/08/2026 10:33:38 am;71,250;19,98;31,12;28,48;18,19;12,65;17,37
05/08/2026 10:33:38 am;71,300;19,99;31,12;28,49;18,19;12,65;17,36
05/08/2026 10:33:38 am;71,350;19,99;31,12;28,49;18,19;12,65;17,37
05/08/2026 10:33:38 am;71,400;19,99;31,13;28,49;18,19;12,65;17,36
05/08/2026 10:33:38 am;71,450;19,99;31,13;28,49;18,19;12,65;17,36
05/08/2026 10:33:38 am;71,500;19,99;31,13;28,49;18,19;12,65;17,36
05/08/2026 10:33:38 am;71,550;19,99;31,13;28,50;18,19;12,65;17,36
05/08/2026 10:33:38 am;71,600;19,99;31,14;28,50;18,19;12,65;17,36
05/08/2026 10:33:38 am;71,650;19,99;31,14;28,50;18,19;12,65;17,36
05/08/2026 10:33:38 am;71,700;19,99;31,14;28,50;18,19;12,65;17,36
05/08/2026 10:33:38 am;71,750;19,99;31,15;28,50;18,19;12,65;17,35
05/08/2026 10:33:38 am;71,800;19,99;31,15;28,50;18,19;12,65;17,35
05/08/2026 10:33:38 am;71,850;19,99;31,15;28,50;18,19;12,64;17,35
05/08/2026 10:33:38 am;71,900;20,00;31,15;28,50;18,19;12,65;17,35
05/08/2026 10:33:38 am;71,950;20,00;31,15;28,50;18,19;12,65;17,35
05/08/2026 10:33:39 am;72,000;20,00;31,16;28,50;18,19;12,65;17,35
05/08/2026 10:33:39 am;72,050;20,00;31,16;28,50;18,19;12,65;17,35
05/08/2026 10:33:39 am;72,100;20,00;31,16;28,50;18,19;12,65;17,35
05/08/2026 10:33:39 am;72,150;20,00;31,16;28,51;18,19;12,65;17,35
05/08/2026 10:33:39 am;72,200;20,00;31,16;28,51;18,19;12,65;17,34
05/08/2026 10:33:39 am;72,250;20,00;31,17;28,51;18,19;12,65;17,34
05/08/2026 10:33:39 am;72,300;20,00;31,17;28,51;18,19;12,64;17,34
05/08/2026 10:33:39 am;72,350;20,00;31,17;28,51;18,19;12,65;17,34
05/08/2026 10:33:39 am;72,400;20,00;31,17;28,51;18,19;12,65;17,34
05/08/2026 10:33:39 am;72,450;20,00;31,17;28,51;18,19;12,64;17,34
05/08/2026 10:33:39 am;72,500;20,01;31,17;28,51;18,19;12,65;17,34
05/08/2026 10:33:39 am;72,550;20,01;31,17;28,52;18,19;12,64;17,34
05/08/2026 10:33:39 am;72,600;20,01;31,17;28,52;18,19;12,64;17,34
05/08/2026 10:33:39 am;72,650;20,01;31,18;28,52;18,19;12,65;17,34
05/08/2026 10:33:39 am;72,700;20,01;31,18;28,52;18,19;12,64;17,33
05/08/2026 10:33:39 am;72,750;20,01;31,18;28,52;18,19;12,64;17,33
05/08/2026 10:33:39 am;72,800;20,01;31,18;28,52;18,19;12,64;17,33
05/08/2026 10:33:39 am;72,850;20,01;31,18;28,52;18,18;12,64;17,33
05/08/2026 10:33:39 am;72,900;20,01;31,19;28,52;18,19;12,64;17,33
05/08/2026 10:33:39 am;72,950;20,01;31,19;28,52;18,19;12,64;17,33
05/08/2026 10:33:40 am;73,000;20,01;31,19;28,52;18,19;12,64;17,33
05/08/2026 10:33:40 am;73,050;20,01;31,19;28,52;18,19;12,64;17,33
05/08/2026 10:33:40 am;73,100;20,01;31,19;28,52;18,19;12,64;17,33
05/08/2026 10:33:40 am;73,150;20,02;31,19;28,52;18,19;12,63;17,33
05/08/2026 10:33:40 am;73,200;20,02;31,19;28,52;18,19;12,63;17,32
05/08/2026 10:33:40 am;73,250;20,02;31,19;28,52;18,19;12,63;17,32
05/08/2026 10:33:40 am;73,300;20,02;31,19;28,52;18,19;12,63;17,32
05/08/2026 10:33:40 am;73,350;20,02;31,20;28,52;18,19;12,63;17,32
05/08/2026 10:33:40 am;73,400;20,02;31,20;28,53;18,19;12,63;17,32
05/08/2026 10:33:40 am;73,450;20,02;31,20;28,52;18,19;12,62;17,31
05/08/2026 10:33:40 am;73,500;20,03;31,20;28,52;18,18;12,63;17,32
05/08/2026 10:33:40 am;73,550;20,03;31,20;28,52;18,18;12,63;17,32
05/08/2026 10:33:40 am;73,600;20,03;31,20;28,53;18,19;12,63;17,31
05/08/2026 10:33:40 am;73,650;20,03;31,20;28,52;18,18;12,62;17,31
05/08/2026 10:33:40 am;73,700;20,03;31,20;28,52;18,18;12,62;17,31
05/08/2026 10:33:40 am;73,750;20,03;31,20;28,52;18,19;12,62;17,31
05/08/2026 10:33:40 am;73,800;20,03;31,21;28,52;18,19;12,62;17,31
05/08/2026 10:33:40 am;73,850;20,03;31,21;28,53;18,18;12,62;17,31
05/08/2026 10:33:40 am;73,900;20,03;31,21;28,53;18,18;12,62;17,31
05/08/2026 10:33:40 am;73,950;20,03;31,21;28,53;18,18;12,62;17,30
05/08/2026 10:33:41 am;74,000;20,03;31,21;28,53;18,18;12,62;17,30
05/08/2026 10:33:41 am;74,050;20,03;31,21;28,53;18,18;12,62;17,30
05/08/2026 10:33:41 am;74,100;20,03;31,21;28,53;18,18;12,62;17,30
05/08/2026 10:33:41 am;74,150;20,04;31,22;28,53;18,19;12,62;17,30
05/08/2026 10:33:41 am;74,200;20,04;31,22;28,53;18,18;12,62;17,30
05/08/2026 10:33:41 am;74,250;20,04;31,22;28,53;18,18;12,62;17,30
05/08/2026 10:33:41 am;74,300;20,04;31,22;28,53;18,18;12,62;17,29
05/08/2026 10:33:41 am;74,350;20,04;31,22;28,53;18,18;12,62;17,30
05/08/2026 10:33:41 am;74,400;20,04;31,22;28,54;18,18;12,62;17,29
05/08/2026 10:33:41 am;74,450;20,04;31,23;28,53;18,18;12,62;17,29
05/08/2026 10:33:41 am;74,500;20,04;31,23;28,54;18,18;12,62;17,29
05/08/2026 10:33:41 am;74,550;20,04;31,23;28,54;18,18;12,62;17,29
05/08/2026 10:33:41 am;74,600;20,04;31,23;28,54;18,18;12,62;17,29
05/08/2026 10:33:41 am;74,650;20,04;31,24;28,54;18,18;12,62;17,29
05/08/2026 10:33:41 am;74,700;20,04;31,24;28,54;18,18;12,62;17,28
05/08/2026 10:33:41 am;74,750;20,04;31,24;28,54;18,18;12,62;17,28
05/08/2026 10:33:41 am;74,800;20,05;31,25;28,54;18,18;12,62;17,28
05/08/2026 10:33:41 am;74,850;20,05;31,25;28,54;18,18;12,62;17,28
05/08/2026 10:33:41 am;74,900;20,05;31,25;28,54;18,18;12,62;17,28
05/08/2026 10:33:41 am;74,950;20,05;31,26;28,54;18,18;12,62;17,28
05/08/2026 10:33:42 am;75,000;20,05;31,26;28,54;18,18;12,62;17,28
05/08/2026 10:33:42 am;75,050;20,05;31,26;28,54;18,18;12,62;17,28
05/08/2026 10:33:42 am;75,100;20,05;31,26;28,54;18,18;12,62;17,28
05/08/2026 10:33:42 am;75,150;20,05;31,27;28,54;18,18;12,62;17,28
05/08/2026 10:33:42 am;75,200;20,05;31,27;28,54;18,18;12,62;17,27
05/08/2026 10:33:42 am;75,250;20,06;31,27;28,54;18,18;12,62;17,27
05/08/2026 10:33:42 am;75,300;20,05;31,27;28,54;18,18;12,62;17,27
05/08/2026 10:33:42 am;75,350;20,06;31,28;28,54;18,18;12,62;17,27
05/08/2026 10:33:42 am;75,400;20,06;31,28;28,54;18,18;12,63;17,27
05/08/2026 10:33:42 am;75,450;20,06;31,28;28,54;18,18;12,62;17,27
05/08/2026 10:33:42 am;75,500;20,06;31,29;28,54;18,18;12,62;17,27
05/08/2026 10:33:42 am;75,550;20,06;31,29;28,54;18,18;12,63;17,27
05/08/2026 10:33:42 am;75,600;20,06;31,29;28,54;18,18;12,63;17,27
05/08/2026 10:33:42 am;75,650;20,06;31,29;28,54;18,18;12,63;17,26
05/08/2026 10:33:42 am;75,700;20,06;31,30;28,54;18,18;12,63;17,26
05/08/2026 10:33:42 am;75,750;20,06;31,30;28,54;18,18;12,63;17,26
05/08/2026 10:33:42 am;75,800;20,06;31,30;28,54;18,18;12,63;17,26
05/08/2026 10:33:42 am;75,850;20,07;31,30;28,54;18,18;12,63;17,26
05/08/2026 10:33:42 am;75,900;20,07;31,30;28,54;18,18;12,63;17,26
05/08/2026 10:33:42 am;75,950;20,07;31,31;28,54;18,18;12,63;17,26
05/08/2026 10:33:43 am;76,000;20,07;31,30;28,54;18,18;12,63;17,26
05/08/2026 10:33:43 am;76,050;20,07;31,31;28,54;18,18;12,63;17,26
05/08/2026 10:33:43 am;76,100;20,07;31,31;28,54;18,18;12,63;17,26
05/08/2026 10:33:43 am;76,150;20,07;31,31;28,54;18,18;12,63;17,25
05/08/2026 10:33:43 am;76,200;20,07;31,31;28,54;18,18;12,63;17,25
05/08/2026 10:33:43 am;76,250;20,07;31,31;28,54;18,17;12,63;17,25
05/08/2026 10:33:43 am;76,300;20,07;31,31;28,54;18,18;12,63;17,25
05/08/2026 10:33:43 am;76,350;20,08;31,32;28,55;18,17;12,63;17,25
05/08/2026 10:33:43 am;76,400;20,08;31,32;28,55;18,18;12,63;17,25
05/08/2026 10:33:43 am;76,450;20,08;31,32;28,55;18,18;12,63;17,25
05/08/2026 10:33:43 am;76,500;20,08;31,32;28,55;18,17;12,63;17,25
05/08/2026 10:33:43 am;76,550;20,08;31,33;28,55;18,17;12,63;17,24
05/08/2026 10:33:43 am;76,600;20,08;31,33;28,55;18,17;12,63;17,24
05/08/2026 10:33:43 am;76,650;20,08;31,33;28,55;18,17;12,63;17,24
05/08/2026 10:33:43 am;76,700;20,08;31,33;28,55;18,18;12,63;17,24
05/08/2026 10:33:43 am;76,750;20,08;31,33;28,55;18,17;12,63;17,24
05/08/2026 10:33:43 am;76,800;20,08;31,33;28,55;18,17;12,63;17,24
05/08/2026 10:33:43 am;76,850;20,09;31,34;28,55;18,18;12,63;17,24
05/08/2026 10:33:43 am;76,900;20,08;31,34;28,55;18,17;12,63;17,24
05/08/2026 10:33:43 am;76,950;20,09;31,34;28,55;18,17;12,63;17,24
05/08/2026 10:33:44 am;77,000;20,09;31,34;28,55;18,18;12,63;17,24
05/08/2026 10:33:44 am;77,050;20,09;31,34;28,54;18,17;12,63;17,23
05/08/2026 10:33:44 am;77,100;20,09;31,34;28,54;18,17;12,63;17,23
05/08/2026 10:33:44 am;77,150;20,09;31,34;28,54;18,17;12,63;17,23
05/08/2026 10:33:44 am;77,200;20,09;31,34;28,54;18,17;12,63;17,23
05/08/2026 10:33:44 am;77,250;20,09;31,35;28,54;18,17;12,62;17,23
05/08/2026 10:33:44 am;77,300;20,09;31,35;28,54;18,17;12,62;17,23
05/08/2026 10:33:44 am;77,350;20,09;31,35;28,54;18,17;12,63;17,23
05/08/2026 10:33:44 am;77,400;20,10;31,35;28,54;18,17;12,62;17,22
05/08/2026 10:33:44 am;77,450;20,10;31,35;28,54;18,17;12,62;17,22
05/08/2026 10:33:44 am;77,500;20,10;31,35;28,53;18,17;12,62;17,22
05/08/2026 10:33:44 am;77,550;20,10;31,35;28,53;18,17;12,62;17,22
05/08/2026 10:33:44 am;77,600;20,10;31,35;28,53;18,17;12,62;17,22
05/08/2026 10:33:44 am;77,650;20,10;31,35;28,53;18,17;12,62;17,22
05/08/2026 10:33:44 am;77,700;20,10;31,35;28,53;18,17;12,62;17,21
05/08/2026 10:33:44 am;77,750;20,10;31,35;28,53;18,17;12,62;17,21
05/08/2026 10:33:44 am;77,800;20,10;31,36;28,53;18,17;12,62;17,21
05/08/2026 10:33:44 am;77,850;20,10;31,36;28,53;18,17;12,61;17,21
05/08/2026 10:33:44 am;77,900;20,10;31,36;28,52;18,17;12,61;17,20
05/08/2026 10:33:44 am;77,950;20,11;31,36;28,53;18,17;12,61;17,20
05/08/2026 10:33:45 am;78,000;20,11;31,36;28,52;18,17;12,61;17,20
05/08/2026 10:33:45 am;78,050;20,11;31,36;28,52;18,17;12,61;17,20
05/08/2026 10:33:45 am;78,100;20,11;31,36;28,52;18,17;12,61;17,20
05/08/2026 10:33:45 am;78,150;20,11;31,37;28,52;18,17;12,61;17,20
05/08/2026 10:33:45 am;78,200;20,11;31,37;28,52;18,17;12,61;17,20
05/08/2026 10:33:45 am;78,250;20,11;31,37;28,52;18,17;12,61;17,19
05/08/2026 10:33:45 am;78,300;20,11;31,37;28,52;18,17;12,61;17,19
05/08/2026 10:33:45 am;78,350;20,11;31,38;28,52;18,17;12,61;17,19
05/08/2026 10:33:45 am;78,400;20,11;31,38;28,52;18,17;12,61;17,19
05/08/2026 10:33:45 am;78,450;20,12;31,38;28,52;18,17;12,61;17,18
05/08/2026 10:33:45 am;78,500;20,12;31,38;28,52;18,17;12,61;17,18
05/08/2026 10:33:45 am;78,550;20,12;31,39;28,52;18,17;12,61;17,18
05/08/2026 10:33:45 am;78,600;20,12;31,39;28,52;18,17;12,60;17,18
05/08/2026 10:33:45 am;78,650;20,12;31,39;28,52;18,17;12,60;17,17
05/08/2026 10:33:45 am;78,700;20,12;31,39;28,52;18,17;12,61;17,17
05/08/2026 10:33:45 am;78,750;20,12;31,40;28,51;18,17;12,60;17,17
05/08/2026 10:33:45 am;78,800;20,12;31,40;28,52;18,17;12,60;17,17
05/08/2026 10:33:45 am;78,850;20,13;31,40;28,51;18,16;12,60;17,17
05/08/2026 10:33:45 am;78,900;20,13;31,40;28,51;18,17;12,60;17,16
05/08/2026 10:33:45 am;78,950;20,13;31,41;28,52;18,17;12,60;17,16
05/08/2026 10:33:46 am;79,000;20,13;31,41;28,51;18,17;12,60;17,16
05/08/2026 10:33:46 am;79,050;20,13;31,41;28,51;18,17;12,60;17,15
05/08/2026 10:33:46 am;79,100;20,13;31,42;28,51;18,16;12,60;17,15
05/08/2026 10:33:46 am;79,150;20,13;31,42;28,51;18,17;12,60;17,15
05/08/2026 10:33:46 am;79,200;20,13;31,42;28,51;18,16;12,60;17,15
05/08/2026 10:33:46 am;79,250;20,13;31,42;28,51;18,17;12,59;17,14
05/08/2026 10:33:46 am;79,300;20,13;31,42;28,51;18,17;12,60;17,14
05/08/2026 10:33:46 am;79,350;20,13;31,43;28,51;18,17;12,59;17,14
05/08/2026 10:33:46 am;79,400;20,14;31,43;28,51;18,16;12,59;17,14
05/08/2026 10:33:46 am;79,450;20,14;31,43;28,51;18,16;12,59;17,14
05/08/2026 10:33:46 am;79,500;20,14;31,43;28,51;18,16;12,59;17,14
05/08/2026 10:33:46 am;79,550;20,14;31,44;28,51;18,17;12,59;17,14
05/08/2026 10:33:46 am;79,600;20,14;31,44;28,51;18,16;12,59;17,13
05/08/2026 10:33:46 am;79,650;20,14;31,44;28,51;18,16;12,59;17,13
05/08/2026 10:33:46 am;79,700;20,14;31,44;28,50;18,16;12,59;17,13
05/08/2026 10:33:46 am;79,750;20,14;31,45;28,50;18,16;12,59;17,13
05/08/2026 10:33:46 am;79,800;20,15;31,45;28,50;18,16;12,59;17,13
05/08/2026 10:33:46 am;79,850;20,15;31,45;28,50;18,16;12,59;17,12
05/08/2026 10:33:46 am;79,900;20,15;31,45;28,50;18,16;12,59;17,12
05/08/2026 10:33:46 am;79,950;20,15;31,45;28,50;18,16;12,59;17,12
05/08/2026 10:33:47 am;80,000;20,15;31,45;28,50;18,16;12,59;17,12
05/08/2026 10:33:47 am;80,050;20,15;31,45;28,49;18,16;12,58;17,12
05/08/2026 10:33:47 am;80,100;20,15;31,45;28,49;18,16;12,59;17,11
05/08/2026 10:33:47 am;80,150;20,15;31,46;28,49;18,16;12,59;17,11
05/08/2026 10:33:47 am;80,200;20,15;31,46;28,49;18,16;12,58;17,11
05/08/2026 10:33:47 am;80,250;20,15;31,46;28,49;18,16;12,59;17,11
05/08/2026 10:33:47 am;80,300;20,15;31,45;28,49;18,16;12,59;17,11
05/08/2026 10:33:47 am;80,350;20,16;31,46;28,48;18,16;12,59;17,11
05/08/2026 10:33:47 am;80,400;20,16;31,45;28,48;18,16;12,59;17,10
05/08/2026 10:33:47 am;80,450;20,16;31,46;28,48;18,16;12,59;17,10
05/08/2026 10:33:47 am;80,500;20,16;31,46;28,48;18,16;12,59;17,10
05/08/2026 10:33:47 am;80,550;20,16;31,46;28,48;18,16;12,59;17,10
05/08/2026 10:33:47 am;80,600;20,16;31,46;28,48;18,16;12,59;17,10
05/08/2026 10:33:47 am;80,650;20,17;31,46;28,48;18,16;12,59;17,10
05/08/2026 10:33:47 am;80,700;20,17;31,46;28,47;18,16;12,58;17,09
05/08/2026 10:33:47 am;80,750;20,17;31,46;28,48;18,16;12,58;17,09
05/08/2026 10:33:47 am;80,800;20,17;31,46;28,47;18,16;12,59;17,09
05/08/2026 10:33:47 am;80,850;20,17;31,46;28,47;18,16;12,58;17,09
05/08/2026 10:33:47 am;80,900;20,17;31,47;28,47;18,16;12,58;17,09
05/08/2026 10:33:47 am;80,950;20,17;31,47;28,47;18,16;12,59;17,08
05/08/2026 10:33:48 am;81,000;20,17;31,47;28,47;18,16;12,58;17,08
05/08/2026 10:33:48 am;81,050;20,17;31,47;28,47;18,15;12,58;17,08
05/08/2026 10:33:48 am;81,100;20,17;31,47;28,47;18,16;12,58;17,08
05/08/2026 10:33:48 am;81,150;20,18;31,48;28,47;18,15;12,58;17,08
05/08/2026 10:33:48 am;81,200;20,18;31,48;28,47;18,15;12,58;17,08
05/08/2026 10:33:48 am;81,250;20,18;31,48;28,46;18,15;12,58;17,07
05/08/2026 10:33:48 am;81,300;20,18;31,49;28,46;18,15;12,58;17,07
05/08/2026 10:33:48 am;81,350;20,18;31,49;28,47;18,15;12,58;17,07
05/08/2026 10:33:48 am;81,400;20,18;31,49;28,46;18,15;12,58;17,07
05/08/2026 10:33:48 am;81,450;20,18;31,49;28,46;18,15;12,58;17,07
05/08/2026 10:33:48 am;81,500;20,18;31,50;28,46;18,15;12,58;17,06
05/08/2026 10:33:48 am;81,550;20,18;31,50;28,47;18,15;12,58;17,06
05/08/2026 10:33:48 am;81,600;20,19;31,50;28,46;18,15;12,58;17,06
05/08/2026 10:33:48 am;81,650;20,19;31,51;28,47;18,15;12,58;17,06
05/08/2026 10:33:48 am;81,700;20,19;31,51;28,47;18,15;12,58;17,06
05/08/2026 10:33:48 am;81,750;20,19;31,51;28,47;18,15;12,58;17,05
05/08/2026 10:33:48 am;81,800;20,19;31,51;28,47;18,15;12,58;17,05
05/08/2026 10:33:48 am;81,850;20,19;31,52;28,47;18,15;12,57;17,05
05/08/2026 10:33:48 am;81,900;20,19;31,52;28,47;18,15;12,58;17,05
05/08/2026 10:33:48 am;81,950;20,19;31,52;28,47;18,15;12,58;17,05
05/08/2026 10:33:49 am;82,000;20,19;31,53;28,47;18,15;12,57;17,05
05/08/2026 10:33:49 am;82,050;20,19;31,53;28,47;18,14;12,57;17,04
05/08/2026 10:33:49 am;82,100;20,20;31,54;28,48;18,14;12,57;17,04
05/08/2026 10:33:49 am;82,150;20,20;31,54;28,48;18,15;12,57;17,04
05/08/2026 10:33:49 am;82,200;20,20;31,54;28,48;18,14;12,57;17,04
05/08/2026 10:33:49 am;82,250;20,20;31,55;28,48;18,14;12,57;17,04
05/08/2026 10:33:49 am;82,300;20,20;31,55;28,48;18,14;12,57;17,04
05/08/2026 10:33:49 am;82,350;20,20;31,56;28,48;18,14;12,57;17,03
05/08/2026 10:33:49 am;82,400;20,20;31,56;28,48;18,14;12,57;17,03
05/08/2026 10:33:49 am;82,450;20,20;31,56;28,49;18,14;12,57;17,03
05/08/2026 10:33:49 am;82,500;20,21;31,56;28,49;18,14;12,56;17,03
05/08/2026 10:33:49 am;82,550;20,21;31,57;28,49;18,14;12,56;17,03
05/08/2026 10:33:49 am;82,600;20,21;31,57;28,49;18,14;12,57;17,02
05/08/2026 10:33:49 am;82,650;20,21;31,57;28,49;18,14;12,56;17,02
05/08/2026 10:33:49 am;82,700;20,21;31,58;28,49;18,14;12,56;17,02
05/08/2026 10:33:49 am;82,750;20,21;31,58;28,49;18,14;12,56;17,02
05/08/2026 10:33:49 am;82,800;20,21;31,58;28,49;18,14;12,56;17,02
05/08/2026 10:33:49 am;82,850;20,21;31,59;28,49;18,13;12,55;17,01
05/08/2026 10:33:49 am;82,900;20,21;31,59;28,50;18,14;12,55;17,01
05/08/2026 10:33:49 am;82,950;20,22;31,59;28,49;18,13;12,55;17,01
05/08/2026 10:33:50 am;83,000;20,22;31,59;28,49;18,13;12,55;17,01
05/08/2026 10:33:50 am;83,050;20,22;31,60;28,50;18,13;12,55;17,01
05/08/2026 10:33:50 am;83,100;20,22;31,60;28,50;18,13;12,55;17,00
05/08/2026 10:33:50 am;83,150;20,22;31,60;28,50;18,13;12,55;17,00
05/08/2026 10:33:50 am;83,200;20,22;31,60;28,50;18,13;12,54;17,00
05/08/2026 10:33:50 am;83,250;20,22;31,60;28,51;18,13;12,54;17,00
05/08/2026 10:33:50 am;83,300;20,22;31,61;28,51;18,13;12,54;17,00
05/08/2026 10:33:50 am;83,350;20,22;31,61;28,51;18,13;12,54;16,99
05/08/2026 10:33:50 am;83,400;20,23;31,61;28,51;18,13;12,54;16,99
05/08/2026 10:33:50 am;83,450;20,23;31,61;28,51;18,13;12,53;16,99
05/08/2026 10:33:50 am;83,500;20,23;31,61;28,52;18,13;12,53;16,99
05/08/2026 10:33:50 am;83,550;20,23;31,62;28,52;18,13;12,53;16,98
05/08/2026 10:33:50 am;83,600;20,23;31,62;28,52;18,13;12,53;16,98
05/08/2026 10:33:50 am;83,650;20,23;31,62;28,52;18,13;12,53;16,98
05/08/2026 10:33:50 am;83,700;20,23;31,62;28,52;18,12;12,53;16,98
05/08/2026 10:33:50 am;83,750;20,23;31,62;28,53;18,12;12,53;16,98
05/08/2026 10:33:50 am;83,800;20,23;31,62;28,53;18,12;12,53;16,97
05/08/2026 10:33:50 am;83,850;20,23;31,62;28,53;18,12;12,52;16,97
05/08/2026 10:33:50 am;83,900;20,23;31,63;28,54;18,12;12,52;16,97
05/08/2026 10:33:50 am;83,950;20,23;31,63;28,54;18,12;12,52;16,97
05/08/2026 10:33:51 am;84,000;20,23;31,63;28,54;18,12;12,52;16,97
05/08/2026 10:33:51 am;84,050;20,23;31,63;28,54;18,12;12,51;16,97
05/08/2026 10:33:51 am;84,100;20,23;31,63;28,55;18,12;12,52;16,96
05/08/2026 10:33:51 am;84,150;20,24;31,63;28,55;18,12;12,51;16,96
05/08/2026 10:33:51 am;84,200;20,24;31,63;28,55;18,12;12,51;16,96
05/08/2026 10:33:51 am;84,250;20,24;31,63;28,55;18,11;12,51;16,96
05/08/2026 10:33:51 am;84,300;20,24;31,63;28,56;18,11;12,51;16,95
05/08/2026 10:33:51 am;84,350;20,24;31,63;28,56;18,11;12,51;16,95
05/08/2026 10:33:51 am;84,400;20,24;31,63;28,56;18,11;12,51;16,95
05/08/2026 10:33:51 am;84,450;20,24;31,64;28,56;18,11;12,51;16,95
05/08/2026 10:33:51 am;84,500;20,24;31,64;28,57;18,11;12,50;16,95
05/08/2026 10:33:51 am;84,550;20,24;31,64;28,57;18,11;12,50;16,95
05/08/2026 10:33:51 am;84,600;20,25;31,64;28,57;18,11;12,50;16,94
05/08/2026 10:33:51 am;84,650;20,25;31,64;28,58;18,11;12,50;16,94
05/08/2026 10:33:51 am;84,700;20,25;31,64;28,58;18,10;12,50;16,94
05/08/2026 10:33:51 am;84,750;20,25;31,64;28,58;18,11;12,49;16,94
05/08/2026 10:33:51 am;84,800;20,25;31,64;28,58;18,10;12,49;16,94
05/08/2026 10:33:51 am;84,850;20,25;31,64;28,58;18,11;12,49;16,94
05/08/2026 10:33:51 am;84,900;20,25;31,64;28,58;18,10;12,49;16,94
05/08/2026 10:33:51 am;84,950;20,25;31,65;28,58;18,10;12,49;16,93
05/08/2026 10:33:52 am;85,000;20,25;31,65;28,58;18,10;12,49;16,94
05/08/2026 10:33:52 am;85,050;20,25;31,65;28,58;18,10;12,48;16,93
05/08/2026 10:33:52 am;85,100;20,25;31,65;28,58;18,10;12,48;16,93
05/08/2026 10:33:52 am;85,150;20,26;31,65;28,59;18,10;12,48;16,93
05/08/2026 10:33:52 am;85,200;20,26;31,65;28,59;18,10;12,48;16,93
05/08/2026 10:33:52 am;85,250;20,26;31,65;28,59;18,10;12,48;16,92
05/08/2026 10:33:52 am;85,300;20,26;31,65;28,59;18,10;12,48;16,92
05/08/2026 10:33:52 am;85,350;20,26;31,65;28,59;18,09;12,48;16,92
05/08/2026 10:33:52 am;85,400;20,26;31,65;28,59;18,09;12,48;16,92
05/08/2026 10:33:52 am;85,450;20,26;31,65;28,59;18,09;12,48;16,92
05/08/2026 10:33:52 am;85,500;20,26;31,65;28,59;18,09;12,48;16,91
05/08/2026 10:33:52 am;85,550;20,27;31,65;28,59;18,09;12,47;16,91
05/08/2026 10:33:52 am;85,600;20,27;31,65;28,59;18,09;12,47;16,91
05/08/2026 10:33:52 am;85,650;20,27;31,65;28,59;18,09;12,47;16,91
05/08/2026 10:33:52 am;85,700;20,27;31,65;28,59;18,09;12,47;16,91
05/08/2026 10:33:52 am;85,750;20,27;31,65;28,59;18,09;12,47;16,90
05/08/2026 10:33:52 am;85,800;20,27;31,65;28,59;18,08;12,47;16,90
05/08/2026 10:33:52 am;85,850;20,28;31,65;28,59;18,09;12,46;16,90
05/08/2026 10:33:52 am;85,900;20,28;31,66;28,59;18,09;12,47;16,90
05/08/2026 10:33:52 am;85,950;20,27;31,65;28,59;18,08;12,46;16,89
05/08/2026 10:33:53 am;86,000;20,27;31,65;28,59;18,08;12,46;16,89
05/08/2026 10:33:53 am;86,050;20,27;31,66;28,59;18,08;12,46;16,89
05/08/2026 10:33:53 am;86,100;20,28;31,66;28,59;18,08;12,46;16,89
05/08/2026 10:33:53 am;86,150;20,28;31,66;28,59;18,08;12,46;16,88
05/08/2026 10:33:53 am;86,200;20,28;31,66;28,59;18,08;12,46;16,88
05/08/2026 10:33:53 am;86,250;20,28;31,66;28,59;18,08;12,46;16,88
05/08/2026 10:33:53 am;86,300;20,28;31,66;28,59;18,08;12,45;16,88
05/08/2026 10:33:53 am;86,350;20,28;31,66;28,59;18,08;12,46;16,88
05/08/2026 10:33:53 am;86,400;20,28;31,66;28,59;18,08;12,46;16,87
05/08/2026 10:33:53 am;86,450;20,29;31,66;28,59;18,07;12,45;16,87
05/08/2026 10:33:53 am;86,500;20,29;31,67;28,60;18,07;12,45;16,87
05/08/2026 10:33:53 am;86,550;20,29;31,67;28,60;18,07;12,45;16,86
05/08/2026 10:33:53 am;86,600;20,29;31,67;28,60;18,07;12,45;16,86
05/08/2026 10:33:53 am;86,650;20,29;31,67;28,60;18,07;12,45;16,86
05/08/2026 10:33:53 am;86,700;20,29;31,67;28,60;18,07;12,45;16,86
05/08/2026 10:33:53 am;86,750;20,29;31,67;28,61;18,07;12,45;16,85
05/08/2026 10:33:53 am;86,800;20,29;31,67;28,61;18,07;12,45;16,85
05/08/2026 10:33:53 am;86,850;20,29;31,68;28,61;18,07;12,44;16,85
05/08/2026 10:33:53 am;86,900;20,29;31,68;28,61;18,07;12,44;16,85
05/08/2026 10:33:53 am;86,950;20,30;31,68;28,62;18,07;12,44;16,85
05/08/2026 10:33:54 am;87,000;20,30;31,68;28,62;18,06;12,44;16,84
05/08/2026 10:33:54 am;87,050;20,30;31,69;28,63;18,06;12,44;16,84
05/08/2026 10:33:54 am;87,100;20,30;31,69;28,63;18,06;12,44;16,84
05/08/2026 10:33:54 am;87,150;20,30;31,69;28,63;18,06;12,44;16,84
05/08/2026 10:33:54 am;87,200;20,30;31,69;28,64;18,06;12,43;16,83
05/08/2026 10:33:54 am;87,250;20,30;31,69;28,64;18,06;12,43;16,83
05/08/2026 10:33:54 am;87,300;20,30;31,70;28,65;18,06;12,43;16,83
05/08/2026 10:33:54 am;87,350;20,30;31,70;28,65;18,06;12,43;16,83
05/08/2026 10:33:54 am;87,400;20,30;31,70;28,65;18,05;12,43;16,82
05/08/2026 10:33:54 am;87,450;20,30;31,70;28,66;18,06;12,43;16,82
05/08/2026 10:33:54 am;87,500;20,31;31,70;28,66;18,06;12,42;16,82
05/08/2026 10:33:54 am;87,550;20,31;31,71;28,67;18,05;12,42;16,82
05/08/2026 10:33:54 am;87,600;20,31;31,70;28,68;18,05;12,42;16,82
05/08/2026 10:33:54 am;87,650;20,31;31,71;28,68;18,05;12,42;16,81
05/08/2026 10:33:54 am;87,700;20,31;31,71;28,68;18,05;12,42;16,81
05/08/2026 10:33:54 am;87,750;20,31;31,70;28,69;18,05;12,42;16,81
05/08/2026 10:33:54 am;87,800;20,31;31,71;28,69;18,05;12,42;16,81
05/08/2026 10:33:54 am;87,850;20,31;31,70;28,70;18,05;12,42;16,80
05/08/2026 10:33:54 am;87,900;20,32;31,70;28,71;18,05;12,41;16,81
05/08/2026 10:33:54 am;87,950;20,32;31,70;28,71;18,05;12,42;16,80
05/08/2026 10:33:55 am;88,000;20,31;31,70;28,72;18,05;12,42;16,80
05/08/2026 10:33:55 am;88,050;20,32;31,70;28,72;18,04;12,41;16,80
05/08/2026 10:33:55 am;88,100;20,32;31,70;28,73;18,04;12,41;16,80
05/08/2026 10:33:55 am;88,150;20,32;31,70;28,74;18,04;12,41;16,79
05/08/2026 10:33:55 am;88,200;20,32;31,70;28,74;18,04;12,41;16,79
05/08/2026 10:33:55 am;88,250;20,32;31,70;28,74;18,04;12,41;16,79
05/08/2026 10:33:55 am;88,300;20,32;31,70;28,75;18,04;12,41;16,79
05/08/2026 10:33:55 am;88,350;20,32;31,69;28,75;18,04;12,41;16,79
05/08/2026 10:33:55 am;88,400;20,32;31,69;28,76;18,04;12,41;16,79
05/08/2026 10:33:55 am;88,450;20,32;31,69;28,77;18,04;12,40;16,79
05/08/2026 10:33:55 am;88,500;20,33;31,69;28,77;18,03;12,40;16,78
05/08/2026 10:33:55 am;88,550;20,32;31,69;28,78;18,03;12,40;16,78
05/08/2026 10:33:55 am;88,600;20,33;31,69;28,79;18,03;12,40;16,78
05/08/2026 10:33:55 am;88,650;20,33;31,69;28,79;18,03;12,40;16,78
05/08/2026 10:33:55 am;88,700;20,33;31,69;28,79;18,03;12,40;16,78
05/08/2026 10:33:55 am;88,750;20,33;31,69;28,80;18,03;12,40;16,77
05/08/2026 10:33:55 am;88,800;20,33;31,69;28,81;18,03;12,40;16,77
05/08/2026 10:33:55 am;88,850;20,33;31,69;28,81;18,03;12,40;16,77
05/08/2026 10:33:55 am;88,900;20,33;31,68;28,82;18,03;12,39;16,77
05/08/2026 10:33:55 am;88,950;20,33;31,68;28,83;18,03;12,39;16,76
05/08/2026 10:33:56 am;89,000;20,34;31,68;28,83;18,03;12,39;16,76
05/08/2026 10:33:56 am;89,050;20,33;31,68;28,84;18,02;12,39;16,76
05/08/2026 10:33:56 am;89,100;20,34;31,68;28,85;18,02;12,39;16,76
05/08/2026 10:33:56 am;89,150;20,34;31,68;28,85;18,02;12,39;16,76
05/08/2026 10:33:56 am;89,200;20,34;31,68;28,86;18,02;12,39;16,75
05/08/2026 10:33:56 am;89,250;20,34;31,67;28,86;18,02;12,39;16,75
05/08/2026 10:33:56 am;89,300;20,34;31,67;28,87;18,02;12,39;16,75
05/08/2026 10:33:56 am;89,350;20,34;31,67;28,88;18,02;12,39;16,75
05/08/2026 10:33:56 am;89,400;20,34;31,67;28,89;18,02;12,38;16,75
05/08/2026 10:33:56 am;89,450;20,35;31,67;28,89;18,02;12,38;16,74
05/08/2026 10:33:56 am;89,500;20,34;31,67;28,90;18,02;12,38;16,74
05/08/2026 10:33:56 am;89,550;20,34;31,67;28,90;18,01;12,38;16,74
05/08/2026 10:33:56 am;89,600;20,35;31,66;28,91;18,01;12,38;16,74
05/08/2026 10:33:56 am;89,650;20,35;31,66;28,92;18,01;12,38;16,73
05/08/2026 10:33:56 am;89,700;20,35;31,66;28,93;18,01;12,38;16,73
05/08/2026 10:33:56 am;89,750;20,35;31,66;28,94;18,01;12,38;16,73
05/08/2026 10:33:56 am;89,800;20,35;31,66;28,94;18,01;12,38;16,73
05/08/2026 10:33:56 am;89,850;20,35;31,66;28,95;18,01;12,37;16,72
05/08/2026 10:33:56 am;89,900;20,35;31,66;28,96;18,01;12,37;16,72
05/08/2026 10:33:56 am;89,950;20,35;31,65;28,96;18,01;12,37;16,72
05/08/2026 10:33:57 am;90,000;20,35;31,65;28,97;18,01;12,37;16,72
05/08/2026 10:33:57 am;90,050;20,35;31,65;28,98;18,01;12,37;16,71
05/08/2026 10:33:57 am;90,100;20,35;31,65;28,99;18,01;12,37;16,71
05/08/2026 10:33:57 am;90,150;20,35;31,65;28,99;18,00;12,36;16,70
05/08/2026 10:33:57 am;90,200;20,36;31,65;29,00;18,00;12,37;16,71
05/08/2026 10:33:57 am;90,250;20,36;31,65;29,01;18,00;12,36;16,70
05/08/2026 10:33:57 am;90,300;20,36;31,65;29,01;18,00;12,36;16,70
05/08/2026 10:33:57 am;90,350;20,36;31,65;29,02;18,00;12,36;16,69
05/08/2026 10:33:57 am;90,400;20,36;31,65;29,02;18,00;12,36;16,69
05/08/2026 10:33:57 am;90,450;20,36;31,65;29,03;18,00;12,36;16,69
05/08/2026 10:33:57 am;90,500;20,36;31,65;29,03;18,00;12,36;16,68
05/08/2026 10:33:57 am;90,550;20,36;31,65;29,03;18,00;12,36;16,68
05/08/2026 10:33:57 am;90,600;20,36;31,65;29,04;18,00;12,36;16,68
05/08/2026 10:33:57 am;90,650;20,36;31,65;29,04;18,00;12,36;16,67
05/08/2026 10:33:57 am;90,700;20,36;31,65;29,04;17,99;12,36;16,67
05/08/2026 10:33:57 am;90,750;20,36;31,65;29,04;18,00;12,36;16,67
05/08/2026 10:33:57 am;90,800;20,37;31,65;29,05;17,99;12,36;16,66
05/08/2026 10:33:57 am;90,850;20,37;31,65;29,05;17,99;12,36;16,66
05/08/2026 10:33:57 am;90,900;20,37;31,65;29,05;17,99;12,35;16,65
05/08/2026 10:33:57 am;90,950;20,37;31,65;29,05;17,99;12,35;16,65
05/08/2026 10:33:58 am;91,000;20,37;31,65;29,05;17,99;12,35;16,65
05/08/2026 10:33:58 am;91,050;20,37;31,65;29,05;17,99;12,35;16,64
05/08/2026 10:33:58 am;91,100;20,37;31,65;29,05;17,99;12,35;16,64
05/08/2026 10:33:58 am;91,150;20,37;31,65;29,05;17,99;12,35;16,64
05/08/2026 10:33:58 am;91,200;20,37;31,65;29,05;17,99;12,35;16,63
05/08/2026 10:33:58 am;91,250;20,37;31,65;29,05;17,98;12,35;16,63
05/08/2026 10:33:58 am;91,300;20,37;31,64;29,05;17,98;12,35;16,63
05/08/2026 10:33:58 am;91,350;20,37;31,65;29,05;17,98;12,35;16,62
05/08/2026 10:33:58 am;91,400;20,37;31,65;29,05;17,98;12,35;16,62
05/08/2026 10:33:58 am;91,450;20,37;31,64;29,04;17,98;12,34;16,62
05/08/2026 10:33:58 am;91,500;20,38;31,64;29,04;17,98;12,34;16,62
05/08/2026 10:33:58 am;91,550;20,38;31,64;29,04;17,98;12,34;16,61
05/08/2026 10:33:58 am;91,600;20,38;31,64;29,04;17,98;12,34;16,61
05/08/2026 10:33:58 am;91,650;20,38;31,64;29,04;17,98;12,34;16,61
05/08/2026 10:33:58 am;91,700;20,38;31,64;29,04;17,98;12,34;16,61
05/08/2026 10:33:58 am;91,750;20,38;31,64;29,03;17,98;12,34;16,60
05/08/2026 10:33:58 am;91,800;20,38;31,64;29,04;17,98;12,34;16,60
05/08/2026 10:33:58 am;91,850;20,38;31,63;29,03;17,97;12,34;16,59
05/08/2026 10:33:58 am;91,900;20,38;31,63;29,03;17,98;12,33;16,59
05/08/2026 10:33:58 am;91,950;20,38;31,63;29,03;17,97;12,33;16,59
05/08/2026 10:33:59 am;92,000;20,38;31,63;29,02;17,97;12,34;16,59
05/08/2026 10:33:59 am;92,050;20,38;31,63;29,02;17,97;12,33;16,58
05/08/2026 10:33:59 am;92,100;20,39;31,63;29,02;17,97;12,33;16,58
05/08/2026 10:33:59 am;92,150;20,39;31,62;29,02;17,97;12,33;16,57
05/08/2026 10:33:59 am;92,200;20,39;31,62;29,02;17,97;12,33;16,57
05/08/2026 10:33:59 am;92,250;20,39;31,62;29,02;17,97;12,33;16,56
05/08/2026 10:33:59 am;92,300;20,39;31,61;29,02;17,97;12,33;16,56
05/08/2026 10:33:59 am;92,350;20,39;31,61;29,01;17,97;12,32;16,56
05/08/2026 10:33:59 am;92,400;20,39;31,61;29,01;17,97;12,32;16,56
05/08/2026 10:33:59 am;92,450;20,39;31,61;29,01;17,97;12,32;16,55
05/08/2026 10:33:59 am;92,500;20,39;31,60;29,01;17,97;12,32;16,55
05/08/2026 10:33:59 am;92,550;20,39;31,60;29,01;17,96;12,32;16,54
05/08/2026 10:33:59 am;92,600;20,39;31,60;29,01;17,96;12,32;16,54
05/08/2026 10:33:59 am;92,650;20,40;31,60;29,01;17,96;12,32;16,54
05/08/2026 10:33:59 am;92,700;20,39;31,60;29,01;17,96;12,32;16,53
05/08/2026 10:33:59 am;92,750;20,39;31,59;29,01;17,96;12,32;16,53
05/08/2026 10:33:59 am;92,800;20,40;31,59;29,01;17,96;12,32;16,53
05/08/2026 10:33:59 am;92,850;20,40;31,59;29,01;17,96;12,32;16,52
05/08/2026 10:33:59 am;92,900;20,40;31,59;29,01;17,96;12,32;16,52
05/08/2026 10:33:59 am;92,950;20,40;31,59;29,01;17,96;12,31;16,51
05/08/2026 10:34:00 am;93,000;20,40;31,59;29,01;17,96;12,32;16,51
05/08/2026 10:34:00 am;93,050;20,40;31,58;29,01;17,96;12,31;16,51
05/08/2026 10:34:00 am;93,100;20,40;31,58;29,01;17,96;12,31;16,50
05/08/2026 10:34:00 am;93,150;20,40;31,58;29,01;17,95;12,31;16,50
05/08/2026 10:34:00 am;93,200;20,40;31,58;29,01;17,96;12,31;16,49
05/08/2026 10:34:00 am;93,250;20,40;31,58;29,01;17,95;12,31;16,49
05/08/2026 10:34:00 am;93,300;20,40;31,57;29,01;17,95;12,31;16,49
05/08/2026 10:34:00 am;93,350;20,40;31,57;29,01;17,95;12,31;16,48
05/08/2026 10:34:00 am;93,400;20,41;31,57;29,01;17,95;12,31;16,48
05/08/2026 10:34:00 am;93,450;20,40;31,57;29,01;17,95;12,31;16,47
05/08/2026 10:34:00 am;93,500;20,41;31,57;29,01;17,95;12,31;16,47
05/08/2026 10:34:00 am;93,550;20,41;31,56;29,01;17,95;12,31;16,46
05/08/2026 10:34:00 am;93,600;20,41;31,56;29,01;17,95;12,31;16,46
05/08/2026 10:34:00 am;93,650;20,41;31,56;29,01;17,95;12,30;16,45
05/08/2026 10:34:00 am;93,700;20,41;31,55;29,01;17,95;12,31;16,45
05/08/2026 10:34:00 am;93,750;20,41;31,55;29,01;17,95;12,31;16,45
05/08/2026 10:34:00 am;93,800;20,41;31,55;29,01;17,95;12,31;16,44
05/08/2026 10:34:00 am;93,850;20,41;31,54;29,01;17,94;12,30;16,44
05/08/2026 10:34:00 am;93,900;20,41;31,54;29,00;17,95;12,30;16,43
05/08/2026 10:34:00 am;93,950;20,41;31,54;29,00;17,94;12,30;16,43
05/08/2026 10:34:01 am;94,000;20,41;31,54;29,00;17,94;12,30;16,42
05/08/2026 10:34:01 am;94,050;20,41;31,53;29,00;17,94;12,30;16,42
05/08/2026 10:34:01 am;94,100;20,41;31,53;29,00;17,94;12,30;16,41
05/08/2026 10:34:01 am;94,150;20,41;31,53;29,00;17,94;12,30;16,41
05/08/2026 10:34:01 am;94,200;20,42;31,52;29,00;17,94;12,30;16,41
05/08/2026 10:34:01 am;94,250;20,42;31,52;29,00;17,94;12,30;16,40
05/08/2026 10:34:01 am;94,300;20,42;31,52;28,99;17,94;12,30;16,40
05/08/2026 10:34:01 am;94,350;20,42;31,51;28,99;17,94;12,30;16,39
05/08/2026 10:34:01 am;94,400;20,42;31,51;28,99;17,94;12,30;16,39
05/08/2026 10:34:01 am;94,450;20,42;31,51;28,99;17,94;12,30;16,38
05/08/2026 10:34:01 am;94,500;20,42;31,51;28,99;17,94;12,30;16,38
05/08/2026 10:34:01 am;94,550;20,42;31,50;28,99;17,93;12,30;16,37
05/08/2026 10:34:01 am;94,600;20,42;31,50;28,99;17,94;12,29;16,37
05/08/2026 10:34:01 am;94,650;20,42;31,50;28,99;17,93;12,30;16,36
05/08/2026 10:34:01 am;94,700;20,42;31,49;28,99;17,93;12,29;16,36
05/08/2026 10:34:01 am;94,750;20,42;31,49;28,99;17,93;12,30;16,35
05/08/2026 10:34:01 am;94,800;20,42;31,49;28,99;17,93;12,30;16,35
05/08/2026 10:34:01 am;94,850;20,42;31,48;28,99;17,93;12,30;16,35
05/08/2026 10:34:01 am;94,900;20,43;31,48;28,99;17,93;12,30;16,34
05/08/2026 10:34:01 am;94,950;20,43;31,48;28,99;17,93;12,29;16,33
05/08/2026 10:34:02 am;95,000;20,43;31,48;29,00;17,93;12,30;16,33
05/08/2026 10:34:02 am;95,050;20,43;31,47;29,00;17,92;12,30;16,32
05/08/2026 10:34:02 am;95,100;20,43;31,47;28,99;17,93;12,29;16,32
05/08/2026 10:34:02 am;95,150;20,43;31,47;29,00;17,93;12,30;16,31
05/08/2026 10:34:02 am;95,200;20,43;31,47;29,00;17,93;12,30;16,31
05/08/2026 10:34:02 am;95,250;20,43;31,47;29,00;17,92;12,29;16,31
05/08/2026 10:34:02 am;95,300;20,43;31,47;29,00;17,93;12,30;16,30
05/08/2026 10:34:02 am;95,350;20,43;31,47;29,00;17,92;12,30;16,30
05/08/2026 10:34:02 am;95,400;20,43;31,47;29,00;17,92;12,29;16,29
05/08/2026 10:34:02 am;95,450;20,43;31,46;29,01;17,92;12,29;16,29
05/08/2026 10:34:02 am;95,500;20,43;31,46;29,01;17,92;12,30;16,28
05/08/2026 10:34:02 am;95,550;20,43;31,46;29,01;17,92;12,29;16,28
05/08/2026 10:34:02 am;95,600;20,44;31,46;29,01;17,92;12,30;16,27
05/08/2026 10:34:02 am;95,650;20,44;31,47;29,01;17,92;12,29;16,27
05/08/2026 10:34:02 am;95,700;20,44;31,47;29,02;17,92;12,30;16,26
05/08/2026 10:34:02 am;95,750;20,44;31,47;29,02;17,92;12,30;16,26
05/08/2026 10:34:02 am;95,800;20,44;31,47;29,02;17,92;12,30;16,25
05/08/2026 10:34:02 am;95,850;20,44;31,47;29,03;17,92;12,29;16,25
05/08/2026 10:34:02 am;95,900;20,44;31,47;29,03;17,92;12,29;16,24
05/08/2026 10:34:02 am;95,950;20,44;31,47;29,03;17,91;12,29;16,24
05/08/2026 10:34:03 am;96,000;20,44;31,47;29,03;17,91;12,29;16,23
05/08/2026 10:34:03 am;96,050;20,44;31,47;29,04;17,91;12,29;16,23
05/08/2026 10:34:03 am;96,100;20,44;31,47;29,04;17,92;12,29;16,22
05/08/2026 10:34:03 am;96,150;20,44;31,47;29,04;17,91;12,29;16,22
05/08/2026 10:34:03 am;96,200;20,44;31,47;29,04;17,91;12,29;16,21
05/08/2026 10:34:03 am;96,250;20,44;31,47;29,04;17,91;12,29;16,20
05/08/2026 10:34:03 am;96,300;20,44;31,47;29,05;17,91;12,29;16,20
05/08/2026 10:34:03 am;96,350;20,44;31,47;29,05;17,91;12,29;16,19
05/08/2026 10:34:03 am;96,400;20,45;31,47;29,05;17,91;12,29;16,18
05/08/2026 10:34:03 am;96,450;20,45;31,46;29,05;17,91;12,29;16,18
05/08/2026 10:34:03 am;96,500;20,45;31,46;29,05;17,91;12,29;16,17
05/08/2026 10:34:03 am;96,550;20,45;31,46;29,05;17,91;12,29;16,16
05/08/2026 10:34:03 am;96,600;20,45;31,46;29,05;17,91;12,29;16,16
05/08/2026 10:34:03 am;96,650;20,45;31,46;29,05;17,91;12,29;16,15
05/08/2026 10:34:03 am;96,700;20,45;31,46;29,05;17,91;12,29;16,15
05/08/2026 10:34:03 am;96,750;20,45;31,46;29,05;17,90;12,29;16,14
05/08/2026 10:34:03 am;96,800;20,45;31,45;29,05;17,90;12,29;16,14
05/08/2026 10:34:03 am;96,850;20,45;31,45;29,05;17,90;12,29;16,13
05/08/2026 10:34:03 am;96,900;20,45;31,45;29,05;17,90;12,28;16,12
05/08/2026 10:34:03 am;96,950;20,45;31,45;29,05;17,90;12,28;16,11
05/08/2026 10:34:04 am;97,000;20,45;31,45;29,05;17,90;12,28;16,11
05/08/2026 10:34:04 am;97,050;20,45;31,45;29,05;17,90;12,28;16,10
05/08/2026 10:34:04 am;97,100;20,45;31,45;29,05;17,90;12,28;16,10
05/08/2026 10:34:04 am;97,150;20,45;31,44;29,05;17,90;12,28;16,09
05/08/2026 10:34:04 am;97,200;20,46;31,44;29,05;17,90;12,28;16,09
05/08/2026 10:34:04 am;97,250;20,46;31,44;29,05;17,90;12,28;16,08
05/08/2026 10:34:04 am;97,300;20,45;31,44;29,05;17,90;12,28;16,07
05/08/2026 10:34:04 am;97,350;20,46;31,44;29,05;17,90;12,27;16,06
05/08/2026 10:34:04 am;97,400;20,46;31,44;29,05;17,90;12,28;16,06
05/08/2026 10:34:04 am;97,450;20,46;31,44;29,05;17,90;12,28;16,05
05/08/2026 10:34:04 am;97,500;20,46;31,44;29,05;17,90;12,28;16,04
05/08/2026 10:34:04 am;97,550;20,46;31,44;29,04;17,90;12,27;16,03
05/08/2026 10:34:04 am;97,600;20,46;31,44;29,05;17,90;12,27;16,03
05/08/2026 10:34:04 am;97,650;20,46;31,43;29,05;17,89;12,27;16,02
05/08/2026 10:34:04 am;97,700;20,46;31,43;29,04;17,89;12,27;16,01
05/08/2026 10:34:04 am;97,750;20,46;31,43;29,04;17,89;12,27;16,00
05/08/2026 10:34:04 am;97,800;20,46;31,43;29,04;17,89;12,27;15,99
05/08/2026 10:34:04 am;97,850;20,47;31,43;29,04;17,89;12,26;15,98
05/08/2026 10:34:04 am;97,900;20,46;31,43;29,04;17,89;12,27;15,98
05/08/2026 10:34:04 am;97,950;20,47;31,43;29,04;17,89;12,26;15,96
05/08/2026 10:34:05 am;98,000;20,46;31,43;29,04;17,89;12,26;15,95
05/08/2026 10:34:05 am;98,050;20,47;31,43;29,04;17,89;12,26;15,94
05/08/2026 10:34:05 am;98,100;20,47;31,43;29,04;17,89;12,26;15,94
05/08/2026 10:34:05 am;98,150;20,47;31,43;29,04;17,89;12,26;15,92
05/08/2026 10:34:05 am;98,200;20,47;31,43;29,04;17,89;12,26;15,91
05/08/2026 10:34:05 am;98,250;20,47;31,43;29,04;17,89;12,26;15,90
05/08/2026 10:34:05 am;98,300;20,47;31,43;29,04;17,88;12,26;15,89
05/08/2026 10:34:05 am;98,350;20,47;31,43;29,04;17,88;12,25;15,88
05/08/2026 10:34:05 am;98,400;20,47;31,43;29,04;17,89;12,25;15,86
05/08/2026 10:34:05 am;98,450;20,47;31,43;29,04;17,88;12,25;15,85
05/08/2026 10:34:05 am;98,500;20,47;31,43;29,04;17,88;12,25;15,84
05/08/2026 10:34:05 am;98,550;20,47;31,43;29,04;17,88;12,25;15,82
05/08/2026 10:34:05 am;98,600;20,47;31,43;29,04;17,88;12,25;15,81
05/08/2026 10:34:05 am;98,650;20,47;31,43;29,04;17,88;12,25;15,79
05/08/2026 10:34:05 am;98,700;20,47;31,43;29,04;17,88;12,25;15,78
05/08/2026 10:34:05 am;98,750;20,48;31,43;29,04;17,88;12,24;15,76
05/08/2026 10:34:05 am;98,800;20,48;31,43;29,04;17,88;12,24;15,74
05/08/2026 10:34:05 am;98,850;20,48;31,43;29,04;17,88;12,24;15,73
05/08/2026 10:34:05 am;98,900;20,48;31,43;29,04;17,88;12,24;15,71
05/08/2026 10:34:05 am;98,950;20,48;31,43;29,04;17,88;12,24;15,69
05/08/2026 10:34:06 am;99,000;20,48;31,43;29,04;17,88;12,24;15,68
05/08/2026 10:34:06 am;99,050;20,48;31,43;29,04;17,88;12,24;15,66
05/08/2026 10:34:06 am;99,100;20,48;31,43;29,04;17,87;12,24;15,64
05/08/2026 10:34:06 am;99,150;20,48;31,43;29,05;17,87;12,24;15,63
05/08/2026 10:34:06 am;99,200;20,48;31,43;29,05;17,87;12,24;15,61
05/08/2026 10:34:06 am;99,250;20,48;31,42;29,05;17,87;12,24;15,59
05/08/2026 10:34:06 am;99,300;20,48;31,42;29,05;17,87;12,23;15,57
05/08/2026 10:34:06 am;99,350;20,49;31,42;29,05;17,87;12,23;15,55
05/08/2026 10:34:06 am;99,400;20,48;31,42;29,05;17,87;12,23;15,53
05/08/2026 10:34:06 am;99,450;20,49;31,42;29,06;17,87;12,23;15,51
05/08/2026 10:34:06 am;99,500;20,48;31,42;29,06;17,87;12,23;15,50
05/08/2026 10:34:06 am;99,550;20,49;31,42;29,06;17,87;12,23;15,47
05/08/2026 10:34:06 am;99,600;20,49;31,43;29,06;17,87;12,23;15,45
05/08/2026 10:34:06 am;99,650;20,49;31,42;29,06;17,87;12,23;15,43
05/08/2026 10:34:06 am;99,700;20,49;31,43;29,06;17,87;12,22;15,41
05/08/2026 10:34:06 am;99,750;20,49;31,43;29,06;17,87;12,22;15,39
05/08/2026 10:34:06 am;99,800;20,49;31,43;29,06;17,87;12,22;15,37
05/08/2026 10:34:06 am;99,850;20,49;31,43;29,06;17,86;12,22;15,35
05/08/2026 10:34:06 am;99,900;20,49;31,43;29,06;17,86;12,22;15,33
05/08/2026 10:34:06 am;99,950;20,49;31,43;29,06;17,87;12,22;15,31
05/08/2026 10:34:07 am;100,000;20,49;31,43;29,06;17,86;12,22;15,29
05/08/2026 10:34:07 am;100,050;20,50;31,43;29,06;17,86;12,22;15,27
05/08/2026 10:34:07 am;100,100;20,49;31,43;29,06;17,86;12,22;15,24
05/08/2026 10:34:07 am;100,150;20,50;31,43;29,06;17,86;12,22;15,22
05/08/2026 10:34:07 am;100,200;20,50;31,43;29,06;17,86;12,22;15,20
05/08/2026 10:34:07 am;100,250;20,50;31,44;29,06;17,86;12,21;15,18
05/08/2026 10:34:07 am;100,300;20,50;31,44;29,06;17,86;12,22;15,16
05/08/2026 10:34:07 am;100,350;20,50;31,44;29,06;17,86;12,21;15,14
05/08/2026 10:34:07 am;100,400;20,50;31,44;29,06;17,86;12,21;15,12
05/08/2026 10:34:07 am;100,450;20,50;31,44;29,06;17,86;12,21;15,09
05/08/2026 10:34:07 am;100,500;20,50;31,44;29,06;17,86;12,21;15,07
05/08/2026 10:34:07 am;100,550;20,50;31,44;29,06;17,86;12,21;15,04
05/08/2026 10:34:07 am;100,600;20,50;31,45;29,06;17,85;12,21;15,02
05/08/2026 10:34:07 am;100,650;20,50;31,45;29,06;17,85;12,21;15,00
05/08/2026 10:34:07 am;100,700;20,50;31,45;29,06;17,86;12,21;14,98
05/08/2026 10:34:07 am;100,750;20,50;31,45;29,06;17,85;12,21;14,95
05/08/2026 10:34:07 am;100,800;20,51;31,45;29,06;17,85;12,21;14,93
05/08/2026 10:34:07 am;100,850;20,51;31,45;29,06;17,85;12,20;14,91
05/08/2026 10:34:07 am;100,900;20,51;31,45;29,05;17,85;12,20;14,88
05/08/2026 10:34:07 am;100,950;20,51;31,46;29,06;17,85;12,20;14,86
05/08/2026 10:34:08 am;101,000;20,51;31,46;29,06;17,85;12,20;14,84
05/08/2026 10:34:08 am;101,050;20,51;31,46;29,05;17,85;12,20;14,81
05/08/2026 10:34:08 am;101,100;20,51;31,46;29,05;17,85;12,20;14,79
05/08/2026 10:34:08 am;101,150;20,51;31,47;29,06;17,85;12,20;14,76
05/08/2026 10:34:08 am;101,200;20,51;31,47;29,06;17,85;12,20;14,74
05/08/2026 10:34:08 am;101,250;20,51;31,47;29,05;17,85;12,20;14,71
05/08/2026 10:34:08 am;101,300;20,51;31,47;29,06;17,85;12,20;14,70
05/08/2026 10:34:08 am;101,350;20,51;31,47;29,06;17,85;12,20;14,67
05/08/2026 10:34:08 am;101,400;20,51;31,48;29,06;17,85;12,20;14,64
05/08/2026 10:34:08 am;101,450;20,52;31,48;29,06;17,84;12,20;14,62
05/08/2026 10:34:08 am;101,500;20,52;31,48;29,06;17,84;12,20;14,60
05/08/2026 10:34:08 am;101,550;20,52;31,48;29,06;17,84;12,20;14,57
05/08/2026 10:34:08 am;101,600;20,52;31,49;29,06;17,84;12,20;14,54
05/08/2026 10:34:08 am;101,650;20,52;31,49;29,06;17,84;12,19;14,52
05/08/2026 10:34:08 am;101,700;20,52;31,49;29,06;17,84;12,19;14,50
05/08/2026 10:34:08 am;101,750;20,52;31,49;29,06;17,84;12,19;14,47
05/08/2026 10:34:08 am;101,800;20,52;31,50;29,06;17,84;12,19;14,45
05/08/2026 10:34:08 am;101,850;20,52;31,50;29,07;17,84;12,20;14,42
05/08/2026 10:34:08 am;101,900;20,52;31,50;29,07;17,84;12,19;14,40
05/08/2026 10:34:08 am;101,950;20,52;31,50;29,07;17,84;12,19;14,38
05/08/2026 10:34:09 am;102,000;20,52;31,50;29,08;17,84;12,19;14,35
05/08/2026 10:34:09 am;102,050;20,52;31,50;29,08;17,84;12,19;14,33
05/08/2026 10:34:09 am;102,100;20,52;31,51;29,08;17,84;12,19;14,31
05/08/2026 10:34:09 am;102,150;20,53;31,51;29,09;17,83;12,19;14,28
05/08/2026 10:34:09 am;102,200;20,52;31,51;29,09;17,83;12,19;14,26
05/08/2026 10:34:09 am;102,250;20,53;31,51;29,10;17,83;12,19;14,23
05/08/2026 10:34:09 am;102,300;20,53;31,52;29,10;17,83;12,19;14,21
05/08/2026 10:34:09 am;102,350;20,53;31,52;29,11;17,83;12,19;14,18
05/08/2026 10:34:09 am;102,400;20,53;31,52;29,11;17,83;12,19;14,16
05/08/2026 10:34:09 am;102,450;20,53;31,52;29,12;17,83;12,19;14,14
05/08/2026 10:34:09 am;102,500;20,53;31,53;29,12;17,83;12,19;14,11
05/08/2026 10:34:09 am;102,550;20,53;31,53;29,13;17,83;12,19;14,09
05/08/2026 10:34:09 am;102,600;20,53;31,54;29,13;17,83;12,19;14,07
05/08/2026 10:34:09 am;102,650;20,53;31,54;29,14;17,83;12,19;14,04
05/08/2026 10:34:09 am;102,700;20,53;31,55;29,14;17,82;12,19;14,02
05/08/2026 10:34:09 am;102,750;20,53;31,55;29,15;17,82;12,19;14,00
05/08/2026 10:34:09 am;102,800;20,54;31,56;29,15;17,82;12,19;13,97
05/08/2026 10:34:09 am;102,850;20,54;31,56;29,15;17,83;12,19;13,95
05/08/2026 10:34:09 am;102,900;20,54;31,56;29,16;17,82;12,19;13,93
05/08/2026 10:34:09 am;102,950;20,54;31,57;29,16;17,83;12,19;13,90
05/08/2026 10:34:10 am;103,000;20,54;31,57;29,16;17,82;12,19;13,88
05/08/2026 10:34:10 am;103,050;20,54;31,58;29,17;17,82;12,19;13,86
05/08/2026 10:34:10 am;103,100;20,54;31,58;29,17;17,82;12,19;13,84
05/08/2026 10:34:10 am;103,150;20,54;31,59;29,17;17,82;12,18;13,81
05/08/2026 10:34:10 am;103,200;20,54;31,59;29,17;17,82;12,18;13,79
05/08/2026 10:34:10 am;103,250;20,54;31,60;29,17;17,82;12,18;13,76
05/08/2026 10:34:10 am;103,300;20,54;31,61;29,17;17,82;12,18;13,74
05/08/2026 10:34:10 am;103,350;20,54;31,61;29,18;17,82;12,18;13,72
05/08/2026 10:34:10 am;103,400;20,54;31,62;29,18;17,82;12,18;13,70
05/08/2026 10:34:10 am;103,450;20,55;31,62;29,18;17,82;12,18;13,68
05/08/2026 10:34:10 am;103,500;20,55;31,63;29,18;17,81;12,18;13,66
05/08/2026 10:34:10 am;103,550;20,55;31,64;29,18;17,81;12,18;13,63
05/08/2026 10:34:10 am;103,600;20,55;31,64;29,18;17,81;12,18;13,61
05/08/2026 10:34:10 am;103,650;20,55;31,65;29,18;17,81;12,18;13,59
05/08/2026 10:34:10 am;103,700;20,55;31,65;29,18;17,81;12,18;13,57
05/08/2026 10:34:10 am;103,750;20,55;31,66;29,18;17,81;12,18;13,55
05/08/2026 10:34:10 am;103,800;20,55;31,67;29,18;17,81;12,17;13,53
05/08/2026 10:34:10 am;103,850;20,55;31,67;29,19;17,81;12,17;13,51
05/08/2026 10:34:10 am;103,900;20,55;31,68;29,19;17,81;12,17;13,49
05/08/2026 10:34:10 am;103,950;20,55;31,69;29,19;17,81;12,17;13,47
05/08/2026 10:34:11 am;104,000;20,55;31,69;29,19;17,81;12,17;13,45
05/08/2026 10:34:11 am;104,050;20,56;31,70;29,19;17,81;12,17;13,43
05/08/2026 10:34:11 am;104,100;20,56;31,70;29,19;17,80;12,17;13,41
05/08/2026 10:34:11 am;104,150;20,56;31,71;29,20;17,81;12,17;13,39
05/08/2026 10:34:11 am;104,200;20,55;31,72;29,20;17,80;12,17;13,37
05/08/2026 10:34:11 am;104,250;20,56;31,72;29,20;17,80;12,17;13,34
05/08/2026 10:34:11 am;104,300;20,56;31,73;29,21;17,80;12,17;13,32
05/08/2026 10:34:11 am;104,350;20,56;31,73;29,21;17,80;12,17;13,30
05/08/2026 10:34:11 am;104,400;20,56;31,74;29,21;17,80;12,17;13,28
05/08/2026 10:34:11 am;104,450;20,56;31,75;29,22;17,80;12,17;13,26
05/08/2026 10:34:11 am;104,500;20,56;31,75;29,22;17,80;12,17;13,24
05/08/2026 10:34:11 am;104,550;20,57;31,76;29,23;17,80;12,17;13,21
05/08/2026 10:34:11 am;104,600;20,57;31,76;29,23;17,80;12,17;13,20
05/08/2026 10:34:11 am;104,650;20,56;31,77;29,24;17,80;12,17;13,17
05/08/2026 10:34:11 am;104,700;20,57;31,77;29,24;17,80;12,17;13,15
05/08/2026 10:34:11 am;104,750;20,57;31,78;29,24;17,79;12,16;13,13
05/08/2026 10:34:11 am;104,800;20,57;31,78;29,25;17,79;12,17;13,11
05/08/2026 10:34:11 am;104,850;20,57;31,79;29,25;17,79;12,17;13,09
05/08/2026 10:34:11 am;104,900;20,57;31,80;29,25;17,79;12,17;13,07
05/08/2026 10:34:11 am;104,950;20,57;31,80;29,26;17,79;12,17;13,05
05/08/2026 10:34:12 am;105,000;20,57;31,81;29,26;17,79;12,17;13,03
05/08/2026 10:34:12 am;105,050;20,57;31,81;29,27;17,79;12,17;13,01
05/08/2026 10:34:12 am;105,100;20,57;31,82;29,27;17,79;12,17;12,99
05/08/2026 10:34:12 am;105,150;20,57;31,82;29,27;17,79;12,17;12,97
05/08/2026 10:34:12 am;105,200;20,57;31,83;29,27;17,79;12,17;12,95
05/08/2026 10:34:12 am;105,250;20,57;31,83;29,28;17,78;12,17;12,93
05/08/2026 10:34:12 am;105,300;20,57;31,83;29,28;17,79;12,17;12,91
05/08/2026 10:34:12 am;105,350;20,58;31,84;29,28;17,78;12,17;12,89
05/08/2026 10:34:12 am;105,400;20,58;31,84;29,29;17,78;12,17;12,87
05/08/2026 10:34:12 am;105,450;20,58;31,85;29,29;17,78;12,16;12,85
05/08/2026 10:34:12 am;105,500;20,58;31,85;29,30;17,78;12,17;12,83
05/08/2026 10:34:12 am;105,550;20,58;31,85;29,30;17,78;12,17;12,81
05/08/2026 10:34:12 am;105,600;20,58;31,85;29,30;17,78;12,17;12,79
05/08/2026 10:34:12 am;105,650;20,58;31,86;29,31;17,78;12,17;12,77
05/08/2026 10:34:12 am;105,700;20,58;31,86;29,31;17,78;12,17;12,75
05/08/2026 10:34:12 am;105,750;20,58;31,87;29,31;17,78;12,17;12,73
05/08/2026 10:34:12 am;105,800;20,58;31,87;29,32;17,78;12,17;12,72
05/08/2026 10:34:12 am;105,850;20,58;31,87;29,32;17,78;12,17;12,69
05/08/2026 10:34:12 am;105,900;20,58;31,87;29,32;17,78;12,17;12,68
05/08/2026 10:34:12 am;105,950;20,59;31,88;29,32;17,77;12,17;12,66
05/08/2026 10:34:13 am;106,000;20,59;31,88;29,32;17,77;12,17;12,64
05/08/2026 10:34:13 am;106,050;20,59;31,88;29,33;17,77;12,17;12,63
05/08/2026 10:34:13 am;106,100;20,59;31,89;29,33;17,77;12,17;12,61
05/08/2026 10:34:13 am;106,150;20,59;31,89;29,33;17,77;12,17;12,59
05/08/2026 10:34:13 am;106,200;20,59;31,89;29,33;17,77;12,17;12,57
05/08/2026 10:34:13 am;106,250;20,59;31,89;29,33;17,76;12,17;12,56
05/08/2026 10:34:13 am;106,300;20,60;31,89;29,33;17,76;12,17;12,54
05/08/2026 10:34:13 am;106,350;20,59;31,90;29,34;17,76;12,17;12,52
05/08/2026 10:34:13 am;106,400;20,59;31,90;29,34;17,76;12,17;12,51
05/08/2026 10:34:13 am;106,450;20,60;31,90;29,34;17,76;12,17;12,49
05/08/2026 10:34:13 am;106,500;20,60;31,90;29,34;17,76;12,17;12,47
05/08/2026 10:34:13 am;106,550;20,60;31,90;29,34;17,76;12,17;12,45
05/08/2026 10:34:13 am;106,600;20,60;31,90;29,34;17,76;12,17;12,44
05/08/2026 10:34:13 am;106,650;20,60;31,90;29,34;17,76;12,17;12,42
05/08/2026 10:34:13 am;106,700;20,60;31,90;29,35;17,76;12,17;12,41
05/08/2026 10:34:13 am;106,750;20,60;31,91;29,35;17,75;12,17;12,39
05/08/2026 10:34:13 am;106,800;20,60;31,91;29,35;17,75;12,17;12,38
05/08/2026 10:34:13 am;106,850;20,60;31,91;29,35;17,75;12,18;12,37
05/08/2026 10:34:13 am;106,900;20,60;31,91;29,35;17,75;12,18;12,35
05/08/2026 10:34:13 am;106,950;20,60;31,92;29,35;17,75;12,17;12,33
05/08/2026 10:34:14 am;107,000;20,61;31,92;29,35;17,75;12,17;12,32
05/08/2026 10:34:14 am;107,050;20,61;31,92;29,35;17,75;12,17;12,30
05/08/2026 10:34:14 am;107,100;20,61;31,92;29,35;17,75;12,18;12,29
05/08/2026 10:34:14 am;107,150;20,60;31,92;29,35;17,75;12,17;12,28
05/08/2026 10:34:14 am;107,200;20,61;31,92;29,35;17,75;12,17;12,27
05/08/2026 10:34:14 am;107,250;20,61;31,93;29,35;17,75;12,18;12,25
05/08/2026 10:34:14 am;107,300;20,61;31,93;29,35;17,74;12,17;12,24
05/08/2026 10:34:14 am;107,350;20,61;31,93;29,36;17,74;12,17;12,22
05/08/2026 10:34:14 am;107,400;20,61;31,93;29,36;17,74;12,18;12,21
05/08/2026 10:34:14 am;107,450;20,61;31,93;29,36;17,74;12,17;12,20
05/08/2026 10:34:14 am;107,500;20,61;31,93;29,36;17,74;12,18;12,19
05/08/2026 10:34:14 am;107,550;20,61;31,93;29,36;17,74;12,18;12,18
05/08/2026 10:34:14 am;107,600;20,61;31,93;29,36;17,74;12,18;12,17
05/08/2026 10:34:14 am;107,650;20,62;31,93;29,36;17,73;12,18;12,16
05/08/2026 10:34:14 am;107,700;20,62;31,93;29,36;17,73;12,18;12,15
05/08/2026 10:34:14 am;107,750;20,62;31,94;29,36;17,73;12,18;12,13
05/08/2026 10:34:14 am;107,800;20,62;31,94;29,36;17,73;12,18;12,12
05/08/2026 10:34:14 am;107,850;20,62;31,94;29,36;17,73;12,18;12,11
05/08/2026 10:34:14 am;107,900;20,62;31,94;29,36;17,73;12,18;12,10
05/08/2026 10:34:14 am;107,950;20,62;31,94;29,37;17,73;12,18;12,09
05/08/2026 10:34:15 am;108,000;20,62;31,94;29,37;17,73;12,18;12,08
05/08/2026 10:34:15 am;108,050;20,62;31,94;29,37;17,73;12,18;12,07
05/08/2026 10:34:15 am;108,100;20,62;31,94;29,37;17,72;12,18;12,06
05/08/2026 10:34:15 am;108,150;20,62;31,95;29,37;17,72;12,18;12,05
05/08/2026 10:34:15 am;108,200;20,63;31,95;29,38;17,72;12,18;12,04
05/08/2026 10:34:15 am;108,250;20,63;31,95;29,38;17,72;12,18;12,03
05/08/2026 10:34:15 am;108,300;20,63;31,95;29,38;17,72;12,18;12,02
05/08/2026 10:34:15 am;108,350;20,63;31,95;29,39;17,72;12,18;12,01
05/08/2026 10:34:15 am;108,400;20,63;31,95;29,39;17,72;12,18;12,00
05/08/2026 10:34:15 am;108,450;20,63;31,95;29,39;17,72;12,18;11,99
05/08/2026 10:34:15 am;108,500;20,63;31,96;29,40;17,71;12,18;11,98
05/08/2026 10:34:15 am;108,550;20,63;31,96;29,40;17,71;12,18;11,97
05/08/2026 10:34:15 am;108,600;20,63;31,96;29,41;17,71;12,18;11,96
05/08/2026 10:34:15 am;108,650;20,63;31,97;29,41;17,71;12,18;11,95
05/08/2026 10:34:15 am;108,700;20,64;31,96;29,41;17,71;12,18;11,94
05/08/2026 10:34:15 am;108,750;20,64;31,97;29,41;17,71;12,18;11,93
05/08/2026 10:34:15 am;108,800;20,63;31,97;29,42;17,71;12,18;11,92
05/08/2026 10:34:15 am;108,850;20,64;31,97;29,42;17,70;12,18;11,91
05/08/2026 10:34:15 am;108,900;20,64;31,97;29,42;17,70;12,18;11,90
05/08/2026 10:34:15 am;108,950;20,64;31,98;29,42;17,70;12,17;11,89
05/08/2026 10:34:16 am;109,000;20,64;31,98;29,43;17,70;12,17;11,88
05/08/2026 10:34:16 am;109,050;20,64;31,98;29,43;17,70;12,17;11,87
05/08/2026 10:34:16 am;109,100;20,64;31,98;29,43;17,70;12,17;11,86
05/08/2026 10:34:16 am;109,150;20,64;31,98;29,43;17,70;12,17;11,85
05/08/2026 10:34:16 am;109,200;20,64;31,99;29,43;17,69;12,17;11,84
05/08/2026 10:34:16 am;109,250;20,65;31,99;29,44;17,69;12,17;11,83
05/08/2026 10:34:16 am;109,300;20,65;31,99;29,44;17,69;12,17;11,82
05/08/2026 10:34:16 am;109,350;20,65;31,99;29,44;17,69;12,16;11,82
05/08/2026 10:34:16 am;109,400;20,65;31,99;29,44;17,69;12,16;11,80
05/08/2026 10:34:16 am;109,450;20,65;31,99;29,44;17,69;12,16;11,79
05/08/2026 10:34:16 am;109,500;20,65;31,99;29,44;17,68;12,16;11,78
05/08/2026 10:34:16 am;109,550;20,65;32,00;29,44;17,68;12,16;11,77
05/08/2026 10:34:16 am;109,600;20,65;32,00;29,44;17,68;12,16;11,76
05/08/2026 10:34:16 am;109,650;20,65;32,00;29,45;17,68;12,16;11,75
05/08/2026 10:34:16 am;109,700;20,65;32,00;29,45;17,68;12,15;11,74
05/08/2026 10:34:16 am;109,750;20,65;32,01;29,45;17,68;12,15;11,73
05/08/2026 10:34:16 am;109,800;20,65;32,01;29,45;17,68;12,15;11,72
05/08/2026 10:34:16 am;109,850;20,65;32,01;29,45;17,68;12,15;11,71
05/08/2026 10:34:16 am;109,900;20,66;32,01;29,45;17,68;12,15;11,71
05/08/2026 10:34:16 am;109,950;20,66;32,01;29,45;17,67;12,15;11,69
05/08/2026 10:34:17 am;110,000;20,66;32,01;29,45;17,67;12,15;11,69
05/08/2026 10:34:17 am;110,050;20,66;32,01;29,45;17,67;12,14;11,68
05/08/2026 10:34:17 am;110,100;20,66;32,01;29,45;17,67;12,15;11,67
05/08/2026 10:34:17 am;110,150;20,66;32,01;29,45;17,67;12,14;11,66
05/08/2026 10:34:17 am;110,200;20,66;32,01;29,45;17,67;12,14;11,65
05/08/2026 10:34:17 am;110,250;20,66;32,01;29,45;17,66;12,14;11,64
05/08/2026 10:34:17 am;110,300;20,66;32,01;29,44;17,67;12,14;11,63
05/08/2026 10:34:17 am;110,350;20,67;32,01;29,44;17,66;12,14;11,63
05/08/2026 10:34:17 am;110,400;20,67;32,01;29,44;17,66;12,14;11,62
05/08/2026 10:34:17 am;110,450;20,67;32,01;29,44;17,66;12,13;11,60
05/08/2026 10:34:17 am;110,500;20,67;32,02;29,44;17,66;12,13;11,60
05/08/2026 10:34:17 am;110,550;20,67;32,02;29,43;17,66;12,13;11,59
05/08/2026 10:34:17 am;110,600;20,67;32,02;29,43;17,66;12,13;11,58
05/08/2026 10:34:17 am;110,650;20,67;32,02;29,43;17,66;12,13;11,57
05/08/2026 10:34:17 am;110,700;20,67;32,02;29,43;17,65;12,13;11,56
05/08/2026 10:34:17 am;110,750;20,67;32,02;29,43;17,65;12,13;11,55
05/08/2026 10:34:17 am;110,800;20,67;32,02;29,42;17,65;12,13;11,55
05/08/2026 10:34:17 am;110,850;20,67;32,03;29,42;17,65;12,13;11,53
05/08/2026 10:34:17 am;110,900;20,67;32,03;29,42;17,65;12,13;11,53
05/08/2026 10:34:17 am;110,950;20,68;32,03;29,42;17,64;12,13;11,51
05/08/2026 10:34:18 am;111,000;20,68;32,03;29,41;17,65;12,13;11,51
05/08/2026 10:34:18 am;111,050;20,68;32,04;29,41;17,64;12,13;11,50
05/08/2026 10:34:18 am;111,100;20,68;32,04;29,41;17,64;12,13;11,50
05/08/2026 10:34:18 am;111,150;20,68;32,04;29,41;17,64;12,13;11,49
05/08/2026 10:34:18 am;111,200;20,68;32,04;29,41;17,64;12,13;11,48
05/08/2026 10:34:18 am;111,250;20,68;32,04;29,41;17,64;12,12;11,47
05/08/2026 10:34:18 am;111,300;20,68;32,04;29,40;17,63;12,12;11,46
05/08/2026 10:34:18 am;111,350;20,68;32,05;29,40;17,64;12,13;11,46
05/08/2026 10:34:18 am;111,400;20,68;32,05;29,40;17,63;12,12;11,45
05/08/2026 10:34:18 am;111,450;20,68;32,05;29,40;17,63;12,12;11,44
05/08/2026 10:34:18 am;111,500;20,68;32,05;29,40;17,63;12,12;11,43
05/08/2026 10:34:18 am;111,550;20,69;32,05;29,39;17,63;12,12;11,43
05/08/2026 10:34:18 am;111,600;20,69;32,06;29,39;17,63;12,12;11,42
05/08/2026 10:34:18 am;111,650;20,69;32,06;29,39;17,63;12,12;11,42
05/08/2026 10:34:18 am;111,700;20,69;32,06;29,39;17,62;12,12;11,41
05/08/2026 10:34:18 am;111,750;20,69;32,07;29,39;17,62;12,12;11,40
05/08/2026 10:34:18 am;111,800;20,69;32,07;29,39;17,62;12,12;11,39
05/08/2026 10:34:18 am;111,850;20,69;32,07;29,39;17,62;12,12;11,39
05/08/2026 10:34:18 am;111,900;20,69;32,08;29,39;17,62;12,12;11,38
05/08/2026 10:34:18 am;111,950;20,70;32,08;29,39;17,62;12,13;11,38
05/08/2026 10:34:19 am;112,000;20,70;32,08;29,39;17,62;12,13;11,37
05/08/2026 10:34:19 am;112,050;20,70;32,09;29,39;17,61;12,12;11,36
05/08/2026 10:34:19 am;112,100;20,70;32,09;29,39;17,61;12,12;11,36
05/08/2026 10:34:19 am;112,150;20,70;32,09;29,39;17,61;12,13;11,35
05/08/2026 10:34:19 am;112,200;20,70;32,09;29,39;17,61;12,13;11,34
05/08/2026 10:34:19 am;112,250;20,70;32,09;29,39;17,61;12,13;11,34
05/08/2026 10:34:19 am;112,300;20,70;32,09;29,39;17,61;12,13;11,33
05/08/2026 10:34:19 am;112,350;20,70;32,09;29,39;17,60;12,13;11,33
05/08/2026 10:34:19 am;112,400;20,70;32,09;29,40;17,60;12,13;11,33
05/08/2026 10:34:19 am;112,450;20,71;32,10;29,39;17,60;12,13;11,32
05/08/2026 10:34:19 am;112,500;20,71;32,10;29,40;17,60;12,13;11,32
05/08/2026 10:34:19 am;112,550;20,71;32,10;29,40;17,60;12,13;11,31
05/08/2026 10:34:19 am;112,600;20,71;32,10;29,40;17,60;12,13;11,30
05/08/2026 10:34:19 am;112,650;20,71;32,10;29,40;17,60;12,13;11,30
05/08/2026 10:34:19 am;112,700;20,71;32,11;29,40;17,60;12,13;11,30
05/08/2026 10:34:19 am;112,750;20,71;32,11;29,40;17,59;12,13;11,29
05/08/2026 10:34:19 am;112,800;20,71;32,11;29,40;17,59;12,13;11,29
05/08/2026 10:34:19 am;112,850;20,71;32,11;29,41;17,59;12,13;11,28
05/08/2026 10:34:19 am;112,900;20,71;32,11;29,41;17,59;12,13;11,28
05/08/2026 10:34:19 am;112,950;20,71;32,11;29,41;17,59;12,13;11,27
05/08/2026 10:34:20 am;113,000;20,72;32,12;29,41;17,59;12,14;11,27
05/08/2026 10:34:20 am;113,050;20,72;32,12;29,41;17,59;12,13;11,26
05/08/2026 10:34:20 am;113,100;20,72;32,12;29,41;17,58;12,14;11,26
05/08/2026 10:34:20 am;113,150;20,72;32,12;29,41;17,58;12,13;11,25
05/08/2026 10:34:20 am;113,200;20,72;32,12;29,42;17,58;12,13;11,25
05/08/2026 10:34:20 am;113,250;20,72;32,12;29,42;17,58;12,14;11,25
05/08/2026 10:34:20 am;113,300;20,72;32,13;29,42;17,58;12,14;11,24
05/08/2026 10:34:20 am;113,350;20,72;32,13;29,42;17,58;12,14;11,24
05/08/2026 10:34:20 am;113,400;20,72;32,13;29,42;17,58;12,14;11,23
05/08/2026 10:34:20 am;113,450;20,72;32,13;29,42;17,57;12,14;11,23
05/08/2026 10:34:20 am;113,500;20,73;32,13;29,42;17,57;12,14;11,22
05/08/2026 10:34:20 am;113,550;20,73;32,14;29,43;17,57;12,14;11,21
05/08/2026 10:34:20 am;113,600;20,73;32,14;29,43;17,57;12,14;11,21
05/08/2026 10:34:20 am;113,650;20,73;32,14;29,43;17,57;12,14;11,20
05/08/2026 10:34:20 am;113,700;20,73;32,14;29,43;17,56;12,15;11,20
05/08/2026 10:34:20 am;113,750;20,73;32,14;29,43;17,57;12,14;11,19
05/08/2026 10:34:20 am;113,800;20,73;32,14;29,43;17,57;12,15;11,18
05/08/2026 10:34:20 am;113,850;20,73;32,15;29,43;17,56;12,15;11,18
05/08/2026 10:34:20 am;113,900;20,73;32,15;29,43;17,56;12,15;11,17
05/08/2026 10:34:20 am;113,950;20,73;32,15;29,43;17,56;12,15;11,16
05/08/2026 10:34:21 am;114,000;20,74;32,15;29,44;17,56;12,15;11,16
05/08/2026 10:34:21 am;114,050;20,73;32,15;29,44;17,56;12,15;11,15
05/08/2026 10:34:21 am;114,100;20,74;32,16;29,44;17,56;12,15;11,15
05/08/2026 10:34:21 am;114,150;20,74;32,16;29,44;17,55;12,15;11,15
05/08/2026 10:34:21 am;114,200;20,74;32,16;29,44;17,55;12,15;11,14
05/08/2026 10:34:21 am;114,250;20,74;32,16;29,44;17,55;12,15;11,13
05/08/2026 10:34:21 am;114,300;20,74;32,16;29,44;17,55;12,16;11,13
05/08/2026 10:34:21 am;114,350;20,74;32,16;29,44;17,55;12,16;11,13
05/08/2026 10:34:21 am;114,400;20,74;32,16;29,45;17,55;12,16;11,12
05/08/2026 10:34:21 am;114,450;20,74;32,17;29,45;17,54;12,16;11,12
05/08/2026 10:34:21 am;114,500;20,74;32,17;29,45;17,54;12,16;11,11
05/08/2026 10:34:21 am;114,550;20,75;32,17;29,45;17,54;12,16;11,11
05/08/2026 10:34:21 am;114,600;20,75;32,17;29,45;17,54;12,16;11,10
05/08/2026 10:34:21 am;114,650;20,75;32,17;29,45;17,54;12,16;11,10
05/08/2026 10:34:21 am;114,700;20,75;32,17;29,45;17,54;12,17;11,09
05/08/2026 10:34:21 am;114,750;20,75;32,17;29,46;17,54;12,17;11,09
05/08/2026 10:34:21 am;114,800;20,75;32,17;29,46;17,54;12,17;11,09
05/08/2026 10:34:21 am;114,850;20,75;32,17;29,46;17,53;12,17;11,08
05/08/2026 10:34:21 am;114,900;20,75;32,17;29,46;17,53;12,17;11,08
05/08/2026 10:34:21 am;114,950;20,75;32,17;29,46;17,53;12,17;11,08
05/08/2026 10:34:22 am;115,000;20,75;32,17;29,46;17,53;12,17;11,07
05/08/2026 10:34:22 am;115,050;20,75;32,17;29,46;17,53;12,18;11,07
05/08/2026 10:34:22 am;115,100;20,76;32,17;29,47;17,53;12,18;11,06
05/08/2026 10:34:22 am;115,150;20,76;32,17;29,47;17,52;12,18;11,06
05/08/2026 10:34:22 am;115,200;20,76;32,17;29,47;17,52;12,18;11,05
05/08/2026 10:34:22 am;115,250;20,76;32,17;29,47;17,52;12,18;11,05
05/08/2026 10:34:22 am;115,300;20,76;32,17;29,47;17,52;12,19;11,05
05/08/2026 10:34:22 am;115,350;20,76;32,17;29,48;17,52;12,19;11,04
05/08/2026 10:34:22 am;115,400;20,76;32,17;29,48;17,52;12,19;11,04
05/08/2026 10:34:22 am;115,450;20,76;32,17;29,48;17,51;12,19;11,03
05/08/2026 10:34:22 am;115,500;20,76;32,17;29,48;17,51;12,19;11,03
05/08/2026 10:34:22 am;115,550;20,76;32,18;29,49;17,51;12,19;11,03
05/08/2026 10:34:22 am;115,600;20,77;32,18;29,49;17,51;12,20;11,03
05/08/2026 10:34:22 am;115,650;20,77;32,18;29,49;17,51;12,20;11,02
05/08/2026 10:34:22 am;115,700;20,77;32,18;29,49;17,51;12,20;11,02
05/08/2026 10:34:22 am;115,750;20,77;32,19;29,49;17,51;12,20;11,02
05/08/2026 10:34:22 am;115,800;20,77;32,19;29,50;17,51;12,20;11,02
05/08/2026 10:34:22 am;115,850;20,77;32,19;29,50;17,50;12,21;11,01
05/08/2026 10:34:22 am;115,900;20,77;32,19;29,50;17,50;12,21;11,01
05/08/2026 10:34:22 am;115,950;20,77;32,19;29,50;17,50;12,21;11,01
05/08/2026 10:34:23 am;116,000;20,77;32,19;29,50;17,50;12,21;11,00
05/08/2026 10:34:23 am;116,050;20,78;32,19;29,51;17,50;12,21;11,00
05/08/2026 10:34:23 am;116,100;20,77;32,19;29,51;17,50;12,21;11,00
05/08/2026 10:34:23 am;116,150;20,78;32,20;29,51;17,50;12,21;10,99
05/08/2026 10:34:23 am;116,200;20,78;32,20;29,51;17,49;12,22;10,99
05/08/2026 10:34:23 am;116,250;20,78;32,20;29,51;17,50;12,21;10,99
05/08/2026 10:34:23 am;116,300;20,78;32,20;29,51;17,49;12,22;10,99
05/08/2026 10:34:23 am;116,350;20,78;32,20;29,51;17,49;12,22;10,98
05/08/2026 10:34:23 am;116,400;20,78;32,20;29,52;17,49;12,22;10,98
05/08/2026 10:34:23 am;116,450;20,78;32,20;29,52;17,49;12,22;10,97
05/08/2026 10:34:23 am;116,500;20,78;32,20;29,52;17,49;12,23;10,97
05/08/2026 10:34:23 am;116,550;20,78;32,20;29,52;17,49;12,22;10,97
05/08/2026 10:34:23 am;116,600;20,78;32,20;29,52;17,49;12,23;10,97
05/08/2026 10:34:23 am;116,650;20,79;32,20;29,53;17,48;12,23;10,96
05/08/2026 10:34:23 am;116,700;20,79;32,21;29,53;17,48;12,23;10,96
05/08/2026 10:34:23 am;116,750;20,79;32,21;29,53;17,48;12,23;10,96
05/08/2026 10:34:23 am;116,800;20,79;32,21;29,53;17,48;12,23;10,96
05/08/2026 10:34:23 am;116,850;20,79;32,21;29,53;17,48;12,24;10,95
05/08/2026 10:34:23 am;116,900;20,79;32,21;29,54;17,48;12,24;10,95
05/08/2026 10:34:23 am;116,950;20,79;32,21;29,54;17,48;12,24;10,95
05/08/2026 10:34:24 am;117,000;20,79;32,21;29,54;17,47;12,24;10,95
05/08/2026 10:34:24 am;117,050;20,79;32,21;29,54;17,47;12,24;10,94
05/08/2026 10:34:24 am;117,100;20,80;32,22;29,55;17,47;12,25;10,94
05/08/2026 10:34:24 am;117,150;20,80;32,22;29,55;17,47;12,25;10,94
05/08/2026 10:34:24 am;117,200;20,80;32,22;29,55;17,47;12,25;10,93
05/08/2026 10:34:24 am;117,250;20,80;32,22;29,55;17,47;12,25;10,93
05/08/2026 10:34:24 am;117,300;20,80;32,22;29,56;17,47;12,25;10,93
05/08/2026 10:34:24 am;117,350;20,80;32,22;29,56;17,46;12,25;10,92
05/08/2026 10:34:24 am;117,400;20,80;32,22;29,57;17,46;12,25;10,92
05/08/2026 10:34:24 am;117,450;20,80;32,22;29,57;17,46;12,25;10,92
05/08/2026 10:34:24 am;117,500;20,80;32,23;29,58;17,46;12,26;10,91
05/08/2026 10:34:24 am;117,550;20,80;32,23;29,58;17,46;12,25;10,91
05/08/2026 10:34:24 am;117,600;20,80;32,23;29,58;17,46;12,26;10,91
05/08/2026 10:34:24 am;117,650;20,81;32,23;29,59;17,46;12,26;10,91
05/08/2026 10:34:24 am;117,700;20,81;32,23;29,59;17,46;12,26;10,91
05/08/2026 10:34:24 am;117,750;20,81;32,23;29,60;17,45;12,26;10,91
05/08/2026 10:34:24 am;117,800;20,81;32,23;29,60;17,45;12,26;10,91
05/08/2026 10:34:24 am;117,850;20,81;32,23;29,60;17,45;12,25;10,91
05/08/2026 10:34:24 am;117,900;20,81;32,23;29,61;17,45;12,26;10,91
05/08/2026 10:34:24 am;117,950;20,81;32,23;29,61;17,45;12,26;10,90
05/08/2026 10:34:25 am;118,000;20,81;32,23;29,62;17,45;12,25;10,91
05/08/2026 10:34:25 am;118,050;20,81;32,23;29,62;17,45;12,26;10,91
05/08/2026 10:34:25 am;118,100;20,81;32,23;29,63;17,45;12,26;10,91
05/08/2026 10:34:25 am;118,150;20,82;32,23;29,63;17,44;12,26;10,91
05/08/2026 10:34:25 am;118,200;20,81;32,22;29,63;17,44;12,25;10,91
05/08/2026 10:34:25 am;118,250;20,82;32,22;29,64;17,44;12,26;10,91
05/08/2026 10:34:25 am;118,300;20,82;32,22;29,64;17,44;12,26;10,91
05/08/2026 10:34:25 am;118,350;20,82;32,22;29,65;17,44;12,26;10,91
05/08/2026 10:34:25 am;118,400;20,82;32,22;29,65;17,44;12,26;10,91
05/08/2026 10:34:25 am;118,450;20,82;32,21;29,65;17,44;12,25;10,91
05/08/2026 10:34:25 am;118,500;20,82;32,21;29,66;17,44;12,26;10,91
05/08/2026 10:34:25 am;118,550;20,82;32,21;29,66;17,43;12,26;10,91
05/08/2026 10:34:25 am;118,600;20,83;32,21;29,66;17,43;12,26;10,90
05/08/2026 10:34:25 am;118,650;20,83;32,21;29,66;17,43;12,26;10,91
05/08/2026 10:34:25 am;118,700;20,83;32,21;29,67;17,43;12,26;10,91
05/08/2026 10:34:25 am;118,750;20,83;32,20;29,67;17,43;12,26;10,91
05/08/2026 10:34:25 am;118,800;20,83;32,20;29,67;17,43;12,26;10,91
05/08/2026 10:34:25 am;118,850;20,83;32,20;29,67;17,43;12,26;10,91
05/08/2026 10:34:25 am;118,900;20,83;32,20;29,67;17,43;12,27;10,90
05/08/2026 10:34:25 am;118,950;20,83;32,20;29,67;17,43;12,26;10,90
05/08/2026 10:34:26 am;119,000;20,83;32,20;29,67;17,43;12,26;10,90
05/08/2026 10:34:26 am;119,050;20,84;32,20;29,68;17,42;12,27;10,91
05/08/2026 10:34:26 am;119,100;20,83;32,19;29,68;17,42;12,26;10,90
05/08/2026 10:34:26 am;119,150;20,84;32,19;29,67;17,42;12,27;10,90
05/08/2026 10:34:26 am;119,200;20,84;32,19;29,68;17,42;12,27;10,90
05/08/2026 10:34:26 am;119,250;20,84;32,19;29,68;17,42;12,27;10,90
05/08/2026 10:34:26 am;119,300;20,84;32,19;29,68;17,41;12,27;10,90
05/08/2026 10:34:26 am;119,350;20,84;32,19;29,68;17,41;12,27;10,90
05/08/2026 10:34:26 am;119,400;20,84;32,19;29,68;17,42;12,27;10,90
05/08/2026 10:34:26 am;119,450;20,84;32,19;29,68;17,41;12,27;10,90
05/08/2026 10:34:26 am;119,500;20,84;32,20;29,68;17,41;12,27;10,90
05/08/2026 10:34:26 am;119,550;20,84;32,20;29,68;17,41;12,27;10,90
05/08/2026 10:34:26 am;119,600;20,85;32,20;29,69;17,41;12,27;10,90
05/08/2026 10:34:26 am;119,650;20,85;32,20;29,68;17,41;12,27;10,90
05/08/2026 10:34:26 am;119,700;20,85;32,20;29,68;17,41;12,27;10,90
05/08/2026 10:34:26 am;119,750;20,85;32,20;29,68;17,41;12,27;10,90
05/08/2026 10:34:26 am;119,800;20,85;32,20;29,69;17,40;12,27;10,90
05/08/2026 10:34:26 am;119,850;20,85;32,20;29,69;17,40;12,27;10,90
05/08/2026 10:34:26 am;119,900;20,85;32,20;29,69;17,40;12,27;10,89
05/08/2026 10:34:26 am;119,950;20,85;32,21;29,69;17,40;12,27;10,89
05/08/2026 10:34:27 am;120,000;20,85;32,21;29,69;17,40;12,28;10,89
05/08/2026 10:34:27 am;120,050;20,85;32,21;29,69;17,40;12,27;10,89
05/08/2026 10:34:27 am;120,100;20,85;32,21;29,69;17,40;12,27;10,89
05/08/2026 10:34:27 am;120,150;20,85;32,21;29,69;17,40;12,28;10,89
05/08/2026 10:34:27 am;120,200;20,86;32,21;29,69;17,39;12,28;10,88
05/08/2026 10:34:27 am;120,250;20,86;32,21;29,69;17,40;12,28;10,88
05/08/2026 10:34:27 am;120,300;20,86;32,22;29,69;17,40;12,28;10,88
05/08/2026 10:34:27 am;120,350;20,86;32,22;29,69;17,39;12,28;10,88
05/08/2026 10:34:27 am;120,400;20,86;32,22;29,69;17,39;12,28;10,88
05/08/2026 10:34:27 am;120,450;20,86;32,22;29,69;17,39;12,28;10,88
05/08/2026 10:34:27 am;120,500;20,86;32,22;29,69;17,39;12,28;10,88
05/08/2026 10:34:27 am;120,550;20,86;32,22;29,69;17,39;12,28;10,87
05/08/2026 10:34:27 am;120,600;20,86;32,22;29,69;17,39;12,29;10,87
05/08/2026 10:34:27 am;120,650;20,86;32,22;29,69;17,39;12,28;10,87
05/08/2026 10:34:27 am;120,700;20,87;32,22;29,69;17,39;12,28;10,87
05/08/2026 10:34:27 am;120,750;20,87;32,22;29,69;17,38;12,28;10,86
05/08/2026 10:34:27 am;120,800;20,87;32,22;29,69;17,38;12,29;10,86
05/08/2026 10:34:27 am;120,850;20,87;32,22;29,69;17,38;12,29;10,86
05/08/2026 10:34:27 am;120,900;20,87;32,22;29,69;17,38;12,28;10,86
05/08/2026 10:34:27 am;120,950;20,87;32,22;29,69;17,38;12,29;10,86
05/08/2026 10:34:28 am;121,000;20,87;32,22;29,69;17,38;12,29;10,86
05/08/2026 10:34:28 am;121,050;20,87;32,22;29,69;17,38;12,29;10,85
05/08/2026 10:34:28 am;121,100;20,87;32,23;29,70;17,38;12,29;10,85
05/08/2026 10:34:28 am;121,150;20,87;32,22;29,70;17,37;12,29;10,85
05/08/2026 10:34:28 am;121,200;20,88;32,22;29,70;17,38;12,30;10,85
05/08/2026 10:34:28 am;121,250;20,88;32,23;29,70;17,37;12,30;10,85
05/08/2026 10:34:28 am;121,300;20,88;32,23;29,71;17,37;12,30;10,85
05/08/2026 10:34:28 am;121,350;20,88;32,23;29,71;17,37;12,30;10,85
05/08/2026 10:34:28 am;121,400;20,88;32,23;29,71;17,37;12,30;10,84
05/08/2026 10:34:28 am;121,450;20,88;32,23;29,71;17,37;12,30;10,84
05/08/2026 10:34:28 am;121,500;20,88;32,23;29,71;17,37;12,31;10,84
05/08/2026 10:34:28 am;121,550;20,88;32,23;29,72;17,37;12,31;10,84
05/08/2026 10:34:28 am;121,600;20,89;32,23;29,72;17,37;12,31;10,84
05/08/2026 10:34:28 am;121,650;20,88;32,23;29,72;17,36;12,31;10,84
05/08/2026 10:34:28 am;121,700;20,89;32,23;29,72;17,36;12,31;10,83
05/08/2026 10:34:28 am;121,750;20,89;32,23;29,72;17,36;12,31;10,83
05/08/2026 10:34:28 am;121,800;20,89;32,23;29,73;17,36;12,32;10,83
05/08/2026 10:34:28 am;121,850;20,89;32,23;29,73;17,36;12,31;10,83
05/08/2026 10:34:28 am;121,900;20,89;32,24;29,73;17,36;12,32;10,83
05/08/2026 10:34:28 am;121,950;20,89;32,24;29,74;17,36;12,32;10,82
05/08/2026 10:34:29 am;122,000;20,89;32,24;29,74;17,36;12,32;10,83
05/08/2026 10:34:29 am;122,050;20,90;32,24;29,75;17,36;12,32;10,82
05/08/2026 10:34:29 am;122,100;20,90;32,24;29,75;17,35;12,32;10,82
05/08/2026 10:34:29 am;122,150;20,90;32,24;29,75;17,36;12,33;10,82
05/08/2026 10:34:29 am;122,200;20,90;32,24;29,76;17,35;12,33;10,82
05/08/2026 10:34:29 am;122,250;20,90;32,24;29,76;17,35;12,32;10,82
05/08/2026 10:34:29 am;122,300;20,90;32,24;29,77;17,35;12,33;10,82
05/08/2026 10:34:29 am;122,350;20,90;32,23;29,77;17,35;12,33;10,81
05/08/2026 10:34:29 am;122,400;20,90;32,23;29,77;17,35;12,33;10,82
05/08/2026 10:34:29 am;122,450;20,91;32,23;29,78;17,35;12,33;10,81
05/08/2026 10:34:29 am;122,500;20,91;32,22;29,78;17,35;12,33;10,81
05/08/2026 10:34:29 am;122,550;20,91;32,22;29,79;17,35;12,33;10,82
05/08/2026 10:34:29 am;122,600;20,91;32,21;29,79;17,35;12,33;10,81
05/08/2026 10:34:29 am;122,650;20,91;32,21;29,79;17,34;12,33;10,81
05/08/2026 10:34:29 am;122,700;20,91;32,20;29,80;17,34;12,33;10,81
05/08/2026 10:34:29 am;122,750;20,91;32,19;29,80;17,34;12,33;10,82
05/08/2026 10:34:29 am;122,800;20,91;32,19;29,80;17,34;12,33;10,81
05/08/2026 10:34:29 am;122,850;20,91;32,18;29,81;17,34;12,33;10,81
05/08/2026 10:34:29 am;122,900;20,91;32,18;29,81;17,34;12,33;10,82
05/08/2026 10:34:29 am;122,950;20,92;32,17;29,81;17,34;12,33;10,82
05/08/2026 10:34:30 am;123,000;20,91;32,16;29,82;17,34;12,33;10,82
05/08/2026 10:34:30 am;123,050;20,92;32,16;29,82;17,34;12,32;10,82
05/08/2026 10:34:30 am;123,100;20,92;32,15;29,82;17,33;12,33;10,82
05/08/2026 10:34:30 am;123,150;20,92;32,15;29,83;17,33;12,32;10,82
05/08/2026 10:34:30 am;123,200;20,92;32,15;29,83;17,33;12,32;10,82
05/08/2026 10:34:30 am;123,250;20,92;32,14;29,83;17,33;12,32;10,83
05/08/2026 10:34:30 am;123,300;20,92;32,14;29,84;17,33;12,32;10,83
05/08/2026 10:34:30 am;123,350;20,93;32,14;29,84;17,33;12,32;10,83
05/08/2026 10:34:30 am;123,400;20,93;32,14;29,84;17,33;12,32;10,84
05/08/2026 10:34:30 am;123,450;20,93;32,14;29,84;17,33;12,32;10,83
05/08/2026 10:34:30 am;123,500;20,93;32,14;29,84;17,33;12,31;10,84
05/08/2026 10:34:30 am;123,550;20,93;32,14;29,84;17,33;12,31;10,84
05/08/2026 10:34:30 am;123,600;20,93;32,14;29,84;17,32;12,31;10,85
05/08/2026 10:34:30 am;123,650;20,93;32,14;29,84;17,32;12,31;10,85
05/08/2026 10:34:30 am;123,700;20,93;32,13;29,84;17,32;12,31;10,85
05/08/2026 10:34:30 am;123,750;20,93;32,14;29,85;17,32;12,31;10,86
05/08/2026 10:34:30 am;123,800;20,93;32,14;29,85;17,32;12,30;10,86
05/08/2026 10:34:30 am;123,850;20,93;32,14;29,85;17,32;12,30;10,87
05/08/2026 10:34:30 am;123,900;20,94;32,14;29,85;17,32;12,30;10,87
05/08/2026 10:34:30 am;123,950;20,94;32,14;29,85;17,32;12,30;10,88
05/08/2026 10:34:31 am;124,000;20,94;32,14;29,85;17,31;12,29;10,89
05/08/2026 10:34:31 am;124,050;20,94;32,14;29,85;17,32;12,29;10,90
05/08/2026 10:34:31 am;124,100;20,94;32,14;29,85;17,31;12,29;10,90
05/08/2026 10:34:31 am;124,150;20,94;32,14;29,85;17,31;12,29;10,91
05/08/2026 10:34:31 am;124,200;20,94;32,14;29,85;17,31;12,29;10,92
05/08/2026 10:34:31 am;124,250;20,94;32,15;29,85;17,31;12,28;10,92
05/08/2026 10:34:31 am;124,300;20,95;32,15;29,86;17,31;12,28;10,93
05/08/2026 10:34:31 am;124,350;20,95;32,15;29,86;17,31;12,28;10,93
05/08/2026 10:34:31 am;124,400;20,95;32,15;29,86;17,30;12,28;10,94
05/08/2026 10:34:31 am;124,450;20,95;32,15;29,86;17,31;12,27;10,95
05/08/2026 10:34:31 am;124,500;20,95;32,15;29,86;17,31;12,27;10,95
05/08/2026 10:34:31 am;124,550;20,95;32,15;29,86;17,31;12,27;10,96
05/08/2026 10:34:31 am;124,600;20,95;32,16;29,86;17,30;12,27;10,96
05/08/2026 10:34:31 am;124,650;20,95;32,16;29,87;17,30;12,26;10,96
05/08/2026 10:34:31 am;124,700;20,96;32,16;29,87;17,30;12,26;10,97
05/08/2026 10:34:31 am;124,750;20,96;32,16;29,87;17,30;12,26;10,98
05/08/2026 10:34:31 am;124,800;20,96;32,16;29,87;17,30;12,26;10,98
05/08/2026 10:34:31 am;124,850;20,96;32,17;29,87;17,30;12,25;10,98
05/08/2026 10:34:31 am;124,900;20,96;32,17;29,87;17,30;12,25;10,99
05/08/2026 10:34:31 am;124,950;20,96;32,17;29,88;17,30;12,25;10,99
05/08/2026 10:34:32 am;125,000;20,96;32,17;29,88;17,30;12,24;10,99
05/08/2026 10:34:32 am;125,050;20,96;32,17;29,89;17,29;12,24;11,00
05/08/2026 10:34:32 am;125,100;20,96;32,18;29,89;17,29;12,24;11,00
05/08/2026 10:34:32 am;125,150;20,96;32,18;29,89;17,29;12,23;11,01
05/08/2026 10:34:32 am;125,200;20,97;32,19;29,89;17,29;12,23;11,01
05/08/2026 10:34:32 am;125,250;20,97;32,19;29,89;17,29;12,23;11,02
05/08/2026 10:34:32 am;125,300;20,97;32,19;29,90;17,29;12,23;11,02
05/08/2026 10:34:32 am;125,350;20,97;32,19;29,90;17,29;12,23;11,03
05/08/2026 10:34:32 am;125,400;20,97;32,19;29,90;17,29;12,22;11,03
05/08/2026 10:34:32 am;125,450;20,98;32,19;29,91;17,28;12,22;11,03
05/08/2026 10:34:32 am;125,500;20,97;32,19;29,91;17,29;12,22;11,04
05/08/2026 10:34:32 am;125,550;20,98;32,20;29,91;17,28;12,21;11,05
05/08/2026 10:34:32 am;125,600;20,98;32,19;29,92;17,28;12,21;11,05
05/08/2026 10:34:32 am;125,650;20,98;32,19;29,92;17,28;12,21;11,06
05/08/2026 10:34:32 am;125,700;20,98;32,20;29,92;17,28;12,21;11,06
05/08/2026 10:34:32 am;125,750;20,98;32,19;29,93;17,28;12,21;11,07
05/08/2026 10:34:32 am;125,800;20,98;32,19;29,93;17,28;12,20;11,08
05/08/2026 10:34:32 am;125,850;20,98;32,19;29,93;17,28;12,20;11,08
05/08/2026 10:34:32 am;125,900;20,98;32,19;29,94;17,28;12,20;11,09
05/08/2026 10:34:32 am;125,950;20,99;32,19;29,94;17,27;12,19;11,09
05/08/2026 10:34:33 am;126,000;20,99;32,19;29,94;17,27;12,19;11,10
05/08/2026 10:34:33 am;126,050;20,99;32,19;29,95;17,27;12,19;11,10
05/08/2026 10:34:33 am;126,100;20,99;32,19;29,95;17,27;12,19;11,10
05/08/2026 10:34:33 am;126,150;20,99;32,19;29,95;17,27;12,18;11,11
05/08/2026 10:34:33 am;126,200;20,99;32,19;29,96;17,27;12,18;11,11
05/08/2026 10:34:33 am;126,250;20,99;32,18;29,96;17,27;12,18;11,12
05/08/2026 10:34:33 am;126,300;20,99;32,18;29,97;17,27;12,18;11,12
05/08/2026 10:34:33 am;126,350;21,00;32,18;29,97;17,26;12,17;11,12
05/08/2026 10:34:33 am;126,400;21,00;32,17;29,97;17,27;12,17;11,12
05/08/2026 10:34:33 am;126,450;21,00;32,17;29,98;17,26;12,17;11,13
05/08/2026 10:34:33 am;126,500;21,00;32,17;29,98;17,26;12,17;11,13
05/08/2026 10:34:33 am;126,550;21,00;32,16;29,99;17,26;12,17;11,13
05/08/2026 10:34:33 am;126,600;21,00;32,16;29,99;17,26;12,16;11,13
05/08/2026 10:34:33 am;126,650;21,00;32,16;29,99;17,26;12,16;11,14
05/08/2026 10:34:33 am;126,700;21,00;32,15;29,99;17,26;12,16;11,14
05/08/2026 10:34:33 am;126,750;21,00;32,15;30,00;17,26;12,16;11,14
05/08/2026 10:34:33 am;126,800;21,00;32,14;30,00;17,25;12,16;11,14
05/08/2026 10:34:33 am;126,850;21,01;32,14;30,00;17,26;12,15;11,14
05/08/2026 10:34:33 am;126,900;21,01;32,13;30,00;17,25;12,15;11,15
05/08/2026 10:34:33 am;126,950;21,01;32,13;30,01;17,25;12,15;11,15
05/08/2026 10:34:34 am;127,000;21,01;32,12;30,01;17,25;12,15;11,15
05/08/2026 10:34:34 am;127,050;21,02;32,12;30,01;17,25;12,15;11,15
05/08/2026 10:34:34 am;127,100;21,01;32,11;30,01;17,25;12,14;11,15
05/08/2026 10:34:34 am;127,150;21,02;32,11;30,01;17,25;12,14;11,15
05/08/2026 10:34:34 am;127,200;21,02;32,11;30,01;17,25;12,14;11,16
05/08/2026 10:34:34 am;127,250;21,02;32,10;30,01;17,25;12,14;11,15
05/08/2026 10:34:34 am;127,300;21,02;32,10;30,02;17,24;12,14;11,15
05/08/2026 10:34:34 am;127,350;21,02;32,09;30,02;17,24;12,14;11,16
05/08/2026 10:34:34 am;127,400;21,03;32,09;30,02;17,24;12,14;11,16
05/08/2026 10:34:34 am;127,450;21,03;32,09;30,02;17,24;12,14;11,16
05/08/2026 10:34:34 am;127,500;21,03;32,08;30,02;17,24;12,13;11,16
05/08/2026 10:34:34 am;127,550;21,03;32,08;30,02;17,24;12,13;11,16
05/08/2026 10:34:34 am;127,600;21,03;32,08;30,02;17,24;12,13;11,16
05/08/2026 10:34:34 am;127,650;21,03;32,07;30,02;17,24;12,13;11,16
05/08/2026 10:34:34 am;127,700;21,03;32,07;30,02;17,24;12,13;11,16
05/08/2026 10:34:34 am;127,750;21,03;32,07;30,02;17,23;12,13;11,17
05/08/2026 10:34:34 am;127,800;21,04;32,06;30,03;17,23;12,13;11,16
05/08/2026 10:34:34 am;127,850;21,03;32,06;30,03;17,23;12,13;11,17
05/08/2026 10:34:34 am;127,900;21,04;32,05;30,03;17,23;12,12;11,17
05/08/2026 10:34:34 am;127,950;21,04;32,05;30,03;17,23;12,12;11,17
05/08/2026 10:34:35 am;128,000;21,04;32,05;30,03;17,23;12,12;11,17
05/08/2026 10:34:35 am;128,050;21,04;32,05;30,03;17,23;12,12;11,17
05/08/2026 10:34:35 am;128,100;21,04;32,04;30,03;17,22;12,12;11,17
05/08/2026 10:34:35 am;128,150;21,04;32,04;30,03;17,22;12,12;11,17
05/08/2026 10:34:35 am;128,200;21,04;32,04;30,03;17,23;12,12;11,17
05/08/2026 10:34:35 am;128,250;21,04;32,04;30,03;17,22;12,12;11,17
05/08/2026 10:34:35 am;128,300;21,05;32,04;30,03;17,22;12,11;11,17
05/08/2026 10:34:35 am;128,350;21,05;32,04;30,03;17,22;12,11;11,17
05/08/2026 10:34:35 am;128,400;21,05;32,04;30,03;17,22;12,11;11,17
05/08/2026 10:34:35 am;128,450;21,05;32,04;30,04;17,22;12,11;11,17
05/08/2026 10:34:35 am;128,500;21,05;32,04;30,04;17,22;12,11;11,17
05/08/2026 10:34:35 am;128,550;21,05;32,04;30,04;17,22;12,11;11,17
05/08/2026 10:34:35 am;128,600;21,05;32,05;30,04;17,21;12,11;11,16
05/08/2026 10:34:35 am;128,650;21,05;32,05;30,04;17,21;12,11;11,17
05/08/2026 10:34:35 am;128,700;21,05;32,05;30,04;17,21;12,11;11,16
05/08/2026 10:34:35 am;128,750;21,06;32,05;30,04;17,21;12,10;11,16
05/08/2026 10:34:35 am;128,800;21,06;32,05;30,04;17,21;12,10;11,16
05/08/2026 10:34:35 am;128,850;21,06;32,05;30,04;17,21;12,10;11,16
05/08/2026 10:34:35 am;128,900;21,06;32,06;30,04;17,21;12,10;11,16
05/08/2026 10:34:35 am;128,950;21,06;32,06;30,04;17,21;12,10;11,15
05/08/2026 10:34:36 am;129,000;21,06;32,06;30,05;17,20;12,10;11,15
05/08/2026 10:34:36 am;129,050;21,06;32,06;30,05;17,20;12,09;11,15
05/08/2026 10:34:36 am;129,100;21,07;32,06;30,05;17,20;12,09;11,15
05/08/2026 10:34:36 am;129,150;21,07;32,07;30,05;17,20;12,09;11,15
05/08/2026 10:34:36 am;129,200;21,07;32,07;30,05;17,20;12,09;11,14
05/08/2026 10:34:36 am;129,250;21,07;32,07;30,05;17,20;12,09;11,14
05/08/2026 10:34:36 am;129,300;21,07;32,07;30,06;17,19;12,09;11,14
05/08/2026 10:34:36 am;129,350;21,07;32,08;30,06;17,20;12,09;11,14
05/08/2026 10:34:36 am;129,400;21,07;32,07;30,06;17,19;12,09;11,13
05/08/2026 10:34:36 am;129,450;21,08;32,08;30,06;17,19;12,09;11,13
05/08/2026 10:34:36 am;129,500;21,08;32,08;30,07;17,19;12,08;11,13
05/08/2026 10:34:36 am;129,550;21,08;32,08;30,07;17,19;12,08;11,12
05/08/2026 10:34:36 am;129,600;21,08;32,08;30,07;17,19;12,08;11,12
05/08/2026 10:34:36 am;129,650;21,08;32,08;30,07;17,19;12,08;11,12
05/08/2026 10:34:36 am;129,700;21,08;32,08;30,08;17,19;12,08;11,11
05/08/2026 10:34:36 am;129,750;21,08;32,08;30,08;17,18;12,08;11,11
05/08/2026 10:34:36 am;129,800;21,08;32,08;30,08;17,18;12,08;11,11
05/08/2026 10:34:36 am;129,850;21,08;32,08;30,08;17,18;12,08;11,11
05/08/2026 10:34:36 am;129,900;21,09;32,08;30,09;17,18;12,08;11,10
05/08/2026 10:34:36 am;129,950;21,09;32,08;30,09;17,18;12,08;11,10
05/08/2026 10:34:37 am;130,000;21,09;32,08;30,09;17,18;12,08;11,09
05/08/2026 10:34:37 am;130,050;21,09;32,08;30,10;17,18;12,08;11,09
05/08/2026 10:34:37 am;130,100;21,09;32,09;30,10;17,18;12,08;11,09
05/08/2026 10:34:37 am;130,150;21,09;32,09;30,11;17,17;12,07;11,09
05/08/2026 10:34:37 am;130,200;21,10;32,09;30,11;17,17;12,07;11,08
05/08/2026 10:34:37 am;130,250;21,10;32,09;30,11;17,17;12,07;11,08
05/08/2026 10:34:37 am;130,300;21,10;32,09;30,11;17,17;12,07;11,08
05/08/2026 10:34:37 am;130,350;21,10;32,10;30,12;17,17;12,07;11,08
05/08/2026 10:34:37 am;130,400;21,10;32,10;30,12;17,17;12,07;11,07
05/08/2026 10:34:37 am;130,450;21,10;32,10;30,12;17,17;12,07;11,07
05/08/2026 10:34:37 am;130,500;21,10;32,11;30,13;17,17;12,07;11,06
05/08/2026 10:34:37 am;130,550;21,10;32,11;30,13;17,17;12,07;11,06
05/08/2026 10:34:37 am;130,600;21,11;32,11;30,13;17,17;12,07;11,06
05/08/2026 10:34:37 am;130,650;21,11;32,12;30,14;17,16;12,07;11,05
05/08/2026 10:34:37 am;130,700;21,11;32,12;30,14;17,16;12,07;11,05
05/08/2026 10:34:37 am;130,750;21,11;32,12;30,14;17,16;12,07;11,05
05/08/2026 10:34:37 am;130,800;21,11;32,12;30,15;17,16;12,07;11,04
05/08/2026 10:34:37 am;130,850;21,11;32,12;30,15;17,16;12,07;11,04
05/08/2026 10:34:37 am;130,900;21,11;32,12;30,15;17,16;12,07;11,04
05/08/2026 10:34:37 am;130,950;21,12;32,13;30,16;17,15;12,07;11,03
05/08/2026 10:34:38 am;131,000;21,12;32,13;30,16;17,15;12,07;11,03
05/08/2026 10:34:38 am;131,050;21,12;32,13;30,17;17,15;12,07;11,02
05/08/2026 10:34:38 am;131,100;21,12;32,13;30,17;17,15;12,07;11,02
05/08/2026 10:34:38 am;131,150;21,12;32,13;30,17;17,15;12,07;11,02
05/08/2026 10:34:38 am;131,200;21,12;32,13;30,18;17,15;12,07;11,02
05/08/2026 10:34:38 am;131,250;21,12;32,13;30,18;17,15;12,07;11,01
05/08/2026 10:34:38 am;131,300;21,13;32,13;30,18;17,14;12,06;11,01
05/08/2026 10:34:38 am;131,350;21,13;32,13;30,18;17,14;12,06;11,01
05/08/2026 10:34:38 am;131,400;21,13;32,13;30,19;17,14;12,06;11,01
05/08/2026 10:34:38 am;131,450;21,13;32,14;30,19;17,14;12,06;11,00
05/08/2026 10:34:38 am;131,500;21,13;32,14;30,19;17,14;12,06;11,00
05/08/2026 10:34:38 am;131,550;21,13;32,14;30,20;17,14;12,06;11,00
05/08/2026 10:34:38 am;131,600;21,13;32,14;30,20;17,14;12,06;11,00
05/08/2026 10:34:38 am;131,650;21,13;32,14;30,20;17,13;12,06;11,00
05/08/2026 10:34:38 am;131,700;21,14;32,14;30,21;17,14;12,06;11,00
05/08/2026 10:34:38 am;131,750;21,14;32,14;30,21;17,13;12,06;11,00
05/08/2026 10:34:38 am;131,800;21,14;32,14;30,21;17,13;12,06;11,01
05/08/2026 10:34:38 am;131,850;21,14;32,14;30,21;17,13;12,06;11,00
05/08/2026 10:34:38 am;131,900;21,14;32,14;30,22;17,13;12,06;11,00
05/08/2026 10:34:38 am;131,950;21,15;32,14;30,22;17,13;12,05;11,01
05/08/2026 10:34:39 am;132,000;21,15;32,14;30,22;17,12;12,05;11,01
05/08/2026 10:34:39 am;132,050;21,15;32,14;30,22;17,12;12,05;11,01
05/08/2026 10:34:39 am;132,100;21,15;32,14;30,23;17,12;12,05;11,01
05/08/2026 10:34:39 am;132,150;21,15;32,14;30,23;17,12;12,05;11,01
05/08/2026 10:34:39 am;132,200;21,15;32,14;30,23;17,12;12,05;11,01
05/08/2026 10:34:39 am;132,250;21,15;32,14;30,23;17,12;12,05;11,01
05/08/2026 10:34:39 am;132,300;21,15;32,14;30,23;17,12;12,05;11,02
05/08/2026 10:34:39 am;132,350;21,16;32,14;30,24;17,11;12,05;11,02
05/08/2026 10:34:39 am;132,400;21,16;32,14;30,24;17,12;12,04;11,02
05/08/2026 10:34:39 am;132,450;21,16;32,14;30,24;17,11;12,04;11,02
05/08/2026 10:34:39 am;132,500;21,16;32,14;30,24;17,11;12,04;11,02
05/08/2026 10:34:39 am;132,550;21,16;32,14;30,24;17,11;12,04;11,03
05/08/2026 10:34:39 am;132,600;21,16;32,15;30,24;17,11;12,04;11,03
05/08/2026 10:34:39 am;132,650;21,16;32,15;30,24;17,10;12,04;11,03
05/08/2026 10:34:39 am;132,700;21,17;32,15;30,24;17,10;12,04;11,03
05/08/2026 10:34:39 am;132,750;21,17;32,15;30,24;17,10;12,04;11,03
05/08/2026 10:34:39 am;132,800;21,17;32,15;30,24;17,10;12,04;11,03
05/08/2026 10:34:39 am;132,850;21,17;32,16;30,25;17,10;12,04;11,03
05/08/2026 10:34:39 am;132,900;21,17;32,16;30,25;17,10;12,03;11,03
05/08/2026 10:34:39 am;132,950;21,17;32,16;30,25;17,10;12,04;11,03
05/08/2026 10:34:40 am;133,000;21,18;32,16;30,25;17,10;12,03;11,03
05/08/2026 10:34:40 am;133,050;21,18;32,17;30,25;17,09;12,03;11,03
05/08/2026 10:34:40 am;133,100;21,18;32,17;30,25;17,09;12,03;11,03
05/08/2026 10:34:40 am;133,150;21,18;32,17;30,25;17,09;12,03;11,03
05/08/2026 10:34:40 am;133,200;21,18;32,18;30,25;17,09;12,03;11,03
05/08/2026 10:34:40 am;133,250;21,18;32,18;30,25;17,08;12,03;11,02
05/08/2026 10:34:40 am;133,300;21,18;32,19;30,24;17,09;12,03;11,02
05/08/2026 10:34:40 am;133,350;21,18;32,19;30,25;17,08;12,03;11,02
05/08/2026 10:34:40 am;133,400;21,19;32,19;30,24;17,08;12,03;11,02
05/08/2026 10:34:40 am;133,450;21,19;32,20;30,24;17,08;12,03;11,02
05/08/2026 10:34:40 am;133,500;21,19;32,20;30,24;17,08;12,03;11,02
05/08/2026 10:34:40 am;133,550;21,19;32,20;30,24;17,08;12,03;11,02
05/08/2026 10:34:40 am;133,600;21,19;32,21;30,24;17,07;12,03;11,02
05/08/2026 10:34:40 am;133,650;21,19;32,21;30,24;17,08;12,03;11,02
05/08/2026 10:34:40 am;133,700;21,20;32,21;30,24;17,07;12,03;11,01
05/08/2026 10:34:40 am;133,750;21,20;32,22;30,24;17,07;12,03;11,02
05/08/2026 10:34:40 am;133,800;21,20;32,22;30,24;17,07;12,03;11,01
05/08/2026 10:34:40 am;133,850;21,20;32,22;30,24;17,07;12,03;11,01
05/08/2026 10:34:40 am;133,900;21,20;32,23;30,24;17,07;12,03;11,00
05/08/2026 10:34:40 am;133,950;21,20;32,23;30,23;17,06;12,03;11,01
05/08/2026 10:34:41 am;134,000;21,20;32,23;30,23;17,06;12,03;11,00
05/08/2026 10:34:41 am;134,050;21,21;32,23;30,23;17,06;12,03;11,00
05/08/2026 10:34:41 am;134,100;21,21;32,24;30,23;17,06;12,03;11,00
05/08/2026 10:34:41 am;134,150;21,21;32,24;30,23;17,05;12,03;11,00
05/08/2026 10:34:41 am;134,200;21,21;32,24;30,23;17,06;12,03;11,00
05/08/2026 10:34:41 am;134,250;21,21;32,25;30,23;17,05;12,03;11,00
05/08/2026 10:34:41 am;134,300;21,21;32,25;30,23;17,05;12,04;11,00
05/08/2026 10:34:41 am;134,350;21,21;32,25;30,22;17,05;12,03;11,00
05/08/2026 10:34:41 am;134,400;21,21;32,26;30,22;17,05;12,03;11,00
05/08/2026 10:34:41 am;134,450;21,22;32,26;30,22;17,04;12,04;10,99
05/08/2026 10:34:41 am;134,500;21,22;32,26;30,22;17,04;12,03;11,00
05/08/2026 10:34:41 am;134,550;21,22;32,26;30,22;17,04;12,04;10,99
05/08/2026 10:34:41 am;134,600;21,22;32,27;30,22;17,04;12,04;10,99
05/08/2026 10:34:41 am;134,650;21,22;32,27;30,21;17,04;12,04;10,99
05/08/2026 10:34:41 am;134,700;21,22;32,27;30,21;17,04;12,04;10,99
05/08/2026 10:34:41 am;134,750;21,22;32,27;30,21;17,03;12,04;10,99
05/08/2026 10:34:41 am;134,800;21,23;32,28;30,21;17,03;12,04;10,99
05/08/2026 10:34:41 am;134,850;21,23;32,28;30,20;17,03;12,04;10,99
05/08/2026 10:34:41 am;134,900;21,23;32,28;30,20;17,03;12,04;10,98
05/08/2026 10:34:41 am;134,950;21,23;32,29;30,20;17,03;12,04;10,99
05/08/2026 10:34:42 am;135,000;21,23;32,29;30,19;17,03;12,04;10,98
05/08/2026 10:34:42 am;135,050;21,23;32,29;30,19;17,03;12,04;10,98
05/08/2026 10:34:42 am;135,100;21,24;32,29;30,19;17,02;12,05;10,98
05/08/2026 10:34:42 am;135,150;21,24;32,30;30,18;17,02;12,05;10,98
05/08/2026 10:34:42 am;135,200;21,24;32,30;30,18;17,02;12,05;10,97
05/08/2026 10:34:42 am;135,250;21,24;32,30;30,18;17,02;12,05;10,97
05/08/2026 10:34:42 am;135,300;21,24;32,30;30,17;17,02;12,05;10,97
05/08/2026 10:34:42 am;135,350;21,24;32,31;30,17;17,02;12,05;10,96
05/08/2026 10:34:42 am;135,400;21,24;32,31;30,17;17,01;12,05;10,97
05/08/2026 10:34:42 am;135,450;21,25;32,31;30,16;17,01;12,06;10,96
05/08/2026 10:34:42 am;135,500;21,25;32,31;30,16;17,01;12,06;10,96
05/08/2026 10:34:42 am;135,550;21,25;32,32;30,15;17,01;12,06;10,96
05/08/2026 10:34:42 am;135,600;21,25;32,32;30,15;17,01;12,06;10,96
05/08/2026 10:34:42 am;135,650;21,25;32,32;30,15;17,00;12,06;10,96
05/08/2026 10:34:42 am;135,700;21,25;32,32;30,15;17,00;12,06;10,95
05/08/2026 10:34:42 am;135,750;21,25;32,33;30,14;17,00;12,06;10,95
05/08/2026 10:34:42 am;135,800;21,25;32,33;30,14;17,00;12,06;10,95
05/08/2026 10:34:42 am;135,850;21,26;32,33;30,14;17,00;12,06;10,95
05/08/2026 10:34:42 am;135,900;21,26;32,33;30,13;17,00;12,07;10,94
05/08/2026 10:34:42 am;135,950;21,26;32,34;30,13;17,00;12,07;10,94
05/08/2026 10:34:43 am;136,000;21,26;32,34;30,13;17,00;12,07;10,94
05/08/2026 10:34:43 am;136,050;21,26;32,35;30,12;16,99;12,07;10,94
05/08/2026 10:34:43 am;136,100;21,27;32,35;30,12;16,99;12,07;10,94
05/08/2026 10:34:43 am;136,150;21,27;32,35;30,12;16,99;12,07;10,93
05/08/2026 10:34:43 am;136,200;21,27;32,35;30,11;16,99;12,08;10,93
05/08/2026 10:34:43 am;136,250;21,27;32,35;30,11;16,99;12,07;10,93
05/08/2026 10:34:43 am;136,300;21,27;32,36;30,11;16,98;12,08;10,92
05/08/2026 10:34:43 am;136,350;21,27;32,36;30,11;16,98;12,08;10,92
05/08/2026 10:34:43 am;136,400;21,27;32,36;30,11;16,98;12,08;10,92
05/08/2026 10:34:43 am;136,450;21,28;32,36;30,10;16,98;12,08;10,91
05/08/2026 10:34:43 am;136,500;21,27;32,37;30,10;16,98;12,08;10,91
05/08/2026 10:34:43 am;136,550;21,28;32,37;30,10;16,98;12,08;10,91
05/08/2026 10:34:43 am;136,600;21,28;32,37;30,10;16,98;12,08;10,91
05/08/2026 10:34:43 am;136,650;21,28;32,37;30,10;16,97;12,08;10,90
05/08/2026 10:34:43 am;136,700;21,28;32,38;30,09;16,97;12,09;10,90
05/08/2026 10:34:43 am;136,750;21,28;32,38;30,09;16,97;12,08;10,90
05/08/2026 10:34:43 am;136,800;21,28;32,38;30,09;16,97;12,08;10,89
05/08/2026 10:34:43 am;136,850;21,29;32,38;30,09;16,97;12,08;10,89
05/08/2026 10:34:43 am;136,900;21,29;32,38;30,08;16,96;12,08;10,88
05/08/2026 10:34:43 am;136,950;21,29;32,38;30,08;16,96;12,09;10,88
05/08/2026 10:34:44 am;137,000;21,29;32,39;30,08;16,96;12,09;10,88
05/08/2026 10:34:44 am;137,050;21,29;32,39;30,08;16,96;12,09;10,87
05/08/2026 10:34:44 am;137,100;21,30;32,39;30,08;16,96;12,09;10,87
05/08/2026 10:34:44 am;137,150;21,30;32,39;30,07;16,96;12,09;10,87
05/08/2026 10:34:44 am;137,200;21,30;32,39;30,07;16,96;12,09;10,86
05/08/2026 10:34:44 am;137,250;21,30;32,39;30,07;16,95;12,09;10,86
05/08/2026 10:34:44 am;137,300;21,30;32,39;30,07;16,95;12,10;10,85
05/08/2026 10:34:44 am;137,350;21,30;32,39;30,07;16,95;12,10;10,85
05/08/2026 10:34:44 am;137,400;21,30;32,39;30,07;16,95;12,10;10,84
05/08/2026 10:34:44 am;137,450;21,31;32,39;30,07;16,95;12,10;10,85
05/08/2026 10:34:44 am;137,500;21,31;32,39;30,06;16,95;12,10;10,84
05/08/2026 10:34:44 am;137,550;21,31;32,39;30,06;16,95;12,10;10,84
05/08/2026 10:34:44 am;137,600;21,31;32,39;30,06;16,95;12,10;10,83
05/08/2026 10:34:44 am;137,650;21,31;32,39;30,06;16,94;12,10;10,83
05/08/2026 10:34:44 am;137,700;21,31;32,40;30,06;16,94;12,10;10,83
05/08/2026 10:34:44 am;137,750;21,31;32,39;30,06;16,94;12,10;10,83
05/08/2026 10:34:44 am;137,800;21,32;32,39;30,05;16,94;12,11;10,82
05/08/2026 10:34:44 am;137,850;21,32;32,40;30,05;16,94;12,11;10,82
05/08/2026 10:34:44 am;137,900;21,32;32,39;30,05;16,94;12,11;10,81
05/08/2026 10:34:44 am;137,950;21,32;32,40;30,05;16,94;12,11;10,81
05/08/2026 10:34:45 am;138,000;21,32;32,39;30,05;16,94;12,11;10,81
05/08/2026 10:34:45 am;138,050;21,32;32,39;30,05;16,94;12,11;10,81
05/08/2026 10:34:45 am;138,100;21,32;32,39;30,05;16,93;12,12;10,80
05/08/2026 10:34:45 am;138,150;21,33;32,39;30,04;16,93;12,12;10,80
05/08/2026 10:34:45 am;138,200;21,33;32,39;30,04;16,93;12,11;10,79
05/08/2026 10:34:45 am;138,250;21,33;32,39;30,04;16,93;12,12;10,79
05/08/2026 10:34:45 am;138,300;21,33;32,39;30,04;16,93;12,12;10,79
05/08/2026 10:34:45 am;138,350;21,33;32,39;30,04;16,93;12,12;10,79
05/08/2026 10:34:45 am;138,400;21,33;32,39;30,03;16,93;12,12;10,78
05/08/2026 10:34:45 am;138,450;21,34;32,39;30,03;16,92;12,13;10,78
05/08/2026 10:34:45 am;138,500;21,34;32,39;30,03;16,92;12,13;10,78
05/08/2026 10:34:45 am;138,550;21,34;32,39;30,03;16,92;12,13;10,78
05/08/2026 10:34:45 am;138,600;21,34;32,40;30,03;16,92;12,13;10,77
05/08/2026 10:34:45 am;138,650;21,34;32,40;30,03;16,92;12,13;10,77
05/08/2026 10:34:45 am;138,700;21,34;32,40;30,03;16,92;12,13;10,77
05/08/2026 10:34:45 am;138,750;21,34;32,40;30,02;16,91;12,13;10,77
05/08/2026 10:34:45 am;138,800;21,35;32,40;30,02;16,91;12,13;10,76
05/08/2026 10:34:45 am;138,850;21,35;32,40;30,02;16,91;12,14;10,76
05/08/2026 10:34:45 am;138,900;21,35;32,40;30,02;16,91;12,13;10,76
05/08/2026 10:34:45 am;138,950;21,35;32,41;30,01;16,91;12,14;10,76
05/08/2026 10:34:46 am;139,000;21,35;32,41;30,01;16,91;12,14;10,75
05/08/2026 10:34:46 am;139,050;21,35;32,41;30,01;16,91;12,14;10,75
05/08/2026 10:34:46 am;139,100;21,36;32,42;30,01;16,91;12,14;10,75
05/08/2026 10:34:46 am;139,150;21,36;32,42;30,01;16,90;12,14;10,75
05/08/2026 10:34:46 am;139,200;21,36;32,42;30,01;16,90;12,14;10,75
05/08/2026 10:34:46 am;139,250;21,36;32,42;30,01;16,90;12,15;10,74
05/08/2026 10:34:46 am;139,300;21,36;32,42;30,01;16,90;12,14;10,74
05/08/2026 10:34:46 am;139,350;21,37;32,43;30,01;16,90;12,15;10,74
05/08/2026 10:34:46 am;139,400;21,36;32,43;30,00;16,90;12,15;10,74
05/08/2026 10:34:46 am;139,450;21,37;32,43;30,00;16,89;12,15;10,74
05/08/2026 10:34:46 am;139,500;21,37;32,43;30,00;16,89;12,15;10,74
05/08/2026 10:34:46 am;139,550;21,37;32,44;30,00;16,89;12,15;10,73
05/08/2026 10:34:46 am;139,600;21,37;32,44;30,00;16,89;12,16;10,73
05/08/2026 10:34:46 am;139,650;21,37;32,44;30,00;16,89;12,16;10,73
05/08/2026 10:34:46 am;139,700;21,38;32,45;30,00;16,89;12,15;10,73
05/08/2026 10:34:46 am;139,750;21,38;32,45;30,00;16,89;12,16;10,73
05/08/2026 10:34:46 am;139,800;21,38;32,45;30,00;16,89;12,16;10,73
05/08/2026 10:34:46 am;139,850;21,38;32,45;30,00;16,88;12,16;10,73
05/08/2026 10:34:46 am;139,900;21,38;32,45;29,99;16,88;12,16;10,72
05/08/2026 10:34:46 am;139,950;21,38;32,46;30,00;16,88;12,16;10,72
05/08/2026 10:34:47 am;140,000;21,38;32,46;30,00;16,88;12,17;10,72
05/08/2026 10:34:47 am;140,050;21,39;32,46;29,99;16,88;12,17;10,72
05/08/2026 10:34:47 am;140,100;21,39;32,47;30,00;16,88;12,17;10,72
05/08/2026 10:34:47 am;140,150;21,39;32,47;30,00;16,88;12,17;10,71
05/08/2026 10:34:47 am;140,200;21,39;32,47;30,00;16,87;12,17;10,71
05/08/2026 10:34:47 am;140,250;21,39;32,47;30,00;16,87;12,17;10,71
05/08/2026 10:34:47 am;140,300;21,39;32,47;30,00;16,87;12,17;10,71
05/08/2026 10:34:47 am;140,350;21,39;32,47;30,00;16,87;12,17;10,71
05/08/2026 10:34:47 am;140,400;21,40;32,48;30,00;16,87;12,17;10,71
05/08/2026 10:34:47 am;140,450;21,40;32,48;30,00;16,87;12,18;10,71
05/08/2026 10:34:47 am;140,500;21,40;32,48;30,00;16,86;12,18;10,71
05/08/2026 10:34:47 am;140,550;21,40;32,48;30,01;16,86;12,17;10,71
05/08/2026 10:34:47 am;140,600;21,40;32,48;30,01;16,86;12,18;10,70
05/08/2026 10:34:47 am;140,650;21,40;32,48;30,01;16,86;12,18;10,70
05/08/2026 10:34:47 am;140,700;21,41;32,48;30,01;16,86;12,18;10,70
05/08/2026 10:34:47 am;140,750;21,41;32,48;30,02;16,86;12,18;10,70
05/08/2026 10:34:47 am;140,800;21,41;32,48;30,02;16,86;12,18;10,70
05/08/2026 10:34:47 am;140,850;21,41;32,48;30,02;16,86;12,18;10,70
05/08/2026 10:34:47 am;140,900;21,41;32,48;30,02;16,86;12,18;10,70
05/08/2026 10:34:47 am;140,950;21,42;32,48;30,03;16,86;12,19;10,70
05/08/2026 10:34:48 am;141,000;21,42;32,48;30,03;16,85;12,18;10,69
05/08/2026 10:34:48 am;141,050;21,42;32,48;30,03;16,85;12,19;10,69
05/08/2026 10:34:48 am;141,100;21,42;32,48;30,03;16,85;12,19;10,69
05/08/2026 10:34:48 am;141,150;21,42;32,48;30,04;16,85;12,19;10,69
05/08/2026 10:34:48 am;141,200;21,43;32,48;30,04;16,85;12,19;10,69
05/08/2026 10:34:48 am;141,250;21,43;32,49;30,05;16,85;12,20;10,69
05/08/2026 10:34:48 am;141,300;21,43;32,49;30,05;16,85;12,20;10,68
05/08/2026 10:34:48 am;141,350;21,43;32,49;30,05;16,85;12,20;10,68
05/08/2026 10:34:48 am;141,400;21,43;32,49;30,05;16,84;12,20;10,68
05/08/2026 10:34:48 am;141,450;21,43;32,49;30,05;16,84;12,20;10,68
05/08/2026 10:34:48 am;141,500;21,43;32,49;30,06;16,84;12,20;10,68
05/08/2026 10:34:48 am;141,550;21,43;32,49;30,06;16,84;12,20;10,67
05/08/2026 10:34:48 am;141,600;21,44;32,49;30,06;16,84;12,20;10,67
05/08/2026 10:34:48 am;141,650;21,44;32,49;30,07;16,84;12,21;10,67
05/08/2026 10:34:48 am;141,700;21,44;32,49;30,07;16,84;12,21;10,67
05/08/2026 10:34:48 am;141,750;21,44;32,49;30,07;16,84;12,21;10,66
05/08/2026 10:34:48 am;141,800;21,44;32,49;30,08;16,83;12,21;10,66
05/08/2026 10:34:48 am;141,850;21,44;32,49;30,08;16,83;12,21;10,66
05/08/2026 10:34:48 am;141,900;21,44;32,49;30,08;16,83;12,22;10,66
05/08/2026 10:34:48 am;141,950;21,44;32,49;30,08;16,83;12,22;10,66
05/08/2026 10:34:49 am;142,000;21,45;32,50;30,09;16,83;12,22;10,65
05/08/2026 10:34:49 am;142,050;21,45;32,50;30,09;16,83;12,22;10,65
05/08/2026 10:34:49 am;142,100;21,45;32,49;30,09;16,83;12,22;10,65
05/08/2026 10:34:49 am;142,150;21,45;32,50;30,10;16,83;12,22;10,65
05/08/2026 10:34:49 am;142,200;21,45;32,50;30,10;16,82;12,22;10,64
05/08/2026 10:34:49 am;142,250;21,45;32,50;30,11;16,82;12,23;10,65
05/08/2026 10:34:49 am;142,300;21,46;32,50;30,11;16,82;12,23;10,64
05/08/2026 10:34:49 am;142,350;21,46;32,50;30,11;16,82;12,23;10,64
05/08/2026 10:34:49 am;142,400;21,46;32,50;30,12;16,82;12,23;10,64
05/08/2026 10:34:49 am;142,450;21,46;32,50;30,12;16,82;12,23;10,63
05/08/2026 10:34:49 am;142,500;21,46;32,50;30,12;16,82;12,23;10,64
05/08/2026 10:34:49 am;142,550;21,47;32,50;30,13;16,81;12,23;10,64
05/08/2026 10:34:49 am;142,600;21,47;32,50;30,13;16,81;12,23;10,63
05/08/2026 10:34:49 am;142,650;21,47;32,50;30,13;16,82;12,23;10,64
05/08/2026 10:34:49 am;142,700;21,47;32,50;30,13;16,81;12,23;10,63
05/08/2026 10:34:49 am;142,750;21,47;32,50;30,14;16,81;12,23;10,63
05/08/2026 10:34:49 am;142,800;21,47;32,50;30,14;16,81;12,23;10,63
05/08/2026 10:34:49 am;142,850;21,47;32,50;30,15;16,81;12,24;10,63
05/08/2026 10:34:49 am;142,900;21,47;32,50;30,15;16,81;12,24;10,62
05/08/2026 10:34:49 am;142,950;21,48;32,50;30,15;16,81;12,24;10,62
05/08/2026 10:34:50 am;143,000;21,48;32,50;30,16;16,80;12,24;10,62
05/08/2026 10:34:50 am;143,050;21,48;32,50;30,16;16,80;12,24;10,62
05/08/2026 10:34:50 am;143,100;21,48;32,50;30,16;16,80;12,24;10,62
05/08/2026 10:34:50 am;143,150;21,48;32,50;30,17;16,80;12,24;10,62
05/08/2026 10:34:50 am;143,200;21,49;32,49;30,17;16,80;12,24;10,62
05/08/2026 10:34:50 am;143,250;21,49;32,49;30,17;16,80;12,24;10,62
05/08/2026 10:34:50 am;143,300;21,49;32,49;30,17;16,80;12,24;10,62
05/08/2026 10:34:50 am;143,350;21,49;32,50;30,18;16,80;12,24;10,61
05/08/2026 10:34:50 am;143,400;21,49;32,50;30,18;16,80;12,24;10,61
05/08/2026 10:34:50 am;143,450;21,49;32,49;30,19;16,79;12,24;10,61
05/08/2026 10:34:50 am;143,500;21,50;32,50;30,19;16,80;12,24;10,61
05/08/2026 10:34:50 am;143,550;21,50;32,50;30,19;16,79;12,24;10,61
05/08/2026 10:34:50 am;143,600;21,50;32,50;30,19;16,79;12,24;10,61
05/08/2026 10:34:50 am;143,650;21,50;32,50;30,20;16,79;12,24;10,61
05/08/2026 10:34:50 am;143,700;21,50;32,50;30,20;16,79;12,24;10,61
05/08/2026 10:34:50 am;143,750;21,50;32,50;30,20;16,79;12,24;10,61
05/08/2026 10:34:50 am;143,800;21,50;32,50;30,21;16,79;12,24;10,61
05/08/2026 10:34:50 am;143,850;21,51;32,51;30,21;16,79;12,24;10,61
05/08/2026 10:34:50 am;143,900;21,51;32,51;30,22;16,79;12,24;10,61
05/08/2026 10:34:50 am;143,950;21,51;32,51;30,22;16,79;12,24;10,60
05/08/2026 10:34:51 am;144,000;21,51;32,51;30,22;16,78;12,25;10,60
05/08/2026 10:34:51 am;144,050;21,51;32,51;30,23;16,78;12,25;10,60
05/08/2026 10:34:51 am;144,100;21,52;32,51;30,23;16,78;12,24;10,60
05/08/2026 10:34:51 am;144,150;21,52;32,51;30,23;16,78;12,25;10,60
05/08/2026 10:34:51 am;144,200;21,52;32,51;30,24;16,78;12,25;10,60
05/08/2026 10:34:51 am;144,250;21,52;32,51;30,24;16,78;12,25;10,60
05/08/2026 10:34:51 am;144,300;21,52;32,51;30,25;16,78;12,25;10,60
05/08/2026 10:34:51 am;144,350;21,52;32,51;30,25;16,78;12,25;10,60
05/08/2026 10:34:51 am;144,400;21,53;32,51;30,26;16,78;12,25;10,60
05/08/2026 10:34:51 am;144,450;21,53;32,51;30,26;16,78;12,25;10,60
05/08/2026 10:34:51 am;144,500;21,53;32,52;30,27;16,77;12,25;10,60
05/08/2026 10:34:51 am;144,550;21,53;32,52;30,27;16,77;12,25;10,60
05/08/2026 10:34:51 am;144,600;21,53;32,52;30,27;16,77;12,25;10,60
05/08/2026 10:34:51 am;144,650;21,53;32,52;30,28;16,77;12,26;10,60
05/08/2026 10:34:51 am;144,700;21,53;32,51;30,28;16,77;12,25;10,60
05/08/2026 10:34:51 am;144,750;21,54;32,52;30,28;16,77;12,25;10,60
05/08/2026 10:34:51 am;144,800;21,54;32,52;30,29;16,77;12,26;10,59
05/08/2026 10:34:51 am;144,850;21,54;32,52;30,30;16,77;12,26;10,60
05/08/2026 10:34:51 am;144,900;21,54;32,52;30,30;16,76;12,26;10,59
05/08/2026 10:34:51 am;144,950;21,54;32,52;30,30;16,76;12,26;10,59
05/08/2026 10:34:52 am;145,000;21,55;32,52;30,31;16,76;12,26;10,59
05/08/2026 10:34:52 am;145,050;21,55;32,52;30,31;16,76;12,26;10,59
05/08/2026 10:34:52 am;145,100;21,55;32,53;30,31;16,76;12,26;10,59
05/08/2026 10:34:52 am;145,150;21,55;32,53;30,31;16,76;12,26;10,59
05/08/2026 10:34:52 am;145,200;21,55;32,53;30,32;16,76;12,26;10,59
05/08/2026 10:34:52 am;145,250;21,55;32,53;30,32;16,76;12,27;10,59
05/08/2026 10:34:52 am;145,300;21,56;32,53;30,33;16,76;12,27;10,58
05/08/2026 10:34:52 am;145,350;21,56;32,54;30,33;16,75;12,27;10,58
05/08/2026 10:34:52 am;145,400;21,56;32,54;30,34;16,76;12,27;10,58
05/08/2026 10:34:52 am;145,450;21,56;32,54;30,34;16,75;12,27;10,58
05/08/2026 10:34:52 am;145,500;21,56;32,54;30,34;16,75;12,26;10,58
05/08/2026 10:34:52 am;145,550;21,56;32,54;30,35;16,75;12,27;10,58
05/08/2026 10:34:52 am;145,600;21,57;32,54;30,35;16,75;12,27;10,58
05/08/2026 10:34:52 am;145,650;21,56;32,54;30,36;16,75;12,27;10,58
05/08/2026 10:34:52 am;145,700;21,57;32,54;30,36;16,75;12,27;10,57
05/08/2026 10:34:52 am;145,750;21,57;32,54;30,36;16,75;12,27;10,57
05/08/2026 10:34:52 am;145,800;21,57;32,54;30,37;16,75;12,27;10,57
05/08/2026 10:34:52 am;145,850;21,57;32,54;30,37;16,75;12,27;10,57
05/08/2026 10:34:52 am;145,900;21,57;32,54;30,37;16,75;12,28;10,56
05/08/2026 10:34:52 am;145,950;21,58;32,54;30,38;16,74;12,28;10,57
05/08/2026 10:34:53 am;146,000;21,58;32,54;30,38;16,74;12,28;10,56
05/08/2026 10:34:53 am;146,050;21,58;32,54;30,39;16,74;12,28;10,56
05/08/2026 10:34:53 am;146,100;21,58;32,54;30,39;16,74;12,28;10,56
05/08/2026 10:34:53 am;146,150;21,58;32,54;30,40;16,74;12,28;10,56
05/08/2026 10:34:53 am;146,200;21,58;32,54;30,40;16,74;12,28;10,55
05/08/2026 10:34:53 am;146,250;21,59;32,54;30,40;16,74;12,28;10,55
05/08/2026 10:34:53 am;146,300;21,58;32,54;30,41;16,74;12,28;10,55
05/08/2026 10:34:53 am;146,350;21,59;32,54;30,41;16,74;12,28;10,55
05/08/2026 10:34:53 am;146,400;21,59;32,54;30,41;16,74;12,28;10,55
05/08/2026 10:34:53 am;146,450;21,59;32,54;30,42;16,74;12,28;10,54
05/08/2026 10:34:53 am;146,500;21,59;32,54;30,42;16,73;12,28;10,54
05/08/2026 10:34:53 am;146,550;21,60;32,54;30,43;16,73;12,28;10,54
05/08/2026 10:34:53 am;146,600;21,60;32,54;30,43;16,73;12,28;10,54
05/08/2026 10:34:53 am;146,650;21,60;32,54;30,43;16,73;12,28;10,53
05/08/2026 10:34:53 am;146,700;21,60;32,54;30,44;16,73;12,29;10,53
05/08/2026 10:34:53 am;146,750;21,60;32,54;30,44;16,73;12,29;10,53
05/08/2026 10:34:53 am;146,800;21,60;32,54;30,45;16,73;12,29;10,53
05/08/2026 10:34:53 am;146,850;21,61;32,54;30,45;16,73;12,29;10,53
05/08/2026 10:34:53 am;146,900;21,61;32,54;30,46;16,72;12,29;10,52
05/08/2026 10:34:53 am;146,950;21,61;32,54;30,46;16,72;12,29;10,52
05/08/2026 10:34:54 am;147,000;21,61;32,54;30,46;16,72;12,29;10,52
05/08/2026 10:34:54 am;147,050;21,61;32,54;30,47;16,72;12,29;10,52
05/08/2026 10:34:54 am;147,100;21,61;32,54;30,47;16,72;12,29;10,51
05/08/2026 10:34:54 am;147,150;21,62;32,54;30,48;16,72;12,29;10,51
05/08/2026 10:34:54 am;147,200;21,62;32,54;30,48;16,72;12,29;10,51
05/08/2026 10:34:54 am;147,250;21,62;32,54;30,48;16,72;12,29;10,51
05/08/2026 10:34:54 am;147,300;21,62;32,54;30,49;16,71;12,29;10,50
05/08/2026 10:34:54 am;147,350;21,62;32,54;30,49;16,72;12,29;10,50
05/08/2026 10:34:54 am;147,400;21,62;32,55;30,50;16,71;12,29;10,50
05/08/2026 10:34:54 am;147,450;21,62;32,55;30,50;16,71;12,29;10,50
05/08/2026 10:34:54 am;147,500;21,63;32,55;30,51;16,71;12,29;10,50
05/08/2026 10:34:54 am;147,550;21,63;32,55;30,51;16,71;12,29;10,49
05/08/2026 10:34:54 am;147,600;21,63;32,55;30,51;16,71;12,29;10,50
05/08/2026 10:34:54 am;147,650;21,63;32,55;30,52;16,71;12,29;10,49
05/08/2026 10:34:54 am;147,700;21,63;32,55;30,52;16,71;12,29;10,49
05/08/2026 10:34:54 am;147,750;21,63;32,55;30,53;16,71;12,28;10,49
05/08/2026 10:34:54 am;147,800;21,64;32,55;30,53;16,70;12,29;10,49
05/08/2026 10:34:54 am;147,850;21,64;32,55;30,53;16,71;12,29;10,48
05/08/2026 10:34:54 am;147,900;21,64;32,55;30,54;16,70;12,28;10,48
05/08/2026 10:34:54 am;147,950;21,64;32,56;30,54;16,70;12,29;10,48
05/08/2026 10:34:55 am;148,000;21,64;32,56;30,55;16,70;12,29;10,48
05/08/2026 10:34:55 am;148,050;21,64;32,56;30,55;16,70;12,28;10,48
05/08/2026 10:34:55 am;148,100;21,65;32,56;30,55;16,70;12,28;10,47
05/08/2026 10:34:55 am;148,150;21,65;32,56;30,56;16,70;12,28;10,47
05/08/2026 10:34:55 am;148,200;21,65;32,56;30,56;16,70;12,28;10,47
05/08/2026 10:34:55 am;148,250;21,65;32,56;30,57;16,70;12,28;10,47
05/08/2026 10:34:55 am;148,300;21,65;32,57;30,57;16,69;12,28;10,47
05/08/2026 10:34:55 am;148,350;21,65;32,57;30,57;16,69;12,28;10,46
05/08/2026 10:34:55 am;148,400;21,66;32,57;30,58;16,70;12,28;10,46
05/08/2026 10:34:55 am;148,450;21,66;32,57;30,58;16,69;12,28;10,46
05/08/2026 10:34:55 am;148,500;21,66;32,57;30,59;16,69;12,28;10,46
05/08/2026 10:34:55 am;148,550;21,66;32,57;30,59;16,69;12,28;10,46
05/08/2026 10:34:55 am;148,600;21,66;32,57;30,59;16,68;12,28;10,45
05/08/2026 10:34:55 am;148,650;21,66;32,58;30,59;16,69;12,28;10,45
05/08/2026 10:34:55 am;148,700;21,67;32,58;30,60;16,68;12,28;10,45
05/08/2026 10:34:55 am;148,750;21,67;32,58;30,60;16,68;12,28;10,45
05/08/2026 10:34:55 am;148,800;21,67;32,58;30,60;16,68;12,28;10,45
05/08/2026 10:34:55 am;148,850;21,67;32,59;30,61;16,68;12,28;10,44
05/08/2026 10:34:55 am;148,900;21,67;32,59;30,61;16,68;12,28;10,44
05/08/2026 10:34:55 am;148,950;21,67;32,59;30,61;16,68;12,28;10,44
05/08/2026 10:34:56 am;149,000;21,68;32,59;30,62;16,68;12,28;10,44
05/08/2026 10:34:56 am;149,050;21,68;32,59;30,62;16,68;12,28;10,43
05/08/2026 10:34:56 am;149,100;21,68;32,59;30,62;16,68;12,27;10,43
05/08/2026 10:34:56 am;149,150;21,68;32,60;30,63;16,67;12,27;10,43
05/08/2026 10:34:56 am;149,200;21,68;32,60;30,63;16,67;12,27;10,43
05/08/2026 10:34:56 am;149,250;21,68;32,60;30,64;16,67;12,27;10,43
05/08/2026 10:34:56 am;149,300;21,69;32,60;30,64;16,67;12,27;10,42
05/08/2026 10:34:56 am;149,350;21,69;32,60;30,64;16,67;12,27;10,42
05/08/2026 10:34:56 am;149,400;21,69;32,60;30,65;16,67;12,27;10,41
05/08/2026 10:34:56 am;149,450;21,69;32,60;30,65;16,67;12,27;10,42
05/08/2026 10:34:56 am;149,500;21,69;32,60;30,65;16,67;12,27;10,41
05/08/2026 10:34:56 am;149,550;21,69;32,60;30,66;16,66;12,27;10,41
05/08/2026 10:34:56 am;149,600;21,70;32,60;30,66;16,66;12,27;10,41
05/08/2026 10:34:56 am;149,650;21,70;32,60;30,66;16,66;12,27;10,40
05/08/2026 10:34:56 am;149,700;21,70;32,60;30,67;16,66;12,27;10,40
05/08/2026 10:34:56 am;149,750;21,70;32,60;30,67;16,66;12,27;10,40
05/08/2026 10:34:56 am;149,800;21,70;32,60;30,68;16,66;12,27;10,40
05/08/2026 10:34:56 am;149,850;21,70;32,60;30,68;16,66;12,27;10,39
05/08/2026 10:34:56 am;149,900;21,71;32,60;30,68;16,66;12,27;10,39
05/08/2026 10:34:56 am;149,950;21,71;32,60;30,68;16,66;12,27;10,39
05/08/2026 10:34:57 am;150,000;21,71;32,60;30,69;16,65;12,27;10,39
05/08/2026 10:34:57 am;150,050;21,71;32,60;30,69;16,65;12,27;10,39
05/08/2026 10:34:57 am;150,100;21,71;32,60;30,69;16,65;12,27;10,38
05/08/2026 10:34:57 am;150,150;21,71;32,60;30,69;16,65;12,27;10,38
05/08/2026 10:34:57 am;150,200;21,72;32,60;30,70;16,65;12,27;10,38
05/08/2026 10:34:57 am;150,250;21,72;32,60;30,70;16,65;12,27;10,38
05/08/2026 10:34:57 am;150,300;21,72;32,60;30,70;16,64;12,27;10,38
05/08/2026 10:34:57 am;150,350;21,72;32,60;30,70;16,64;12,27;10,38
05/08/2026 10:34:57 am;150,400;21,72;32,60;30,71;16,64;12,27;10,37
05/08/2026 10:34:57 am;150,450;21,72;32,60;30,71;16,64;12,27;10,38
05/08/2026 10:34:57 am;150,500;21,72;32,60;30,71;16,64;12,27;10,37
05/08/2026 10:34:57 am;150,550;21,73;32,60;30,71;16,64;12,27;10,37
05/08/2026 10:34:57 am;150,600;21,73;32,59;30,71;16,64;12,27;10,37
05/08/2026 10:34:57 am;150,650;21,73;32,59;30,72;16,64;12,27;10,36
05/08/2026 10:34:57 am;150,700;21,73;32,59;30,72;16,63;12,27;10,36
05/08/2026 10:34:57 am;150,750;21,73;32,59;30,72;16,63;12,27;10,36
05/08/2026 10:34:57 am;150,800;21,73;32,59;30,72;16,63;12,27;10,36
05/08/2026 10:34:57 am;150,850;21,74;32,59;30,72;16,63;12,26;10,36
05/08/2026 10:34:57 am;150,900;21,74;32,59;30,73;16,63;12,27;10,36
05/08/2026 10:34:57 am;150,950;21,74;32,59;30,73;16,63;12,27;10,35
05/08/2026 10:34:58 am;151,000;21,74;32,59;30,73;16,63;12,27;10,35
05/08/2026 10:34:58 am;151,050;21,74;32,59;30,73;16,63;12,27;10,35
05/08/2026 10:34:58 am;151,100;21,74;32,59;30,74;16,62;12,26;10,35
05/08/2026 10:34:58 am;151,150;21,75;32,59;30,74;16,62;12,27;10,35
05/08/2026 10:34:58 am;151,200;21,75;32,59;30,74;16,62;12,26;10,35
05/08/2026 10:34:58 am;151,250;21,75;32,59;30,74;16,62;12,27;10,35
05/08/2026 10:34:58 am;151,300;21,75;32,58;30,74;16,62;12,26;10,35
05/08/2026 10:34:58 am;151,350;21,75;32,58;30,75;16,62;12,26;10,35
05/08/2026 10:34:58 am;151,400;21,76;32,58;30,75;16,62;12,26;10,35
05/08/2026 10:34:58 am;151,450;21,76;32,58;30,75;16,61;12,26;10,34
05/08/2026 10:34:58 am;151,500;21,76;32,58;30,75;16,61;12,26;10,34
05/08/2026 10:34:58 am;151,550;21,76;32,58;30,75;16,61;12,26;10,34
05/08/2026 10:34:58 am;151,600;21,76;32,58;30,76;16,61;12,26;10,34
05/08/2026 10:34:58 am;151,650;21,76;32,58;30,76;16,61;12,26;10,33
05/08/2026 10:34:58 am;151,700;21,76;32,58;30,76;16,61;12,26;10,34
05/08/2026 10:34:58 am;151,750;21,77;32,58;30,76;16,61;12,26;10,33
05/08/2026 10:34:58 am;151,800;21,77;32,58;30,76;16,60;12,26;10,33
05/08/2026 10:34:58 am;151,850;21,77;32,58;30,76;16,60;12,26;10,33
05/08/2026 10:34:58 am;151,900;21,77;32,58;30,76;16,60;12,26;10,33
05/08/2026 10:34:58 am;151,950;21,77;32,59;30,77;16,60;12,26;10,33
05/08/2026 10:34:59 am;152,000;21,77;32,59;30,77;16,60;12,26;10,33
05/08/2026 10:34:59 am;152,050;21,78;32,59;30,77;16,59;12,26;10,33
05/08/2026 10:34:59 am;152,100;21,78;32,59;30,77;16,59;12,26;10,33
05/08/2026 10:34:59 am;152,150;21,78;32,59;30,77;16,59;12,26;10,33
05/08/2026 10:34:59 am;152,200;21,78;32,59;30,78;16,59;12,26;10,33
05/08/2026 10:34:59 am;152,250;21,78;32,59;30,78;16,59;12,26;10,33
05/08/2026 10:34:59 am;152,300;21,78;32,60;30,78;16,59;12,26;10,32
05/08/2026 10:34:59 am;152,350;21,79;32,60;30,78;16,59;12,26;10,33
05/08/2026 10:34:59 am;152,400;21,79;32,60;30,79;16,59;12,26;10,33
05/08/2026 10:34:59 am;152,450;21,79;32,60;30,79;16,59;12,26;10,33
05/08/2026 10:34:59 am;152,500;21,79;32,60;30,79;16,58;12,26;10,32
05/08/2026 10:34:59 am;152,550;21,79;32,61;30,79;16,58;12,26;10,32
05/08/2026 10:34:59 am;152,600;21,80;32,61;30,79;16,58;12,25;10,32
05/08/2026 10:34:59 am;152,650;21,79;32,61;30,80;16,58;12,26;10,32
05/08/2026 10:34:59 am;152,700;21,80;32,62;30,80;16,58;12,26;10,33
05/08/2026 10:34:59 am;152,750;21,80;32,62;30,80;16,57;12,26;10,32
05/08/2026 10:34:59 am;152,800;21,80;32,62;30,80;16,57;12,26;10,32
05/08/2026 10:34:59 am;152,850;21,80;32,62;30,80;16,57;12,26;10,32
05/08/2026 10:34:59 am;152,900;21,80;32,62;30,80;16,57;12,26;10,32
05/08/2026 10:34:59 am;152,950;21,81;32,63;30,80;16,57;12,26;10,32
05/08/2026 10:35:00 am;153,000;21,81;32,63;30,81;16,57;12,26;10,32
05/08/2026 10:35:00 am;153,050;21,81;32,63;30,81;16,56;12,26;10,32
05/08/2026 10:35:00 am;153,100;21,81;32,64;30,81;16,56;12,26;10,32
05/08/2026 10:35:00 am;153,150;21,81;32,64;30,81;16,56;12,26;10,32
05/08/2026 10:35:00 am;153,200;21,82;32,64;30,81;16,56;12,26;10,32
05/08/2026 10:35:00 am;153,250;21,82;32,65;30,81;16,56;12,26;10,32
05/08/2026 10:35:00 am;153,300;21,82;32,65;30,81;16,56;12,26;10,32
05/08/2026 10:35:00 am;153,350;21,82;32,65;30,82;16,56;12,26;10,32
05/08/2026 10:35:00 am;153,400;21,82;32,66;30,82;16,55;12,26;10,32
05/08/2026 10:35:00 am;153,450;21,82;32,66;30,82;16,55;12,26;10,32
05/08/2026 10:35:00 am;153,500;21,82;32,66;30,82;16,55;12,26;10,32
05/08/2026 10:35:00 am;153,550;21,82;32,67;30,82;16,55;12,26;10,32
05/08/2026 10:35:00 am;153,600;21,83;32,67;30,82;16,55;12,26;10,32
05/08/2026 10:35:00 am;153,650;21,83;32,68;30,82;16,54;12,26;10,32
05/08/2026 10:35:00 am;153,700;21,83;32,68;30,82;16,54;12,26;10,32
05/08/2026 10:35:00 am;153,750;21,83;32,69;30,82;16,54;12,27;10,32
05/08/2026 10:35:00 am;153,800;21,83;32,69;30,82;16,54;12,26;10,32
05/08/2026 10:35:00 am;153,850;21,83;32,69;30,83;16,54;12,26;10,31
05/08/2026 10:35:00 am;153,900;21,83;32,70;30,83;16,54;12,27;10,32
05/08/2026 10:35:00 am;153,950;21,83;32,70;30,83;16,53;12,27;10,31
05/08/2026 10:35:01 am;154,000;21,83;32,70;30,83;16,53;12,27;10,31
05/08/2026 10:35:01 am;154,050;21,84;32,71;30,83;16,53;12,27;10,31
05/08/2026 10:35:01 am;154,100;21,84;32,71;30,83;16,53;12,26;10,31
05/08/2026 10:35:01 am;154,150;21,84;32,71;30,83;16,53;12,27;10,31
05/08/2026 10:35:01 am;154,200;21,84;32,71;30,83;16,53;12,27;10,31
05/08/2026 10:35:01 am;154,250;21,84;32,71;30,83;16,52;12,27;10,31
05/08/2026 10:35:01 am;154,300;21,84;32,71;30,83;16,52;12,27;10,30
05/08/2026 10:35:01 am;154,350;21,85;32,72;30,83;16,52;12,27;10,31
05/08/2026 10:35:01 am;154,400;21,85;32,72;30,83;16,52;12,27;10,31
05/08/2026 10:35:01 am;154,450;21,85;32,72;30,83;16,52;12,27;10,31
05/08/2026 10:35:01 am;154,500;21,85;32,72;30,83;16,52;12,27;10,30
05/08/2026 10:35:01 am;154,550;21,85;32,72;30,83;16,52;12,27;10,30
05/08/2026 10:35:01 am;154,600;21,85;32,72;30,83;16,51;12,27;10,30
05/08/2026 10:35:01 am;154,650;21,85;32,73;30,84;16,51;12,27;10,30
05/08/2026 10:35:01 am;154,700;21,86;32,73;30,83;16,51;12,27;10,30
05/08/2026 10:35:01 am;154,750;21,86;32,73;30,84;16,51;12,27;10,30
05/08/2026 10:35:01 am;154,800;21,86;32,73;30,84;16,51;12,27;10,30
05/08/2026 10:35:01 am;154,850;21,86;32,74;30,84;16,50;12,27;10,30
05/08/2026 10:35:01 am;154,900;21,86;32,74;30,84;16,50;12,27;10,30
05/08/2026 10:35:01 am;154,950;21,87;32,74;30,84;16,50;12,27;10,30
05/08/2026 10:35:02 am;155,000;21,87;32,74;30,84;16,50;12,27;10,30
05/08/2026 10:35:02 am;155,050;21,87;32,75;30,84;16,50;12,27;10,30
05/08/2026 10:35:02 am;155,100;21,87;32,75;30,84;16,49;12,27;10,30
05/08/2026 10:35:02 am;155,150;21,87;32,75;30,84;16,49;12,28;10,30
05/08/2026 10:35:02 am;155,200;21,87;32,75;30,84;16,49;12,27;10,30
05/08/2026 10:35:02 am;155,250;21,88;32,75;30,84;16,49;12,28;10,30
05/08/2026 10:35:02 am;155,300;21,88;32,75;30,84;16,49;12,27;10,30
05/08/2026 10:35:02 am;155,350;21,88;32,75;30,84;16,48;12,28;10,30
05/08/2026 10:35:02 am;155,400;21,88;32,75;30,84;16,48;12,28;10,30
05/08/2026 10:35:02 am;155,450;21,88;32,76;30,84;16,48;12,28;10,30
05/08/2026 10:35:02 am;155,500;21,88;32,76;30,84;16,48;12,28;10,30
05/08/2026 10:35:02 am;155,550;21,88;32,76;30,84;16,48;12,28;10,30
05/08/2026 10:35:02 am;155,600;21,89;32,76;30,84;16,48;12,28;10,30
05/08/2026 10:35:02 am;155,650;21,89;32,76;30,84;16,47;12,28;10,30
05/08/2026 10:35:02 am;155,700;21,89;32,76;30,85;16,47;12,28;10,30
05/08/2026 10:35:02 am;155,750;21,89;32,76;30,84;16,47;12,28;10,29
05/08/2026 10:35:02 am;155,800;21,89;32,76;30,85;16,47;12,28;10,30
05/08/2026 10:35:02 am;155,850;21,89;32,76;30,85;16,47;12,28;10,29
05/08/2026 10:35:02 am;155,900;21,90;32,76;30,85;16,46;12,28;10,29
05/08/2026 10:35:02 am;155,950;21,90;32,76;30,85;16,46;12,28;10,29
05/08/2026 10:35:03 am;156,000;21,90;32,76;30,85;16,46;12,28;10,29
05/08/2026 10:35:03 am;156,050;21,90;32,76;30,85;16,46;12,28;10,29
05/08/2026 10:35:03 am;156,100;21,90;32,76;30,85;16,46;12,28;10,29
05/08/2026 10:35:03 am;156,150;21,90;32,77;30,85;16,46;12,28;10,29
05/08/2026 10:35:03 am;156,200;21,90;32,77;30,85;16,46;12,28;10,29
05/08/2026 10:35:03 am;156,250;21,91;32,77;30,85;16,45;12,28;10,29
05/08/2026 10:35:03 am;156,300;21,91;32,77;30,85;16,45;12,28;10,29
05/08/2026 10:35:03 am;156,350;21,91;32,77;30,85;16,45;12,28;10,29
05/08/2026 10:35:03 am;156,400;21,91;32,78;30,85;16,44;12,28;10,29
05/08/2026 10:35:03 am;156,450;21,91;32,78;30,85;16,44;12,28;10,29
05/08/2026 10:35:03 am;156,500;21,91;32,78;30,85;16,44;12,28;10,29
05/08/2026 10:35:03 am;156,550;21,92;32,79;30,85;16,44;12,27;10,29
05/08/2026 10:35:03 am;156,600;21,92;32,79;30,85;16,44;12,27;10,28
05/08/2026 10:35:03 am;156,650;21,92;32,79;30,85;16,43;12,28;10,29
05/08/2026 10:35:03 am;156,700;21,92;32,80;30,85;16,43;12,27;10,29
05/08/2026 10:35:03 am;156,750;21,92;32,80;30,85;16,43;12,27;10,29
05/08/2026 10:35:03 am;156,800;21,92;32,80;30,85;16,43;12,27;10,29
05/08/2026 10:35:03 am;156,850;21,92;32,81;30,85;16,43;12,27;10,29
05/08/2026 10:35:03 am;156,900;21,93;32,81;30,85;16,43;12,27;10,29
05/08/2026 10:35:03 am;156,950;21,93;32,82;30,85;16,42;12,27;10,29
05/08/2026 10:35:04 am;157,000;21,93;32,82;30,85;16,42;12,27;10,28
05/08/2026 10:35:04 am;157,050;21,93;32,83;30,86;16,42;12,27;10,29
05/08/2026 10:35:04 am;157,100;21,93;32,83;30,86;16,41;12,27;10,29
05/08/2026 10:35:04 am;157,150;21,94;32,84;30,86;16,42;12,27;10,29
05/08/2026 10:35:04 am;157,200;21,94;32,84;30,85;16,41;12,27;10,29
05/08/2026 10:35:04 am;157,250;21,94;32,85;30,86;16,41;12,26;10,29
05/08/2026 10:35:04 am;157,300;21,94;32,85;30,86;16,41;12,27;10,29
05/08/2026 10:35:04 am;157,350;21,94;32,86;30,86;16,41;12,26;10,28
05/08/2026 10:35:04 am;157,400;21,94;32,86;30,86;16,41;12,26;10,29
05/08/2026 10:35:04 am;157,450;21,95;32,87;30,86;16,41;12,26;10,29
05/08/2026 10:35:04 am;157,500;21,95;32,87;30,86;16,40;12,26;10,29
05/08/2026 10:35:04 am;157,550;21,95;32,87;30,86;16,40;12,26;10,29
05/08/2026 10:35:04 am;157,600;21,95;32,88;30,86;16,40;12,26;10,29
05/08/2026 10:35:04 am;157,650;21,95;32,88;30,86;16,39;12,26;10,29
05/08/2026 10:35:04 am;157,700;21,95;32,89;30,86;16,39;12,25;10,29
05/08/2026 10:35:04 am;157,750;21,95;32,89;30,86;16,39;12,25;10,29
05/08/2026 10:35:04 am;157,800;21,96;32,89;30,86;16,39;12,25;10,29
05/08/2026 10:35:04 am;157,850;21,96;32,89;30,86;16,39;12,25;10,29
05/08/2026 10:35:04 am;157,900;21,96;32,90;30,86;16,39;12,25;10,29
05/08/2026 10:35:04 am;157,950;21,96;32,90;30,86;16,38;12,25;10,29
05/08/2026 10:35:05 am;158,000;21,96;32,90;30,87;16,38;12,25;10,29
05/08/2026 10:35:05 am;158,050;21,96;32,91;30,87;16,38;12,25;10,29
05/08/2026 10:35:05 am;158,100;21,97;32,91;30,87;16,38;12,24;10,29
05/08/2026 10:35:05 am;158,150;21,97;32,91;30,87;16,38;12,24;10,29
05/08/2026 10:35:05 am;158,200;21,97;32,92;30,87;16,37;12,24;10,29
05/08/2026 10:35:05 am;158,250;21,97;32,92;30,87;16,37;12,24;10,29
05/08/2026 10:35:05 am;158,300;21,97;32,92;30,87;16,37;12,24;10,29
05/08/2026 10:35:05 am;158,350;21,97;32,93;30,87;16,37;12,24;10,29
05/08/2026 10:35:05 am;158,400;21,97;32,93;30,87;16,37;12,24;10,29
05/08/2026 10:35:05 am;158,450;21,98;32,94;30,87;16,37;12,23;10,29
05/08/2026 10:35:05 am;158,500;21,98;32,94;30,87;16,36;12,23;10,30
05/08/2026 10:35:05 am;158,550;21,98;32,94;30,87;16,36;12,23;10,29
05/08/2026 10:35:05 am;158,600;21,98;32,95;30,87;16,36;12,23;10,30
05/08/2026 10:35:05 am;158,650;21,98;32,95;30,87;16,36;12,23;10,30
05/08/2026 10:35:05 am;158,700;21,99;32,96;30,87;16,36;12,23;10,30
05/08/2026 10:35:05 am;158,750;21,99;32,96;30,87;16,35;12,23;10,30
05/08/2026 10:35:05 am;158,800;21,99;32,96;30,87;16,35;12,23;10,30
05/08/2026 10:35:05 am;158,850;21,99;32,97;30,87;16,35;12,23;10,30
05/08/2026 10:35:05 am;158,900;21,99;32,97;30,88;16,35;12,22;10,30
05/08/2026 10:35:05 am;158,950;21,99;32,98;30,88;16,34;12,22;10,30
05/08/2026 10:35:06 am;159,000;21,99;32,98;30,88;16,34;12,22;10,30
05/08/2026 10:35:06 am;159,050;22,00;32,98;30,88;16,34;12,22;10,30
05/08/2026 10:35:06 am;159,100;22,00;32,98;30,88;16,34;12,22;10,30
05/08/2026 10:35:06 am;159,150;22,00;32,98;30,88;16,34;12,22;10,30
05/08/2026 10:35:06 am;159,200;22,00;32,99;30,88;16,33;12,22;10,30
05/08/2026 10:35:06 am;159,250;22,00;32,99;30,88;16,33;12,22;10,30
05/08/2026 10:35:06 am;159,300;22,00;32,99;30,88;16,33;12,21;10,30
05/08/2026 10:35:06 am;159,350;22,00;32,99;30,89;16,33;12,21;10,30
05/08/2026 10:35:06 am;159,400;22,00;32,99;30,89;16,33;12,21;10,30
05/08/2026 10:35:06 am;159,450;22,01;32,99;30,89;16,33;12,21;10,30
05/08/2026 10:35:06 am;159,500;22,01;32,99;30,89;16,33;12,21;10,30
05/08/2026 10:35:06 am;159,550;22,01;33,00;30,89;16,32;12,21;10,31
05/08/2026 10:35:06 am;159,600;22,01;33,00;30,89;16,32;12,20;10,31
05/08/2026 10:35:06 am;159,650;22,01;33,00;30,90;16,32;12,20;10,30
05/08/2026 10:35:06 am;159,700;22,01;33,00;30,90;16,32;12,20;10,30
05/08/2026 10:35:06 am;159,750;22,02;33,00;30,90;16,31;12,20;10,31
05/08/2026 10:35:06 am;159,800;22,02;33,01;30,90;16,31;12,20;10,31
05/08/2026 10:35:06 am;159,850;22,02;33,01;30,90;16,31;12,20;10,31
05/08/2026 10:35:06 am;159,900;22,02;33,01;30,90;16,31;12,20;10,31
05/08/2026 10:35:06 am;159,950;22,02;33,01;30,90;16,31;12,20;10,31
05/08/2026 10:35:07 am;160,000;22,02;33,02;30,91;16,31;12,19;10,31
05/08/2026 10:35:07 am;160,050;22,02;33,02;30,91;16,30;12,20;10,31
05/08/2026 10:35:07 am;160,100;22,03;33,02;30,91;16,30;12,19;10,31
05/08/2026 10:35:07 am;160,150;22,03;33,02;30,91;16,30;12,19;10,31
05/08/2026 10:35:07 am;160,200;22,03;33,02;30,91;16,30;12,19;10,31
05/08/2026 10:35:07 am;160,250;22,03;33,03;30,91;16,30;12,19;10,32
05/08/2026 10:35:07 am;160,300;22,03;33,03;30,91;16,29;12,19;10,31
05/08/2026 10:35:07 am;160,350;22,03;33,03;30,91;16,29;12,19;10,31
05/08/2026 10:35:07 am;160,400;22,04;33,03;30,91;16,29;12,19;10,31
05/08/2026 10:35:07 am;160,450;22,04;33,03;30,92;16,29;12,19;10,31
05/08/2026 10:35:07 am;160,500;22,04;33,03;30,92;16,29;12,19;10,31
05/08/2026 10:35:07 am;160,550;22,04;33,04;30,92;16,29;12,19;10,32
05/08/2026 10:35:07 am;160,600;22,04;33,04;30,91;16,28;12,19;10,32
05/08/2026 10:35:07 am;160,650;22,04;33,04;30,92;16,28;12,19;10,32
05/08/2026 10:35:07 am;160,700;22,05;33,05;30,92;16,28;12,19;10,32
05/08/2026 10:35:07 am;160,750;22,05;33,05;30,92;16,28;12,19;10,32
05/08/2026 10:35:07 am;160,800;22,05;33,05;30,92;16,28;12,18;10,32
05/08/2026 10:35:07 am;160,850;22,05;33,05;30,92;16,28;12,19;10,32
05/08/2026 10:35:07 am;160,900;22,05;33,06;30,92;16,27;12,18;10,31
05/08/2026 10:35:07 am;160,950;22,05;33,06;30,92;16,27;12,18;10,32
05/08/2026 10:35:08 am;161,000;22,05;33,06;30,92;16,27;12,18;10,32
05/08/2026 10:35:08 am;161,050;22,05;33,07;30,92;16,27;12,18;10,32
05/08/2026 10:35:08 am;161,100;22,06;33,07;30,92;16,27;12,18;10,32
05/08/2026 10:35:08 am;161,150;22,06;33,07;30,92;16,26;12,18;10,32
05/08/2026 10:35:08 am;161,200;22,06;33,07;30,92;16,26;12,18;10,32
05/08/2026 10:35:08 am;161,250;22,06;33,08;30,92;16,26;12,18;10,32
05/08/2026 10:35:08 am;161,300;22,06;33,08;30,92;16,26;12,18;10,32
05/08/2026 10:35:08 am;161,350;22,07;33,08;30,92;16,26;12,18;10,32
05/08/2026 10:35:08 am;161,400;22,07;33,09;30,92;16,25;12,18;10,32
05/08/2026 10:35:08 am;161,450;22,07;33,09;30,92;16,25;12,18;10,32
05/08/2026 10:35:08 am;161,500;22,07;33,10;30,92;16,25;12,18;10,32
05/08/2026 10:35:08 am;161,550;22,07;33,10;30,92;16,25;12,18;10,32
05/08/2026 10:35:08 am;161,600;22,07;33,10;30,92;16,25;12,18;10,32
05/08/2026 10:35:08 am;161,650;22,07;33,11;30,92;16,25;12,18;10,32
05/08/2026 10:35:08 am;161,700;22,08;33,11;30,92;16,24;12,18;10,31
05/08/2026 10:35:08 am;161,750;22,08;33,11;30,92;16,24;12,18;10,31
05/08/2026 10:35:08 am;161,800;22,08;33,12;30,92;16,24;12,18;10,31
05/08/2026 10:35:08 am;161,850;22,08;33,12;30,92;16,24;12,18;10,31
05/08/2026 10:35:08 am;161,900;22,08;33,12;30,92;16,24;12,18;10,31
05/08/2026 10:35:08 am;161,950;22,08;33,12;30,92;16,24;12,18;10,31
05/08/2026 10:35:09 am;162,000;22,08;33,13;30,93;16,23;12,18;10,31
05/08/2026 10:35:09 am;162,050;22,09;33,13;30,93;16,23;12,19;10,31
05/08/2026 10:35:09 am;162,100;22,09;33,13;30,93;16,23;12,18;10,31
05/08/2026 10:35:09 am;162,150;22,09;33,14;30,93;16,23;12,19;10,31
05/08/2026 10:35:09 am;162,200;22,09;33,14;30,93;16,23;12,19;10,30
05/08/2026 10:35:09 am;162,250;22,09;33,14;30,93;16,23;12,19;10,30
05/08/2026 10:35:09 am;162,300;22,09;33,14;30,93;16,23;12,18;10,30
05/08/2026 10:35:09 am;162,350;22,09;33,14;30,93;16,22;12,19;10,30
05/08/2026 10:35:09 am;162,400;22,10;33,15;30,93;16,22;12,19;10,30
05/08/2026 10:35:09 am;162,450;22,10;33,15;30,94;16,22;12,19;10,30
05/08/2026 10:35:09 am;162,500;22,10;33,15;30,94;16,22;12,19;10,30
05/08/2026 10:35:09 am;162,550;22,10;33,15;30,94;16,22;12,19;10,30
05/08/2026 10:35:09 am;162,600;22,10;33,15;30,94;16,21;12,19;10,30
05/08/2026 10:35:09 am;162,650;22,10;33,15;30,94;16,21;12,20;10,30
05/08/2026 10:35:09 am;162,700;22,10;33,16;30,94;16,21;12,20;10,30
05/08/2026 10:35:09 am;162,750;22,11;33,16;30,94;16,21;12,20;10,30
05/08/2026 10:35:09 am;162,800;22,11;33,16;30,94;16,21;12,19;10,30
05/08/2026 10:35:09 am;162,850;22,11;33,16;30,95;16,20;12,20;10,30
05/08/2026 10:35:09 am;162,900;22,11;33,17;30,95;16,20;12,20;10,30
05/08/2026 10:35:09 am;162,950;22,11;33,17;30,95;16,20;12,20;10,30
05/08/2026 10:35:10 am;163,000;22,12;33,17;30,95;16,20;12,20;10,30
05/08/2026 10:35:10 am;163,050;22,12;33,17;30,95;16,20;12,20;10,30
05/08/2026 10:35:10 am;163,100;22,12;33,17;30,95;16,20;12,20;10,30
05/08/2026 10:35:10 am;163,150;22,12;33,17;30,96;16,19;12,20;10,30
05/08/2026 10:35:10 am;163,200;22,12;33,18;30,96;16,19;12,20;10,29
05/08/2026 10:35:10 am;163,250;22,12;33,18;30,96;16,19;12,20;10,29
05/08/2026 10:35:10 am;163,300;22,12;33,18;30,96;16,19;12,20;10,29
05/08/2026 10:35:10 am;163,350;22,12;33,18;30,96;16,19;12,21;10,29
05/08/2026 10:35:10 am;163,400;22,13;33,19;30,97;16,19;12,21;10,29
05/08/2026 10:35:10 am;163,450;22,13;33,19;30,97;16,19;12,21;10,29
05/08/2026 10:35:10 am;163,500;22,13;33,19;30,97;16,18;12,21;10,29
05/08/2026 10:35:10 am;163,550;22,13;33,19;30,97;16,18;12,21;10,28
05/08/2026 10:35:10 am;163,600;22,13;33,19;30,97;16,18;12,20;10,28
05/08/2026 10:35:10 am;163,650;22,13;33,19;30,97;16,18;12,21;10,28
05/08/2026 10:35:10 am;163,700;22,14;33,19;30,98;16,18;12,21;10,28
05/08/2026 10:35:10 am;163,750;22,14;33,20;30,98;16,18;12,21;10,28
05/08/2026 10:35:10 am;163,800;22,14;33,20;30,98;16,18;12,21;10,28
05/08/2026 10:35:10 am;163,850;22,14;33,20;30,98;16,17;12,21;10,27
05/08/2026 10:35:10 am;163,900;22,14;33,20;30,98;16,18;12,21;10,27
05/08/2026 10:35:10 am;163,950;22,14;33,20;30,98;16,17;12,21;10,27
05/08/2026 10:35:11 am;164,000;22,14;33,20;30,99;16,17;12,21;10,27
05/08/2026 10:35:11 am;164,050;22,15;33,20;30,99;16,17;12,21;10,27
05/08/2026 10:35:11 am;164,100;22,15;33,20;30,99;16,17;12,21;10,27
05/08/2026 10:35:11 am;164,150;22,15;33,21;30,99;16,16;12,22;10,27
05/08/2026 10:35:11 am;164,200;22,15;33,21;30,99;16,17;12,21;10,26
05/08/2026 10:35:11 am;164,250;22,15;33,21;31,00;16,17;12,21;10,26
05/08/2026 10:35:11 am;164,300;22,15;33,21;30,99;16,16;12,21;10,26
05/08/2026 10:35:11 am;164,350;22,16;33,21;31,00;16,16;12,22;10,26
05/08/2026 10:35:11 am;164,400;22,16;33,22;31,00;16,16;12,21;10,26
05/08/2026 10:35:11 am;164,450;22,16;33,22;31,00;16,16;12,22;10,26
05/08/2026 10:35:11 am;164,500;22,16;33,22;31,00;16,16;12,22;10,26
05/08/2026 10:35:11 am;164,550;22,16;33,22;31,00;16,16;12,22;10,26
05/08/2026 10:35:11 am;164,600;22,16;33,23;31,00;16,15;12,22;10,26
05/08/2026 10:35:11 am;164,650;22,16;33,23;31,01;16,16;12,22;10,26
05/08/2026 10:35:11 am;164,700;22,17;33,23;31,01;16,15;12,22;10,26
05/08/2026 10:35:11 am;164,750;22,17;33,23;31,01;16,15;12,22;10,26
05/08/2026 10:35:11 am;164,800;22,17;33,23;31,01;16,15;12,22;10,25
05/08/2026 10:35:11 am;164,850;22,17;33,24;31,01;16,15;12,22;10,25
05/08/2026 10:35:11 am;164,900;22,17;33,24;31,01;16,14;12,22;10,25
05/08/2026 10:35:11 am;164,950;22,17;33,24;31,02;16,14;12,22;10,25
05/08/2026 10:35:12 am;165,000;22,17;33,24;31,02;16,15;12,22;10,25
05/08/2026 10:35:12 am;165,050;22,18;33,25;31,02;16,14;12,22;10,25
05/08/2026 10:35:12 am;165,100;22,18;33,25;31,02;16,14;12,22;10,25
05/08/2026 10:35:12 am;165,150;22,18;33,25;31,02;16,14;12,22;10,25
05/08/2026 10:35:12 am;165,200;22,18;33,25;31,02;16,14;12,22;10,25
05/08/2026 10:35:12 am;165,250;22,18;33,26;31,02;16,14;12,23;10,25
05/08/2026 10:35:12 am;165,300;22,18;33,25;31,02;16,14;12,23;10,25
05/08/2026 10:35:12 am;165,350;22,18;33,26;31,02;16,13;12,23;10,25
05/08/2026 10:35:12 am;165,400;22,19;33,26;31,02;16,13;12,23;10,25
05/08/2026 10:35:12 am;165,450;22,19;33,26;31,02;16,13;12,23;10,24
05/08/2026 10:35:12 am;165,500;22,19;33,26;31,02;16,13;12,23;10,25
05/08/2026 10:35:12 am;165,550;22,19;33,26;31,02;16,13;12,23;10,24
05/08/2026 10:35:12 am;165,600;22,19;33,26;31,02;16,13;12,23;10,24
05/08/2026 10:35:12 am;165,650;22,19;33,27;31,02;16,13;12,23;10,24
05/08/2026 10:35:12 am;165,700;22,19;33,27;31,02;16,13;12,23;10,24
05/08/2026 10:35:12 am;165,750;22,20;33,27;31,02;16,12;12,23;10,24
05/08/2026 10:35:12 am;165,800;22,20;33,27;31,02;16,12;12,23;10,24
05/08/2026 10:35:12 am;165,850;22,20;33,27;31,02;16,12;12,23;10,24
05/08/2026 10:35:12 am;165,900;22,20;33,28;31,02;16,12;12,23;10,24
05/08/2026 10:35:12 am;165,950;22,20;33,28;31,01;16,12;12,23;10,24
05/08/2026 10:35:13 am;166,000;22,20;33,28;31,01;16,12;12,23;10,24
05/08/2026 10:35:13 am;166,050;22,21;33,28;31,01;16,12;12,23;10,24
05/08/2026 10:35:13 am;166,100;22,21;33,28;31,01;16,11;12,23;10,24
05/08/2026 10:35:13 am;166,150;22,21;33,29;31,01;16,11;12,24;10,24
05/08/2026 10:35:13 am;166,200;22,21;33,29;31,00;16,11;12,24;10,24
05/08/2026 10:35:13 am;166,250;22,21;33,29;31,00;16,11;12,24;10,24
05/08/2026 10:35:13 am;166,300;22,21;33,29;31,00;16,11;12,24;10,24
05/08/2026 10:35:13 am;166,350;22,21;33,29;31,00;16,11;12,24;10,24
05/08/2026 10:35:13 am;166,400;22,22;33,30;31,00;16,11;12,24;10,24
05/08/2026 10:35:13 am;166,450;22,22;33,30;31,00;16,11;12,24;10,24
05/08/2026 10:35:13 am;166,500;22,22;33,30;31,00;16,11;12,24;10,24
05/08/2026 10:35:13 am;166,550;22,22;33,30;30,99;16,11;12,24;10,24
05/08/2026 10:35:13 am;166,600;22,22;33,30;30,99;16,10;12,24;10,24
05/08/2026 10:35:13 am;166,650;22,22;33,31;30,99;16,10;12,25;10,24
05/08/2026 10:35:13 am;166,700;22,22;33,31;30,98;16,11;12,24;10,24
05/08/2026 10:35:13 am;166,750;22,23;33,31;30,98;16,10;12,24;10,24
05/08/2026 10:35:13 am;166,800;22,23;33,31;30,98;16,10;12,24;10,25
05/08/2026 10:35:13 am;166,850;22,23;33,31;30,98;16,10;12,24;10,24
05/08/2026 10:35:13 am;166,900;22,23;33,31;30,97;16,10;12,24;10,24
05/08/2026 10:35:13 am;166,950;22,23;33,31;30,97;16,10;12,25;10,25
05/08/2026 10:35:14 am;167,000;22,23;33,31;30,97;16,10;12,24;10,24
05/08/2026 10:35:14 am;167,050;22,24;33,31;30,97;16,10;12,25;10,25
05/08/2026 10:35:14 am;167,100;22,24;33,31;30,96;16,09;12,25;10,25
05/08/2026 10:35:14 am;167,150;22,24;33,32;30,96;16,09;12,25;10,25
05/08/2026 10:35:14 am;167,200;22,24;33,32;30,96;16,09;12,25;10,25
05/08/2026 10:35:14 am;167,250;22,24;33,32;30,96;16,09;12,25;10,25
05/08/2026 10:35:14 am;167,300;22,24;33,32;30,95;16,09;12,25;10,24
05/08/2026 10:35:14 am;167,350;22,24;33,33;30,95;16,09;12,25;10,25
05/08/2026 10:35:14 am;167,400;22,24;33,33;30,95;16,09;12,25;10,24
05/08/2026 10:35:14 am;167,450;22,25;33,33;30,95;16,09;12,25;10,24
05/08/2026 10:35:14 am;167,500;22,25;33,33;30,94;16,08;12,25;10,24
05/08/2026 10:35:14 am;167,550;22,25;33,33;30,94;16,08;12,25;10,25
05/08/2026 10:35:14 am;167,600;22,25;33,33;30,94;16,08;12,24;10,24
05/08/2026 10:35:14 am;167,650;22,25;33,33;30,93;16,08;12,25;10,24
05/08/2026 10:35:14 am;167,700;22,25;33,33;30,93;16,08;12,25;10,24
05/08/2026 10:35:14 am;167,750;22,26;33,33;30,93;16,08;12,25;10,25
05/08/2026 10:35:14 am;167,800;22,26;33,33;30,92;16,08;12,25;10,24
05/08/2026 10:35:14 am;167,850;22,26;33,33;30,92;16,08;12,25;10,24
05/08/2026 10:35:14 am;167,900;22,26;33,33;30,92;16,07;12,24;10,24
05/08/2026 10:35:14 am;167,950;22,26;33,33;30,91;16,07;12,24;10,24
05/08/2026 10:35:15 am;168,000;22,26;33,33;30,91;16,07;12,25;10,24
05/08/2026 10:35:15 am;168,050;22,26;33,33;30,91;16,07;12,25;10,24
05/08/2026 10:35:15 am;168,100;22,26;33,33;30,91;16,07;12,25;10,24
05/08/2026 10:35:15 am;168,150;22,27;33,33;30,90;16,07;12,25;10,24
05/08/2026 10:35:15 am;168,200;22,27;33,33;30,90;16,07;12,24;10,24
05/08/2026 10:35:15 am;168,250;22,27;33,33;30,90;16,07;12,25;10,24
05/08/2026 10:35:15 am;168,300;22,27;33,33;30,89;16,07;12,25;10,23
05/08/2026 10:35:15 am;168,350;22,27;33,33;30,89;16,06;12,25;10,23
05/08/2026 10:35:15 am;168,400;22,28;33,33;30,89;16,07;12,25;10,23
05/08/2026 10:35:15 am;168,450;22,28;33,33;30,89;16,06;12,25;10,23
05/08/2026 10:35:15 am;168,500;22,28;33,33;30,89;16,06;12,25;10,23
05/08/2026 10:35:15 am;168,550;22,28;33,33;30,88;16,06;12,25;10,23
05/08/2026 10:35:15 am;168,600;22,28;33,33;30,88;16,06;12,25;10,23
05/08/2026 10:35:15 am;168,650;22,28;33,33;30,88;16,06;12,25;10,23
05/08/2026 10:35:15 am;168,700;22,28;33,33;30,88;16,06;12,25;10,23
05/08/2026 10:35:15 am;168,750;22,28;33,32;30,88;16,06;12,25;10,23
05/08/2026 10:35:15 am;168,800;22,29;33,33;30,87;16,05;12,25;10,23
05/08/2026 10:35:15 am;168,850;22,29;33,32;30,87;16,06;12,25;10,22
05/08/2026 10:35:15 am;168,900;22,29;33,32;30,87;16,05;12,25;10,22
05/08/2026 10:35:15 am;168,950;22,29;33,32;30,87;16,05;12,25;10,22
05/08/2026 10:35:16 am;169,000;22,29;33,32;30,87;16,05;12,26;10,22
05/08/2026 10:35:16 am;169,050;22,29;33,32;30,86;16,05;12,26;10,22
05/08/2026 10:35:16 am;169,100;22,30;33,31;30,86;16,05;12,26;10,22
05/08/2026 10:35:16 am;169,150;22,30;33,31;30,86;16,05;12,26;10,22
05/08/2026 10:35:16 am;169,200;22,30;33,31;30,86;16,05;12,26;10,22
05/08/2026 10:35:16 am;169,250;22,30;33,31;30,86;16,05;12,26;10,22
05/08/2026 10:35:16 am;169,300;22,30;33,31;30,86;16,04;12,26;10,22
05/08/2026 10:35:16 am;169,350;22,30;33,31;30,85;16,04;12,26;10,21
05/08/2026 10:35:16 am;169,400;22,30;33,31;30,85;16,04;12,26;10,21
05/08/2026 10:35:16 am;169,450;22,30;33,31;30,85;16,04;12,26;10,21
05/08/2026 10:35:16 am;169,500;22,31;33,31;30,85;16,04;12,26;10,21
05/08/2026 10:35:16 am;169,550;22,31;33,31;30,85;16,04;12,26;10,21
05/08/2026 10:35:16 am;169,600;22,31;33,31;30,85;16,04;12,26;10,21
05/08/2026 10:35:16 am;169,650;22,31;33,30;30,84;16,04;12,26;10,21
05/08/2026 10:35:16 am;169,700;22,31;33,30;30,84;16,04;12,26;10,21
05/08/2026 10:35:16 am;169,750;22,32;33,30;30,84;16,04;12,26;10,21
05/08/2026 10:35:16 am;169,800;22,32;33,30;30,83;16,03;12,26;10,21
05/08/2026 10:35:16 am;169,850;22,32;33,30;30,83;16,03;12,26;10,21
05/08/2026 10:35:16 am;169,900;22,32;33,29;30,83;16,03;12,26;10,21
05/08/2026 10:35:16 am;169,950;22,32;33,29;30,83;16,03;12,26;10,20
05/08/2026 10:35:17 am;170,000;22,32;33,29;30,82;16,03;12,26;10,20
05/08/2026 10:35:17 am;170,050;22,33;33,29;30,82;16,03;12,26;10,20
05/08/2026 10:35:17 am;170,100;22,33;33,29;30,82;16,03;12,27;10,20
05/08/2026 10:35:17 am;170,150;22,33;33,28;30,82;16,03;12,27;10,20
05/08/2026 10:35:17 am;170,200;22,33;33,28;30,81;16,02;12,27;10,20
05/08/2026 10:35:17 am;170,250;22,33;33,28;30,81;16,03;12,27;10,19
05/08/2026 10:35:17 am;170,300;22,33;33,28;30,81;16,02;12,27;10,19
05/08/2026 10:35:17 am;170,350;22,33;33,28;30,81;16,02;12,26;10,19
05/08/2026 10:35:17 am;170,400;22,34;33,27;30,81;16,02;12,26;10,19
05/08/2026 10:35:17 am;170,450;22,34;33,27;30,81;16,02;12,27;10,19
05/08/2026 10:35:17 am;170,500;22,34;33,27;30,80;16,02;12,27;10,18
05/08/2026 10:35:17 am;170,550;22,34;33,27;30,80;16,02;12,26;10,18
05/08/2026 10:35:17 am;170,600;22,34;33,27;30,80;16,02;12,26;10,18
05/08/2026 10:35:17 am;170,650;22,34;33,27;30,80;16,02;12,27;10,18
05/08/2026 10:35:17 am;170,700;22,35;33,26;30,80;16,02;12,27;10,18
05/08/2026 10:35:17 am;170,750;22,34;33,26;30,80;16,02;12,27;10,17
05/08/2026 10:35:17 am;170,800;22,35;33,26;30,80;16,01;12,26;10,17
05/08/2026 10:35:17 am;170,850;22,35;33,26;30,79;16,01;12,27;10,17
05/08/2026 10:35:17 am;170,900;22,35;33,26;30,79;16,01;12,27;10,17
05/08/2026 10:35:17 am;170,950;22,35;33,26;30,79;16,01;12,27;10,17
05/08/2026 10:35:18 am;171,000;22,35;33,26;30,79;16,01;12,26;10,17
05/08/2026 10:35:18 am;171,050;22,35;33,26;30,79;16,01;12,27;10,17
05/08/2026 10:35:18 am;171,100;22,36;33,25;30,79;16,01;12,26;10,17
05/08/2026 10:35:18 am;171,150;22,36;33,26;30,79;16,01;12,27;10,17
05/08/2026 10:35:18 am;171,200;22,36;33,25;30,79;16,01;12,27;10,17
05/08/2026 10:35:18 am;171,250;22,36;33,26;30,78;16,01;12,26;10,17
05/08/2026 10:35:18 am;171,300;22,36;33,26;30,78;16,00;12,27;10,17
05/08/2026 10:35:18 am;171,350;22,37;33,26;30,78;16,00;12,27;10,16
05/08/2026 10:35:18 am;171,400;22,36;33,26;30,78;16,01;12,26;10,17
05/08/2026 10:35:18 am;171,450;22,36;33,26;30,78;16,00;12,26;10,16
05/08/2026 10:35:18 am;171,500;22,37;33,26;30,78;16,00;12,26;10,16
05/08/2026 10:35:18 am;171,550;22,37;33,26;30,78;16,00;12,26;10,17
05/08/2026 10:35:18 am;171,600;22,37;33,26;30,78;16,00;12,26;10,16
05/08/2026 10:35:18 am;171,650;22,37;33,26;30,78;16,00;12,26;10,17
05/08/2026 10:35:18 am;171,700;22,37;33,26;30,78;16,00;12,26;10,17
05/08/2026 10:35:18 am;171,750;22,37;33,26;30,78;16,00;12,26;10,17
05/08/2026 10:35:18 am;171,800;22,38;33,26;30,77;15,99;12,26;10,17
05/08/2026 10:35:18 am;171,850;22,38;33,26;30,77;15,99;12,26;10,17
05/08/2026 10:35:18 am;171,900;22,38;33,26;30,77;15,99;12,26;10,17
05/08/2026 10:35:18 am;171,950;22,38;33,26;30,77;15,99;12,26;10,17
05/08/2026 10:35:19 am;172,000;22,38;33,26;30,77;15,99;12,26;10,17
05/08/2026 10:35:19 am;172,050;22,39;33,26;30,77;15,99;12,27;10,17
05/08/2026 10:35:19 am;172,100;22,39;33,26;30,77;15,99;12,26;10,17
05/08/2026 10:35:19 am;172,150;22,39;33,26;30,77;15,99;12,27;10,17
05/08/2026 10:35:19 am;172,200;22,39;33,26;30,77;15,99;12,27;10,17
05/08/2026 10:35:19 am;172,250;22,39;33,26;30,77;15,99;12,27;10,17
05/08/2026 10:35:19 am;172,300;22,39;33,26;30,77;15,99;12,27;10,18
05/08/2026 10:35:19 am;172,350;22,39;33,26;30,77;15,99;12,27;10,18
05/08/2026 10:35:19 am;172,400;22,40;33,26;30,77;15,98;12,27;10,18
05/08/2026 10:35:19 am;172,450;22,40;33,26;30,77;15,98;12,27;10,18
05/08/2026 10:35:19 am;172,500;22,40;33,25;30,77;15,98;12,27;10,18
05/08/2026 10:35:19 am;172,550;22,40;33,25;30,76;15,98;12,27;10,19
05/08/2026 10:35:19 am;172,600;22,40;33,25;30,77;15,98;12,27;10,18
05/08/2026 10:35:19 am;172,650;22,40;33,25;30,77;15,98;12,27;10,18
05/08/2026 10:35:19 am;172,700;22,40;33,25;30,76;15,98;12,27;10,19
05/08/2026 10:35:19 am;172,750;22,40;33,25;30,76;15,98;12,27;10,19
05/08/2026 10:35:19 am;172,800;22,41;33,25;30,76;15,98;12,27;10,18
05/08/2026 10:35:19 am;172,850;22,41;33,25;30,76;15,98;12,27;10,19
05/08/2026 10:35:19 am;172,900;22,41;33,24;30,76;15,97;12,27;10,18
05/08/2026 10:35:19 am;172,950;22,41;33,24;30,76;15,97;12,27;10,19
05/08/2026 10:35:20 am;173,000;22,42;33,24;30,76;15,97;12,27;10,18
05/08/2026 10:35:20 am;173,050;22,42;33,24;30,76;15,97;12,27;10,19
05/08/2026 10:35:20 am;173,100;22,42;33,24;30,76;15,97;12,27;10,18
05/08/2026 10:35:20 am;173,150;22,42;33,24;30,76;15,97;12,27;10,19
05/08/2026 10:35:20 am;173,200;22,42;33,25;30,76;15,97;12,27;10,19
05/08/2026 10:35:20 am;173,250;22,42;33,25;30,76;15,97;12,26;10,19
05/08/2026 10:35:20 am;173,300;22,43;33,25;30,76;15,97;12,26;10,18
05/08/2026 10:35:20 am;173,350;22,43;33,25;30,76;15,97;12,26;10,18
05/08/2026 10:35:20 am;173,400;22,43;33,25;30,76;15,97;12,26;10,19
05/08/2026 10:35:20 am;173,450;22,43;33,25;30,76;15,97;12,26;10,19
05/08/2026 10:35:20 am;173,500;22,43;33,26;30,75;15,97;12,26;10,19
05/08/2026 10:35:20 am;173,550;22,43;33,26;30,76;15,96;12,26;10,19
05/08/2026 10:35:20 am;173,600;22,43;33,26;30,76;15,96;12,26;10,19
05/08/2026 10:35:20 am;173,650;22,44;33,26;30,76;15,96;12,26;10,19
05/08/2026 10:35:20 am;173,700;22,44;33,27;30,76;15,96;12,25;10,19
05/08/2026 10:35:20 am;173,750;22,44;33,27;30,76;15,96;12,25;10,19
05/08/2026 10:35:20 am;173,800;22,44;33,27;30,76;15,96;12,25;10,19
05/08/2026 10:35:20 am;173,850;22,44;33,27;30,76;15,96;12,25;10,19
05/08/2026 10:35:20 am;173,900;22,44;33,27;30,76;15,96;12,25;10,19
05/08/2026 10:35:20 am;173,950;22,44;33,28;30,76;15,96;12,25;10,19
05/08/2026 10:35:21 am;174,000;22,45;33,28;30,76;15,95;12,24;10,20
05/08/2026 10:35:21 am;174,050;22,45;33,28;30,76;15,95;12,24;10,20
05/08/2026 10:35:21 am;174,100;22,45;33,28;30,76;15,95;12,24;10,20
05/08/2026 10:35:21 am;174,150;22,45;33,29;30,76;15,95;12,24;10,20
05/08/2026 10:35:21 am;174,200;22,45;33,29;30,76;15,95;12,24;10,20
05/08/2026 10:35:21 am;174,250;22,45;33,29;30,76;15,95;12,24;10,20
05/08/2026 10:35:21 am;174,300;22,45;33,29;30,76;15,95;12,23;10,20
05/08/2026 10:35:21 am;174,350;22,46;33,29;30,76;15,95;12,23;10,20
05/08/2026 10:35:21 am;174,400;22,46;33,30;30,76;15,95;12,23;10,20
05/08/2026 10:35:21 am;174,450;22,46;33,30;30,76;15,95;12,23;10,20
05/08/2026 10:35:21 am;174,500;22,46;33,30;30,76;15,95;12,23;10,20
05/08/2026 10:35:21 am;174,550;22,46;33,30;30,76;15,94;12,23;10,21
05/08/2026 10:35:21 am;174,600;22,46;33,30;30,76;15,94;12,22;10,20
05/08/2026 10:35:21 am;174,650;22,47;33,31;30,76;15,95;12,22;10,20
05/08/2026 10:35:21 am;174,700;22,47;33,31;30,76;15,95;12,22;10,20
05/08/2026 10:35:21 am;174,750;22,47;33,31;30,76;15,94;12,22;10,21
05/08/2026 10:35:21 am;174,800;22,47;33,31;30,76;15,94;12,21;10,21
05/08/2026 10:35:21 am;174,850;22,47;33,31;30,77;15,94;12,22;10,20
05/08/2026 10:35:21 am;174,900;22,47;33,31;30,77;15,94;12,21;10,21
05/08/2026 10:35:21 am;174,950;22,47;33,31;30,76;15,94;12,21;10,21
05/08/2026 10:35:22 am;175,000;22,48;33,32;30,77;15,94;12,21;10,20
05/08/2026 10:35:22 am;175,050;22,48;33,32;30,77;15,94;12,21;10,20
05/08/2026 10:35:22 am;175,100;22,48;33,32;30,77;15,93;12,20;10,21
05/08/2026 10:35:22 am;175,150;22,48;33,32;30,77;15,93;12,20;10,20
05/08/2026 10:35:22 am;175,200;22,48;33,32;30,77;15,93;12,20;10,20
05/08/2026 10:35:22 am;175,250;22,49;33,32;30,77;15,93;12,20;10,20
05/08/2026 10:35:22 am;175,300;22,49;33,32;30,77;15,93;12,20;10,20
05/08/2026 10:35:22 am;175,350;22,49;33,32;30,77;15,93;12,20;10,20
05/08/2026 10:35:22 am;175,400;22,49;33,32;30,77;15,93;12,20;10,20
05/08/2026 10:35:22 am;175,450;22,49;33,32;30,77;15,93;12,19;10,20
05/08/2026 10:35:22 am;175,500;22,49;33,32;30,77;15,93;12,19;10,20
05/08/2026 10:35:22 am;175,550;22,50;33,33;30,77;15,93;12,19;10,20
05/08/2026 10:35:22 am;175,600;22,50;33,33;30,77;15,93;12,19;10,20
05/08/2026 10:35:22 am;175,650;22,50;33,33;30,77;15,92;12,19;10,19
05/08/2026 10:35:22 am;175,700;22,50;33,33;30,77;15,92;12,18;10,20
05/08/2026 10:35:22 am;175,750;22,50;33,33;30,77;15,92;12,18;10,19
05/08/2026 10:35:22 am;175,800;22,50;33,33;30,77;15,92;12,18;10,19
05/08/2026 10:35:22 am;175,850;22,51;33,33;30,77;15,92;12,18;10,19
05/08/2026 10:35:22 am;175,900;22,51;33,33;30,78;15,92;12,18;10,19
05/08/2026 10:35:22 am;175,950;22,51;33,33;30,77;15,92;12,18;10,19
05/08/2026 10:35:23 am;176,000;22,51;33,34;30,78;15,92;12,18;10,18
05/08/2026 10:35:23 am;176,050;22,51;33,34;30,78;15,92;12,17;10,19
05/08/2026 10:35:23 am;176,100;22,51;33,34;30,78;15,92;12,17;10,18
05/08/2026 10:35:23 am;176,150;22,52;33,34;30,78;15,92;12,17;10,18
05/08/2026 10:35:23 am;176,200;22,52;33,34;30,78;15,92;12,17;10,18
05/08/2026 10:35:23 am;176,250;22,52;33,34;30,78;15,91;12,17;10,18
05/08/2026 10:35:23 am;176,300;22,52;33,34;30,78;15,91;12,17;10,18
05/08/2026 10:35:23 am;176,350;22,52;33,34;30,78;15,91;12,16;10,18
05/08/2026 10:35:23 am;176,400;22,52;33,34;30,78;15,91;12,16;10,18
05/08/2026 10:35:23 am;176,450;22,53;33,34;30,78;15,91;12,16;10,17
05/08/2026 10:35:23 am;176,500;22,53;33,35;30,78;15,91;12,16;10,17
05/08/2026 10:35:23 am;176,550;22,53;33,34;30,78;15,91;12,16;10,17
05/08/2026 10:35:23 am;176,600;22,53;33,35;30,78;15,91;12,15;10,17
05/08/2026 10:35:23 am;176,650;22,53;33,35;30,79;15,91;12,15;10,17
05/08/2026 10:35:23 am;176,700;22,54;33,35;30,79;15,91;12,15;10,17
05/08/2026 10:35:23 am;176,750;22,54;33,35;30,78;15,91;12,15;10,16
05/08/2026 10:35:23 am;176,800;22,54;33,35;30,79;15,91;12,15;10,16
05/08/2026 10:35:23 am;176,850;22,54;33,35;30,79;15,90;12,15;10,16
05/08/2026 10:35:23 am;176,900;22,54;33,35;30,79;15,90;12,14;10,16
05/08/2026 10:35:23 am;176,950;22,54;33,35;30,79;15,90;12,14;10,16
05/08/2026 10:35:24 am;177,000;22,55;33,35;30,79;15,90;12,14;10,16
05/08/2026 10:35:24 am;177,050;22,55;33,35;30,79;15,90;12,14;10,16
05/08/2026 10:35:24 am;177,100;22,55;33,35;30,79;15,90;12,14;10,16
05/08/2026 10:35:24 am;177,150;22,55;33,35;30,79;15,90;12,13;10,16
05/08/2026 10:35:24 am;177,200;22,55;33,35;30,79;15,90;12,13;10,16
05/08/2026 10:35:24 am;177,250;22,55;33,35;30,79;15,90;12,13;10,15
05/08/2026 10:35:24 am;177,300;22,56;33,35;30,79;15,90;12,13;10,15
05/08/2026 10:35:24 am;177,350;22,56;33,35;30,79;15,90;12,13;10,15
05/08/2026 10:35:24 am;177,400;22,56;33,35;30,79;15,89;12,12;10,15
05/08/2026 10:35:24 am;177,450;22,56;33,35;30,80;15,90;12,13;10,15
05/08/2026 10:35:24 am;177,500;22,56;33,35;30,80;15,89;12,12;10,15
05/08/2026 10:35:24 am;177,550;22,56;33,35;30,80;15,89;12,12;10,15
05/08/2026 10:35:24 am;177,600;22,57;33,36;30,80;15,89;12,12;10,15
05/08/2026 10:35:24 am;177,650;22,57;33,36;30,80;15,89;12,12;10,15
05/08/2026 10:35:24 am;177,700;22,57;33,36;30,80;15,89;12,11;10,15
05/08/2026 10:35:24 am;177,750;22,57;33,36;30,80;15,89;12,11;10,15
05/08/2026 10:35:24 am;177,800;22,57;33,36;30,80;15,89;12,11;10,15
05/08/2026 10:35:24 am;177,850;22,57;33,36;30,80;15,89;12,11;10,15
05/08/2026 10:35:24 am;177,900;22,58;33,36;30,80;15,89;12,11;10,15
05/08/2026 10:35:24 am;177,950;22,58;33,36;30,80;15,89;12,11;10,15
05/08/2026 10:35:25 am;178,000;22,58;33,36;30,80;15,88;12,11;10,15
05/08/2026 10:35:25 am;178,050;22,58;33,36;30,80;15,89;12,10;10,15
05/08/2026 10:35:25 am;178,100;22,58;33,36;30,81;15,88;12,10;10,14
05/08/2026 10:35:25 am;178,150;22,58;33,36;30,80;15,88;12,10;10,15
05/08/2026 10:35:25 am;178,200;22,58;33,36;30,81;15,88;12,10;10,15
05/08/2026 10:35:25 am;178,250;22,59;33,36;30,81;15,88;12,09;10,15
05/08/2026 10:35:25 am;178,300;22,59;33,36;30,81;15,88;12,10;10,15
05/08/2026 10:35:25 am;178,350;22,59;33,36;30,81;15,88;12,09;10,15
05/08/2026 10:35:25 am;178,400;22,59;33,36;30,81;15,87;12,09;10,15
05/08/2026 10:35:25 am;178,450;22,59;33,36;30,81;15,88;12,09;10,15
05/08/2026 10:35:25 am;178,500;22,59;33,36;30,81;15,87;12,09;10,14
05/08/2026 10:35:25 am;178,550;22,60;33,36;30,81;15,88;12,09;10,14
05/08/2026 10:35:25 am;178,600;22,60;33,36;30,81;15,87;12,09;10,15
05/08/2026 10:35:25 am;178,650;22,60;33,36;30,82;15,87;12,09;10,14
05/08/2026 10:35:25 am;178,700;22,60;33,36;30,82;15,87;12,08;10,14
05/08/2026 10:35:25 am;178,750;22,61;33,36;30,82;15,87;12,08;10,14
05/08/2026 10:35:25 am;178,800;22,61;33,36;30,82;15,87;12,08;10,14
05/08/2026 10:35:25 am;178,850;22,61;33,36;30,82;15,87;12,08;10,14
05/08/2026 10:35:25 am;178,900;22,62;33,36;30,82;15,87;12,08;10,14
05/08/2026 10:35:25 am;178,950;22,61;33,36;30,82;15,87;12,07;10,14
05/08/2026 10:35:26 am;179,000;22,62;33,36;30,82;15,86;12,08;10,13
05/08/2026 10:35:26 am;179,050;22,62;33,36;30,82;15,86;12,07;10,14
05/08/2026 10:35:26 am;179,100;22,62;33,37;30,82;15,86;12,07;10,13
05/08/2026 10:35:26 am;179,150;22,62;33,37;30,82;15,86;12,07;10,13
05/08/2026 10:35:26 am;179,200;22,62;33,37;30,82;15,86;12,07;10,13
05/08/2026 10:35:26 am;179,250;22,62;33,36;30,82;15,86;12,07;10,13
05/08/2026 10:35:26 am;179,300;22,62;33,36;30,82;15,86;12,07;10,13
05/08/2026 10:35:26 am;179,350;22,62;33,36;30,83;15,86;12,07;10,13
05/08/2026 10:35:26 am;179,400;22,63;33,36;30,83;15,86;12,07;10,12
05/08/2026 10:35:26 am;179,450;22,63;33,36;30,83;15,86;12,07;10,12
05/08/2026 10:35:26 am;179,500;22,63;33,36;30,82;15,86;12,07;10,12
05/08/2026 10:35:26 am;179,550;22,63;33,36;30,83;15,86;12,06;10,12
05/08/2026 10:35:26 am;179,600;22,63;33,36;30,83;15,85;12,07;10,12
05/08/2026 10:35:26 am;179,650;22,64;33,36;30,82;15,85;12,07;10,12
05/08/2026 10:35:26 am;179,700;22,64;33,36;30,82;15,85;12,07;10,12
05/08/2026 10:35:26 am;179,750;22,64;33,36;30,82;15,85;12,07;10,12
05/08/2026 10:35:26 am;179,800;22,64;33,36;30,82;15,85;12,06;10,12
05/08/2026 10:35:26 am;179,850;22,64;33,36;30,82;15,85;12,06;10,12
05/08/2026 10:35:26 am;179,900;22,64;33,36;30,82;15,85;12,06;10,12
05/08/2026 10:35:26 am;179,950;22,65;33,36;30,82;15,85;12,06;10,12
05/08/2026 10:35:27 am;180,000;22,64;33,36;30,82;15,85;12,06;10,12
05/08/2026 10:35:27 am;180,050;22,65;33,36;30,81;15,85;12,06;10,12
05/08/2026 10:35:27 am;180,100;22,65;33,36;30,81;15,85;12,06;10,12
05/08/2026 10:35:27 am;180,150;22,65;33,36;30,81;15,84;12,06;10,12
05/08/2026 10:35:27 am;180,200;22,65;33,36;30,81;15,84;12,05;10,11
05/08/2026 10:35:27 am;180,250;22,66;33,36;30,80;15,84;12,06;10,12
05/08/2026 10:35:27 am;180,300;22,66;33,36;30,80;15,84;12,05;10,12
05/08/2026 10:35:27 am;180,350;22,66;33,36;30,80;15,84;12,05;10,12
05/08/2026 10:35:27 am;180,400;22,66;33,36;30,79;15,84;12,05;10,12
05/08/2026 10:35:27 am;180,450;22,66;33,36;30,79;15,84;12,05;10,12
05/08/2026 10:35:27 am;180,500;22,66;33,36;30,79;15,84;12,05;10,12
05/08/2026 10:35:27 am;180,550;22,67;33,36;30,79;15,84;12,05;10,12
05/08/2026 10:35:27 am;180,600;22,66;33,36;30,79;15,84;12,04;10,12
05/08/2026 10:35:27 am;180,650;22,67;33,36;30,78;15,83;12,05;10,12
05/08/2026 10:35:27 am;180,700;22,67;33,36;30,78;15,83;12,05;10,13
05/08/2026 10:35:27 am;180,750;22,67;33,37;30,78;15,83;12,04;10,13
05/08/2026 10:35:27 am;180,800;22,68;33,37;30,78;15,83;12,04;10,12
05/08/2026 10:35:27 am;180,850;22,68;33,37;30,77;15,83;12,04;10,13
05/08/2026 10:35:27 am;180,900;22,68;33,37;30,77;15,83;12,04;10,13
05/08/2026 10:35:27 am;180,950;22,68;33,37;30,77;15,83;12,04;10,12
05/08/2026 10:35:28 am;181,000;22,68;33,37;30,77;15,83;12,04;10,13
05/08/2026 10:35:28 am;181,050;22,68;33,37;30,77;15,83;12,04;10,13
05/08/2026 10:35:28 am;181,100;22,68;33,37;30,77;15,83;12,03;10,13
05/08/2026 10:35:28 am;181,150;22,69;33,37;30,77;15,83;12,03;10,13
05/08/2026 10:35:28 am;181,200;22,69;33,37;30,77;15,82;12,03;10,13
05/08/2026 10:35:28 am;181,250;22,69;33,37;30,78;15,82;12,03;10,13
05/08/2026 10:35:28 am;181,300;22,69;33,37;30,78;15,82;12,03;10,13
05/08/2026 10:35:28 am;181,350;22,69;33,38;30,78;15,82;12,03;10,13
05/08/2026 10:35:28 am;181,400;22,70;33,38;30,78;15,82;12,03;10,13
05/08/2026 10:35:28 am;181,450;22,70;33,38;30,78;15,82;12,03;10,13
05/08/2026 10:35:28 am;181,500;22,70;33,38;30,78;15,82;12,02;10,14
05/08/2026 10:35:28 am;181,550;22,70;33,38;30,79;15,82;12,03;10,13
05/08/2026 10:35:28 am;181,600;22,70;33,38;30,79;15,81;12,02;10,13
05/08/2026 10:35:28 am;181,650;22,70;33,39;30,79;15,81;12,02;10,14
05/08/2026 10:35:28 am;181,700;22,71;33,39;30,79;15,82;12,02;10,14
05/08/2026 10:35:28 am;181,750;22,71;33,39;30,79;15,81;12,02;10,14
05/08/2026 10:35:28 am;181,800;22,71;33,39;30,79;15,81;12,02;10,14
05/08/2026 10:35:28 am;181,850;22,71;33,39;30,79;15,81;12,02;10,14
05/08/2026 10:35:28 am;181,900;22,71;33,39;30,79;15,81;12,02;10,14
05/08/2026 10:35:28 am;181,950;22,71;33,40;30,80;15,81;12,01;10,13
05/08/2026 10:35:29 am;182,000;22,72;33,40;30,80;15,81;12,01;10,14
05/08/2026 10:35:29 am;182,050;22,72;33,40;30,80;15,81;12,01;10,14
05/08/2026 10:35:29 am;182,100;22,72;33,40;30,80;15,81;12,01;10,14
05/08/2026 10:35:29 am;182,150;22,72;33,40;30,80;15,81;12,01;10,14
05/08/2026 10:35:29 am;182,200;22,72;33,40;30,80;15,81;12,01;10,14
05/08/2026 10:35:29 am;182,250;22,73;33,40;30,80;15,80;12,01;10,14
05/08/2026 10:35:29 am;182,300;22,73;33,40;30,81;15,80;12,01;10,14
05/08/2026 10:35:29 am;182,350;22,73;33,41;30,81;15,80;12,01;10,14
05/08/2026 10:35:29 am;182,400;22,73;33,41;30,81;15,80;12,01;10,14
05/08/2026 10:35:29 am;182,450;22,73;33,41;30,81;15,80;12,01;10,14
05/08/2026 10:35:29 am;182,500;22,73;33,41;30,82;15,80;12,00;10,14
05/08/2026 10:35:29 am;182,550;22,74;33,41;30,82;15,80;12,00;10,14
05/08/2026 10:35:29 am;182,600;22,74;33,41;30,82;15,80;12,00;10,14
05/08/2026 10:35:29 am;182,650;22,74;33,41;30,82;15,79;12,00;10,14
05/08/2026 10:35:29 am;182,700;22,74;33,41;30,83;15,79;12,00;10,14
05/08/2026 10:35:29 am;182,750;22,74;33,41;30,83;15,79;12,00;10,15
05/08/2026 10:35:29 am;182,800;22,74;33,41;30,83;15,79;12,00;10,15
05/08/2026 10:35:29 am;182,850;22,74;33,41;30,83;15,79;11,99;10,15
05/08/2026 10:35:29 am;182,900;22,75;33,41;30,84;15,79;11,99;10,15
05/08/2026 10:35:29 am;182,950;22,75;33,41;30,84;15,79;11,99;10,15
05/08/2026 10:35:30 am;183,000;22,75;33,41;30,84;15,79;11,99;10,15
05/08/2026 10:35:30 am;183,050;22,75;33,41;30,84;15,79;11,99;10,15
05/08/2026 10:35:30 am;183,100;22,75;33,41;30,84;15,78;11,98;10,15
05/08/2026 10:35:30 am;183,150;22,76;33,41;30,85;15,78;11,98;10,15
05/08/2026 10:35:30 am;183,200;22,76;33,41;30,85;15,78;11,98;10,15
05/08/2026 10:35:30 am;183,250;22,76;33,41;30,85;15,78;11,98;10,15
05/08/2026 10:35:30 am;183,300;22,76;33,41;30,85;15,78;11,98;10,15
05/08/2026 10:35:30 am;183,350;22,76;33,41;30,85;15,78;11,97;10,15
05/08/2026 10:35:30 am;183,400;22,76;33,41;30,86;15,78;11,97;10,15
05/08/2026 10:35:30 am;183,450;22,77;33,41;30,86;15,78;11,97;10,15
05/08/2026 10:35:30 am;183,500;22,77;33,41;30,86;15,78;11,97;10,15
05/08/2026 10:35:30 am;183,550;22,77;33,41;30,86;15,78;11,97;10,16
05/08/2026 10:35:30 am;183,600;22,77;33,41;30,86;15,78;11,96;10,15
05/08/2026 10:35:30 am;183,650;22,77;33,41;30,86;15,77;11,96;10,16
05/08/2026 10:35:30 am;183,700;22,78;33,41;30,87;15,77;11,96;10,16
05/08/2026 10:35:30 am;183,750;22,78;33,41;30,87;15,77;11,95;10,16
05/08/2026 10:35:30 am;183,800;22,78;33,41;30,87;15,77;11,96;10,15
05/08/2026 10:35:30 am;183,850;22,78;33,41;30,87;15,77;11,95;10,16
05/08/2026 10:35:30 am;183,900;22,78;33,41;30,88;15,77;11,95;10,16
05/08/2026 10:35:30 am;183,950;22,78;33,41;30,87;15,77;11,95;10,16
05/08/2026 10:35:31 am;184,000;22,78;33,41;30,88;15,77;11,95;10,16
05/08/2026 10:35:31 am;184,050;22,79;33,41;30,88;15,77;11,95;10,16
05/08/2026 10:35:31 am;184,100;22,79;33,41;30,88;15,77;11,95;10,16
05/08/2026 10:35:31 am;184,150;22,79;33,41;30,88;15,76;11,95;10,16
05/08/2026 10:35:31 am;184,200;22,79;33,41;30,88;15,76;11,94;10,16
05/08/2026 10:35:31 am;184,250;22,79;33,41;30,88;15,76;11,94;10,16
05/08/2026 10:35:31 am;184,300;22,79;33,41;30,88;15,76;11,94;10,16
05/08/2026 10:35:31 am;184,350;22,80;33,41;30,88;15,76;11,94;10,16
05/08/2026 10:35:31 am;184,400;22,80;33,41;30,89;15,76;11,93;10,16
05/08/2026 10:35:31 am;184,450;22,80;33,41;30,89;15,76;11,93;10,17
05/08/2026 10:35:31 am;184,500;22,80;33,41;30,89;15,75;11,93;10,17
05/08/2026 10:35:31 am;184,550;22,80;33,41;30,89;15,76;11,93;10,17
05/08/2026 10:35:31 am;184,600;22,80;33,41;30,89;15,76;11,93;10,17
05/08/2026 10:35:31 am;184,650;22,81;33,41;30,89;15,75;11,93;10,17
05/08/2026 10:35:31 am;184,700;22,81;33,41;30,89;15,75;11,93;10,17
05/08/2026 10:35:31 am;184,750;22,81;33,42;30,89;15,75;11,92;10,17
05/08/2026 10:35:31 am;184,800;22,81;33,42;30,89;15,75;11,92;10,17
05/08/2026 10:35:31 am;184,850;22,81;33,42;30,89;15,75;11,92;10,18
05/08/2026 10:35:31 am;184,900;22,82;33,42;30,89;15,75;11,92;10,17
05/08/2026 10:35:31 am;184,950;22,82;33,42;30,90;15,75;11,91;10,18
05/08/2026 10:35:32 am;185,000;22,82;33,42;30,90;15,75;11,91;10,18
05/08/2026 10:35:32 am;185,050;22,82;33,43;30,90;15,75;11,91;10,18
05/08/2026 10:35:32 am;185,100;22,82;33,43;30,90;15,74;11,91;10,18
05/08/2026 10:35:32 am;185,150;22,82;33,43;30,90;15,74;11,90;10,18
05/08/2026 10:35:32 am;185,200;22,82;33,43;30,90;15,74;11,91;10,18
05/08/2026 10:35:32 am;185,250;22,83;33,43;30,91;15,74;11,90;10,18
05/08/2026 10:35:32 am;185,300;22,83;33,43;30,91;15,74;11,90;10,18
05/08/2026 10:35:32 am;185,350;22,83;33,43;30,91;15,74;11,90;10,18
05/08/2026 10:35:32 am;185,400;22,83;33,44;30,92;15,74;11,90;10,18
05/08/2026 10:35:32 am;185,450;22,83;33,44;30,92;15,73;11,90;10,19
05/08/2026 10:35:32 am;185,500;22,84;33,44;30,93;15,74;11,89;10,19
05/08/2026 10:35:32 am;185,550;22,84;33,44;30,93;15,73;11,90;10,19
05/08/2026 10:35:32 am;185,600;22,84;33,44;30,93;15,73;11,89;10,19
05/08/2026 10:35:32 am;185,650;22,84;33,45;30,93;15,73;11,89;10,19
05/08/2026 10:35:32 am;185,700;22,84;33,45;30,94;15,73;11,89;10,19
05/08/2026 10:35:32 am;185,750;22,85;33,45;30,94;15,73;11,89;10,19
05/08/2026 10:35:32 am;185,800;22,85;33,45;30,95;15,73;11,89;10,19
05/08/2026 10:35:32 am;185,850;22,85;33,46;30,95;15,73;11,89;10,19
05/08/2026 10:35:32 am;185,900;22,85;33,46;30,95;15,73;11,88;10,19
05/08/2026 10:35:32 am;185,950;22,85;33,46;30,96;15,73;11,88;10,20
05/08/2026 10:35:33 am;186,000;22,85;33,46;30,96;15,72;11,88;10,19
05/08/2026 10:35:33 am;186,050;22,86;33,47;30,97;15,72;11,88;10,20
05/08/2026 10:35:33 am;186,100;22,86;33,47;30,97;15,72;11,88;10,20
05/08/2026 10:35:33 am;186,150;22,86;33,47;30,97;15,72;11,88;10,20
05/08/2026 10:35:33 am;186,200;22,86;33,47;30,98;15,72;11,88;10,20
05/08/2026 10:35:33 am;186,250;22,86;33,48;30,98;15,72;11,87;10,20
05/08/2026 10:35:33 am;186,300;22,86;33,48;30,98;15,72;11,87;10,20
05/08/2026 10:35:33 am;186,350;22,87;33,48;30,99;15,71;11,87;10,20
05/08/2026 10:35:33 am;186,400;22,87;33,48;30,99;15,72;11,87;10,20
05/08/2026 10:35:33 am;186,450;22,87;33,48;30,99;15,71;11,87;10,20
05/08/2026 10:35:33 am;186,500;22,87;33,48;30,99;15,71;11,87;10,20
05/08/2026 10:35:33 am;186,550;22,87;33,49;30,99;15,71;11,87;10,20
05/08/2026 10:35:33 am;186,600;22,87;33,49;31,00;15,71;11,87;10,21
05/08/2026 10:35:33 am;186,650;22,88;33,49;31,00;15,71;11,87;10,21
05/08/2026 10:35:33 am;186,700;22,87;33,50;31,00;15,71;11,86;10,21
05/08/2026 10:35:33 am;186,750;22,88;33,50;31,00;15,71;11,86;10,21
05/08/2026 10:35:33 am;186,800;22,88;33,50;31,01;15,71;11,86;10,21
05/08/2026 10:35:33 am;186,850;22,88;33,50;31,01;15,71;11,86;10,21
05/08/2026 10:35:33 am;186,900;22,88;33,50;31,01;15,71;11,86;10,21
05/08/2026 10:35:33 am;186,950;22,89;33,51;31,01;15,70;11,86;10,21
05/08/2026 10:35:34 am;187,000;22,89;33,51;31,01;15,70;11,85;10,21
05/08/2026 10:35:34 am;187,050;22,89;33,51;31,02;15,70;11,85;10,21
05/08/2026 10:35:34 am;187,100;22,89;33,52;31,02;15,70;11,85;10,21
05/08/2026 10:35:34 am;187,150;22,89;33,52;31,02;15,70;11,85;10,21
05/08/2026 10:35:34 am;187,200;22,89;33,52;31,03;15,70;11,85;10,21
05/08/2026 10:35:34 am;187,250;22,90;33,52;31,03;15,70;11,85;10,21
05/08/2026 10:35:34 am;187,300;22,90;33,52;31,03;15,70;11,85;10,21
05/08/2026 10:35:34 am;187,350;22,90;33,53;31,03;15,70;11,85;10,21
05/08/2026 10:35:34 am;187,400;22,90;33,53;31,04;15,70;11,85;10,22
05/08/2026 10:35:34 am;187,450;22,90;33,53;31,04;15,69;11,84;10,21
05/08/2026 10:35:34 am;187,500;22,90;33,53;31,04;15,69;11,85;10,22
05/08/2026 10:35:34 am;187,550;22,91;33,54;31,04;15,69;11,84;10,22
05/08/2026 10:35:34 am;187,600;22,91;33,54;31,04;15,69;11,84;10,22
05/08/2026 10:35:34 am;187,650;22,91;33,54;31,04;15,69;11,84;10,22
05/08/2026 10:35:34 am;187,700;22,91;33,54;31,04;15,69;11,84;10,22
05/08/2026 10:35:34 am;187,750;22,91;33,55;31,04;15,69;11,84;10,22
05/08/2026 10:35:34 am;187,800;22,92;33,55;31,04;15,69;11,84;10,22
05/08/2026 10:35:34 am;187,850;22,92;33,55;31,04;15,69;11,84;10,22
05/08/2026 10:35:34 am;187,900;22,92;33,55;31,04;15,69;11,83;10,22
05/08/2026 10:35:34 am;187,950;22,92;33,55;31,04;15,68;11,83;10,22
05/08/2026 10:35:35 am;188,000;22,92;33,55;31,04;15,68;11,83;10,22
05/08/2026 10:35:35 am;188,050;22,93;33,56;31,04;15,68;11,83;10,22
05/08/2026 10:35:35 am;188,100;22,93;33,56;31,04;15,68;11,83;10,22
05/08/2026 10:35:35 am;188,150;22,93;33,56;31,04;15,68;11,83;10,22
05/08/2026 10:35:35 am;188,200;22,93;33,56;31,04;15,68;11,83;10,22
05/08/2026 10:35:35 am;188,250;22,93;33,56;31,04;15,68;11,82;10,22
05/08/2026 10:35:35 am;188,300;22,93;33,56;31,04;15,68;11,82;10,22
05/08/2026 10:35:35 am;188,350;22,94;33,57;31,03;15,68;11,82;10,22
05/08/2026 10:35:35 am;188,400;22,94;33,57;31,03;15,67;11,82;10,23
05/08/2026 10:35:35 am;188,450;22,94;33,57;31,03;15,67;11,82;10,22
05/08/2026 10:35:35 am;188,500;22,94;33,57;31,03;15,67;11,82;10,22
05/08/2026 10:35:35 am;188,550;22,94;33,58;31,03;15,67;11,82;10,23
05/08/2026 10:35:35 am;188,600;22,94;33,58;31,03;15,67;11,81;10,23
05/08/2026 10:35:35 am;188,650;22,95;33,58;31,03;15,67;11,82;10,23
05/08/2026 10:35:35 am;188,700;22,95;33,58;31,03;15,67;11,81;10,23
05/08/2026 10:35:35 am;188,750;22,95;33,58;31,03;15,67;11,81;10,23
05/08/2026 10:35:35 am;188,800;22,95;33,58;31,02;15,67;11,81;10,23
05/08/2026 10:35:35 am;188,850;22,95;33,58;31,02;15,66;11,81;10,23
05/08/2026 10:35:35 am;188,900;22,95;33,58;31,02;15,67;11,81;10,23
05/08/2026 10:35:35 am;188,950;22,96;33,58;31,02;15,66;11,81;10,23
05/08/2026 10:35:36 am;189,000;22,96;33,58;31,02;15,66;11,80;10,23
05/08/2026 10:35:36 am;189,050;22,96;33,58;31,01;15,66;11,80;10,23
05/08/2026 10:35:36 am;189,100;22,96;33,58;31,01;15,66;11,80;10,23
05/08/2026 10:35:36 am;189,150;22,96;33,58;31,01;15,66;11,80;10,23
05/08/2026 10:35:36 am;189,200;22,96;33,57;31,01;15,65;11,80;10,23
05/08/2026 10:35:36 am;189,250;22,97;33,57;31,00;15,65;11,80;10,23
05/08/2026 10:35:36 am;189,300;22,97;33,58;31,00;15,65;11,80;10,23
05/08/2026 10:35:36 am;189,350;22,97;33,58;30,99;15,65;11,80;10,23
05/08/2026 10:35:36 am;189,400;22,97;33,57;31,00;15,65;11,79;10,23
05/08/2026 10:35:36 am;189,450;22,97;33,57;30,99;15,65;11,79;10,23
05/08/2026 10:35:36 am;189,500;22,97;33,57;30,99;15,65;11,79;10,23
05/08/2026 10:35:36 am;189,550;22,98;33,57;30,98;15,65;11,79;10,23
05/08/2026 10:35:36 am;189,600;22,98;33,58;30,98;15,65;11,79;10,23
05/08/2026 10:35:36 am;189,650;22,98;33,57;30,97;15,65;11,79;10,23
05/08/2026 10:35:36 am;189,700;22,98;33,58;30,97;15,64;11,79;10,23
05/08/2026 10:35:36 am;189,750;22,98;33,58;30,97;15,64;11,78;10,23
05/08/2026 10:35:36 am;189,800;22,99;33,57;30,97;15,64;11,78;10,23
05/08/2026 10:35:36 am;189,850;22,99;33,57;30,96;15,64;11,78;10,23
05/08/2026 10:35:36 am;189,900;22,99;33,57;30,96;15,64;11,78;10,24
05/08/2026 10:35:36 am;189,950;22,99;33,57;30,96;15,64;11,78;10,23
05/08/2026 10:35:37 am;190,000;22,99;33,57;30,95;15,64;11,77;10,24
05/08/2026 10:35:37 am;190,050;22,99;33,57;30,95;15,64;11,77;10,23
05/08/2026 10:35:37 am;190,100;23,00;33,57;30,95;15,64;11,77;10,24
05/08/2026 10:35:37 am;190,150;23,00;33,57;30,95;15,63;11,77;10,23
05/08/2026 10:35:37 am;190,200;23,00;33,57;30,94;15,64;11,77;10,24
05/08/2026 10:35:37 am;190,250;23,01;33,57;30,94;15,63;11,77;10,23
05/08/2026 10:35:37 am;190,300;23,01;33,57;30,94;15,63;11,77;10,24
05/08/2026 10:35:37 am;190,350;23,01;33,57;30,94;15,63;11,77;10,24
05/08/2026 10:35:37 am;190,400;23,01;33,57;30,94;15,63;11,77;10,24
05/08/2026 10:35:37 am;190,450;23,01;33,57;30,94;15,63;11,77;10,24
05/08/2026 10:35:37 am;190,500;23,01;33,58;30,94;15,63;11,76;10,24
05/08/2026 10:35:37 am;190,550;23,01;33,57;30,94;15,63;11,76;10,24
05/08/2026 10:35:37 am;190,600;23,01;33,58;30,94;15,63;11,76;10,24
05/08/2026 10:35:37 am;190,650;23,01;33,58;30,94;15,62;11,76;10,24
05/08/2026 10:35:37 am;190,700;23,02;33,58;30,94;15,62;11,76;10,24
05/08/2026 10:35:37 am;190,750;23,02;33,58;30,94;15,62;11,75;10,24
05/08/2026 10:35:37 am;190,800;23,02;33,58;30,94;15,62;11,75;10,24
05/08/2026 10:35:37 am;190,850;23,02;33,58;30,94;15,62;11,75;10,24
05/08/2026 10:35:37 am;190,900;23,03;33,58;30,94;15,62;11,75;10,24
05/08/2026 10:35:37 am;190,950;23,03;33,58;30,95;15,62;11,75;10,23
05/08/2026 10:35:38 am;191,000;23,03;33,58;30,95;15,62;11,75;10,24
05/08/2026 10:35:38 am;191,050;23,03;33,58;30,95;15,62;11,75;10,24
05/08/2026 10:35:38 am;191,100;23,03;33,59;30,95;15,62;11,75;10,23
05/08/2026 10:35:38 am;191,150;23,03;33,58;30,95;15,61;11,74;10,23
05/08/2026 10:35:38 am;191,200;23,03;33,58;30,95;15,61;11,74;10,23
05/08/2026 10:35:38 am;191,250;23,04;33,59;30,95;15,61;11,74;10,23
05/08/2026 10:35:38 am;191,300;23,04;33,58;30,95;15,61;11,74;10,23
05/08/2026 10:35:38 am;191,350;23,04;33,58;30,95;15,61;11,74;10,23
05/08/2026 10:35:38 am;191,400;23,04;33,58;30,96;15,61;11,74;10,23
05/08/2026 10:35:38 am;191,450;23,04;33,58;30,96;15,61;11,74;10,23
05/08/2026 10:35:38 am;191,500;23,05;33,58;30,96;15,61;11,73;10,23
05/08/2026 10:35:38 am;191,550;23,05;33,57;30,96;15,61;11,73;10,23
05/08/2026 10:35:38 am;191,600;23,05;33,57;30,96;15,61;11,73;10,23
05/08/2026 10:35:38 am;191,650;23,05;33,57;30,96;15,60;11,73;10,23
05/08/2026 10:35:38 am;191,700;23,05;33,57;30,96;15,60;11,73;10,23
05/08/2026 10:35:38 am;191,750;23,06;33,56;30,96;15,60;11,73;10,23
05/08/2026 10:35:38 am;191,800;23,06;33,56;30,96;15,60;11,72;10,23
05/08/2026 10:35:38 am;191,850;23,06;33,56;30,96;15,60;11,72;10,23
05/08/2026 10:35:38 am;191,900;23,06;33,56;30,96;15,60;11,72;10,23
05/08/2026 10:35:38 am;191,950;23,06;33,56;30,96;15,60;11,72;10,23
05/08/2026 10:35:39 am;192,000;23,06;33,55;30,96;15,60;11,72;10,23
05/08/2026 10:35:39 am;192,050;23,07;33,55;30,96;15,59;11,72;10,23
05/08/2026 10:35:39 am;192,100;23,07;33,55;30,96;15,60;11,72;10,23
05/08/2026 10:35:39 am;192,150;23,07;33,55;30,96;15,59;11,72;10,23
05/08/2026 10:35:39 am;192,200;23,07;33,54;30,96;15,59;11,72;10,23
05/08/2026 10:35:39 am;192,250;23,07;33,54;30,96;15,59;11,71;10,22
05/08/2026 10:35:39 am;192,300;23,08;33,54;30,96;15,59;11,71;10,23
05/08/2026 10:35:39 am;192,350;23,08;33,54;30,96;15,59;11,71;10,23
05/08/2026 10:35:39 am;192,400;23,08;33,53;30,96;15,59;11,71;10,23
05/08/2026 10:35:39 am;192,450;23,08;33,53;30,96;15,59;11,71;10,22
05/08/2026 10:35:39 am;192,500;23,08;33,53;30,96;15,58;11,71;10,23
05/08/2026 10:35:39 am;192,550;23,08;33,53;30,96;15,58;11,71;10,23
05/08/2026 10:35:39 am;192,600;23,09;33,53;30,95;15,58;11,71;10,23
05/08/2026 10:35:39 am;192,650;23,09;33,52;30,95;15,58;11,71;10,23
05/08/2026 10:35:39 am;192,700;23,09;33,52;30,95;15,58;11,71;10,23
05/08/2026 10:35:39 am;192,750;23,09;33,52;30,95;15,58;11,71;10,23
05/08/2026 10:35:39 am;192,800;23,09;33,52;30,95;15,58;11,71;10,23
05/08/2026 10:35:39 am;192,850;23,10;33,51;30,95;15,58;11,70;10,23
05/08/2026 10:35:39 am;192,900;23,10;33,51;30,95;15,58;11,70;10,23
05/08/2026 10:35:39 am;192,950;23,10;33,51;30,95;15,57;11,70;10,23
05/08/2026 10:35:40 am;193,000;23,10;33,51;30,95;15,58;11,71;10,23
05/08/2026 10:35:40 am;193,050;23,10;33,50;30,95;15,57;11,70;10,23
05/08/2026 10:35:40 am;193,100;23,11;33,50;30,95;15,57;11,70;10,23
05/08/2026 10:35:40 am;193,150;23,11;33,50;30,95;15,57;11,70;10,23
05/08/2026 10:35:40 am;193,200;23,11;33,50;30,95;15,57;11,70;10,23
05/08/2026 10:35:40 am;193,250;23,11;33,49;30,94;15,57;11,70;10,23
05/08/2026 10:35:40 am;193,300;23,11;33,49;30,94;15,57;11,70;10,23
05/08/2026 10:35:40 am;193,350;23,11;33,49;30,94;15,57;11,70;10,23
05/08/2026 10:35:40 am;193,400;23,12;33,49;30,94;15,56;11,69;10,23
05/08/2026 10:35:40 am;193,450;23,12;33,49;30,94;15,57;11,69;10,23
05/08/2026 10:35:40 am;193,500;23,12;33,48;30,94;15,56;11,69;10,23
05/08/2026 10:35:40 am;193,550;23,12;33,48;30,94;15,56;11,69;10,22
05/08/2026 10:35:40 am;193,600;23,12;33,48;30,94;15,56;11,69;10,22
05/08/2026 10:35:40 am;193,650;23,13;33,48;30,94;15,56;11,69;10,22
05/08/2026 10:35:40 am;193,700;23,13;33,47;30,94;15,56;11,69;10,22
05/08/2026 10:35:40 am;193,750;23,13;33,47;30,94;15,56;11,69;10,22
05/08/2026 10:35:40 am;193,800;23,13;33,47;30,93;15,56;11,69;10,22
05/08/2026 10:35:40 am;193,850;23,13;33,47;30,94;15,56;11,69;10,22
05/08/2026 10:35:40 am;193,900;23,14;33,46;30,94;15,55;11,69;10,23
05/08/2026 10:35:40 am;193,950;23,14;33,46;30,94;15,55;11,68;10,22
05/08/2026 10:35:41 am;194,000;23,14;33,46;30,93;15,55;11,68;10,22
05/08/2026 10:35:41 am;194,050;23,14;33,46;30,93;15,55;11,68;10,22
05/08/2026 10:35:41 am;194,100;23,14;33,46;30,93;15,55;11,68;10,22
05/08/2026 10:35:41 am;194,150;23,14;33,46;30,93;15,55;11,68;10,22
05/08/2026 10:35:41 am;194,200;23,15;33,46;30,93;15,55;11,67;10,22
05/08/2026 10:35:41 am;194,250;23,15;33,46;30,93;15,55;11,68;10,22
05/08/2026 10:35:41 am;194,300;23,15;33,46;30,93;15,55;11,67;10,22
05/08/2026 10:35:41 am;194,350;23,15;33,46;30,94;15,55;11,67;10,22
05/08/2026 10:35:41 am;194,400;23,15;33,46;30,93;15,55;11,67;10,22
05/08/2026 10:35:41 am;194,450;23,15;33,46;30,93;15,54;11,67;10,22
05/08/2026 10:35:41 am;194,500;23,16;33,46;30,94;15,54;11,67;10,22
05/08/2026 10:35:41 am;194,550;23,16;33,46;30,94;15,54;11,66;10,22
05/08/2026 10:35:41 am;194,600;23,16;33,46;30,94;15,54;11,67;10,22
05/08/2026 10:35:41 am;194,650;23,16;33,46;30,94;15,54;11,66;10,22
05/08/2026 10:35:41 am;194,700;23,16;33,46;30,94;15,54;11,66;10,22
05/08/2026 10:35:41 am;194,750;23,17;33,46;30,94;15,54;11,66;10,22
05/08/2026 10:35:41 am;194,800;23,17;33,46;30,94;15,53;11,66;10,22
05/08/2026 10:35:41 am;194,850;23,17;33,46;30,94;15,53;11,66;10,21
05/08/2026 10:35:41 am;194,900;23,17;33,46;30,94;15,53;11,66;10,22
05/08/2026 10:35:41 am;194,950;23,17;33,46;30,94;15,53;11,65;10,22
05/08/2026 10:35:42 am;195,000;23,18;33,46;30,95;15,53;11,65;10,22
05/08/2026 10:35:42 am;195,050;23,18;33,47;30,95;15,53;11,65;10,21
05/08/2026 10:35:42 am;195,100;23,18;33,47;30,95;15,53;11,65;10,21
05/08/2026 10:35:42 am;195,150;23,18;33,47;30,95;15,53;11,65;10,21
05/08/2026 10:35:42 am;195,200;23,18;33,47;30,95;15,53;11,65;10,21
05/08/2026 10:35:42 am;195,250;23,18;33,47;30,95;15,53;11,64;10,21
05/08/2026 10:35:42 am;195,300;23,19;33,47;30,95;15,53;11,64;10,21
05/08/2026 10:35:42 am;195,350;23,19;33,48;30,95;15,52;11,64;10,21
05/08/2026 10:35:42 am;195,400;23,19;33,47;30,95;15,52;11,64;10,21
05/08/2026 10:35:42 am;195,450;23,19;33,48;30,95;15,52;11,64;10,20
05/08/2026 10:35:42 am;195,500;23,19;33,48;30,95;15,52;11,64;10,21
05/08/2026 10:35:42 am;195,550;23,20;33,48;30,96;15,52;11,64;10,20
05/08/2026 10:35:42 am;195,600;23,20;33,49;30,96;15,52;11,64;10,21
05/08/2026 10:35:42 am;195,650;23,20;33,49;30,96;15,52;11,63;10,20
05/08/2026 10:35:42 am;195,700;23,20;33,49;30,96;15,52;11,63;10,20
05/08/2026 10:35:42 am;195,750;23,20;33,49;30,96;15,51;11,63;10,20
05/08/2026 10:35:42 am;195,800;23,21;33,50;30,96;15,51;11,63;10,20
05/08/2026 10:35:42 am;195,850;23,21;33,50;30,96;15,51;11,63;10,20
05/08/2026 10:35:42 am;195,900;23,21;33,50;30,95;15,51;11,63;10,19
05/08/2026 10:35:42 am;195,950;23,21;33,51;30,95;15,51;11,63;10,19
05/08/2026 10:35:43 am;196,000;23,21;33,51;30,96;15,51;11,63;10,19
05/08/2026 10:35:43 am;196,050;23,21;33,51;30,96;15,51;11,62;10,18
05/08/2026 10:35:43 am;196,100;23,22;33,52;30,96;15,51;11,62;10,18
05/08/2026 10:35:43 am;196,150;23,22;33,52;30,95;15,50;11,62;10,18
05/08/2026 10:35:43 am;196,200;23,22;33,53;30,96;15,51;11,62;10,18
05/08/2026 10:35:43 am;196,250;23,22;33,53;30,95;15,51;11,62;10,18
05/08/2026 10:35:43 am;196,300;23,22;33,53;30,95;15,50;11,62;10,18
05/08/2026 10:35:43 am;196,350;23,23;33,54;30,95;15,50;11,62;10,17
05/08/2026 10:35:43 am;196,400;23,23;33,54;30,95;15,50;11,62;10,17
05/08/2026 10:35:43 am;196,450;23,23;33,55;30,96;15,50;11,62;10,17
05/08/2026 10:35:43 am;196,500;23,23;33,55;30,96;15,50;11,62;10,17
05/08/2026 10:35:43 am;196,550;23,23;33,55;30,96;15,50;11,62;10,16
05/08/2026 10:35:43 am;196,600;23,23;33,56;30,96;15,50;11,62;10,16
05/08/2026 10:35:43 am;196,650;23,24;33,56;30,96;15,50;11,62;10,16
05/08/2026 10:35:43 am;196,700;23,24;33,56;30,96;15,50;11,62;10,16
05/08/2026 10:35:43 am;196,750;23,24;33,56;30,96;15,49;11,62;10,15
05/08/2026 10:35:43 am;196,800;23,24;33,56;30,97;15,49;11,62;10,15
05/08/2026 10:35:43 am;196,850;23,24;33,56;30,97;15,49;11,62;10,15
05/08/2026 10:35:43 am;196,900;23,24;33,57;30,97;15,49;11,62;10,15
05/08/2026 10:35:43 am;196,950;23,25;33,57;30,97;15,49;11,61;10,15
05/08/2026 10:35:44 am;197,000;23,25;33,57;30,98;15,49;11,62;10,15
05/08/2026 10:35:44 am;197,050;23,25;33,57;30,98;15,49;11,61;10,14
05/08/2026 10:35:44 am;197,100;23,25;33,57;30,99;15,48;11,62;10,14
05/08/2026 10:35:44 am;197,150;23,25;33,57;30,99;15,48;11,61;10,14
05/08/2026 10:35:44 am;197,200;23,26;33,57;30,99;15,49;11,61;10,14
05/08/2026 10:35:44 am;197,250;23,26;33,57;30,99;15,48;11,61;10,13
05/08/2026 10:35:44 am;197,300;23,26;33,57;31,00;15,48;11,61;10,13
05/08/2026 10:35:44 am;197,350;23,26;33,56;31,00;15,48;11,61;10,13
05/08/2026 10:35:44 am;197,400;23,26;33,56;31,00;15,48;11,61;10,13
05/08/2026 10:35:44 am;197,450;23,26;33,56;31,01;15,48;11,61;10,13
05/08/2026 10:35:44 am;197,500;23,27;33,56;31,01;15,48;11,61;10,13
05/08/2026 10:35:44 am;197,550;23,27;33,56;31,01;15,48;11,61;10,12
05/08/2026 10:35:44 am;197,600;23,27;33,56;31,02;15,47;11,61;10,12
05/08/2026 10:35:44 am;197,650;23,27;33,56;31,02;15,48;11,61;10,12
05/08/2026 10:35:44 am;197,700;23,27;33,56;31,02;15,47;11,61;10,12
05/08/2026 10:35:44 am;197,750;23,28;33,55;31,03;15,47;11,61;10,12
05/08/2026 10:35:44 am;197,800;23,28;33,55;31,03;15,47;11,61;10,12
05/08/2026 10:35:44 am;197,850;23,28;33,55;31,03;15,47;11,61;10,11
05/08/2026 10:35:44 am;197,900;23,28;33,55;31,04;15,47;11,61;10,11
05/08/2026 10:35:44 am;197,950;23,28;33,55;31,04;15,47;11,61;10,11
05/08/2026 10:35:45 am;198,000;23,28;33,55;31,05;15,47;11,61;10,11
05/08/2026 10:35:45 am;198,050;23,28;33,55;31,05;15,47;11,61;10,11
05/08/2026 10:35:45 am;198,100;23,29;33,54;31,05;15,47;11,61;10,11
05/08/2026 10:35:45 am;198,150;23,29;33,55;31,06;15,47;11,61;10,10
05/08/2026 10:35:45 am;198,200;23,29;33,55;31,06;15,46;11,61;10,11
05/08/2026 10:35:45 am;198,250;23,29;33,55;31,06;15,46;11,61;10,10
05/08/2026 10:35:45 am;198,300;23,29;33,55;31,07;15,46;11,61;10,11
05/08/2026 10:35:45 am;198,350;23,30;33,55;31,07;15,46;11,60;10,10
05/08/2026 10:35:45 am;198,400;23,30;33,55;31,08;15,46;11,60;10,09
05/08/2026 10:35:45 am;198,450;23,30;33,55;31,08;15,46;11,60;10,10
05/08/2026 10:35:45 am;198,500;23,30;33,55;31,08;15,45;11,60;10,10
05/08/2026 10:35:45 am;198,550;23,30;33,55;31,09;15,46;11,60;10,09
05/08/2026 10:35:45 am;198,600;23,30;33,55;31,09;15,45;11,60;10,09
05/08/2026 10:35:45 am;198,650;23,31;33,55;31,09;15,45;11,60;10,09
05/08/2026 10:35:45 am;198,700;23,31;33,55;31,10;15,45;11,60;10,09
05/08/2026 10:35:45 am;198,750;23,31;33,55;31,10;15,45;11,60;10,08
05/08/2026 10:35:45 am;198,800;23,31;33,55;31,10;15,45;11,59;10,08
05/08/2026 10:35:45 am;198,850;23,31;33,55;31,10;15,45;11,59;10,08
05/08/2026 10:35:45 am;198,900;23,31;33,55;31,11;15,45;11,59;10,08
05/08/2026 10:35:45 am;198,950;23,32;33,55;31,11;15,45;11,59;10,08
05/08/2026 10:35:46 am;199,000;23,32;33,56;31,11;15,45;11,59;10,08
05/08/2026 10:35:46 am;199,050;23,32;33,55;31,11;15,44;11,58;10,07
05/08/2026 10:35:46 am;199,100;23,32;33,55;31,12;15,44;11,58;10,07
05/08/2026 10:35:46 am;199,150;23,32;33,55;31,12;15,44;11,58;10,07
05/08/2026 10:35:46 am;199,200;23,33;33,55;31,12;15,44;11,58;10,07
05/08/2026 10:35:46 am;199,250;23,33;33,55;31,12;15,44;11,58;10,07
05/08/2026 10:35:46 am;199,300;23,33;33,55;31,12;15,44;11,58;10,07
05/08/2026 10:35:46 am;199,350;23,33;33,55;31,12;15,44;11,58;10,07
05/08/2026 10:35:46 am;199,400;23,33;33,55;31,12;15,44;11,57;10,07
05/08/2026 10:35:46 am;199,450;23,34;33,55;31,12;15,44;11,57;10,06
05/08/2026 10:35:46 am;199,500;23,33;33,55;31,12;15,44;11,57;10,07
05/08/2026 10:35:46 am;199,550;23,33;33,55;31,12;15,43;11,56;10,06
05/08/2026 10:35:46 am;199,600;23,34;33,55;31,12;15,43;11,56;10,07
05/08/2026 10:35:46 am;199,650;23,34;33,55;31,12;15,43;11,56;10,06
05/08/2026 10:35:46 am;199,700;23,34;33,55;31,12;15,43;11,56;10,06
05/08/2026 10:35:46 am;199,750;23,34;33,55;31,12;15,43;11,56;10,06
05/08/2026 10:35:46 am;199,800;23,35;33,56;31,12;15,43;11,55;10,06
05/08/2026 10:35:46 am;199,850;23,35;33,56;31,12;15,43;11,55;10,05
05/08/2026 10:35:46 am;199,900;23,35;33,56;31,12;15,43;11,55;10,05
05/08/2026 10:35:46 am;199,950;23,35;33,56;31,12;15,43;11,55;10,05
05/08/2026 10:35:47 am;200,000;23,35;33,56;31,12;15,43;11,55;10,05
05/08/2026 10:35:47 am;200,050;23,35;33,56;31,12;15,42;11,55;10,05
05/08/2026 10:35:47 am;200,100;23,36;33,57;31,12;15,42;11,54;10,05
05/08/2026 10:35:47 am;200,150;23,36;33,57;31,12;15,42;11,54;10,05
05/08/2026 10:35:47 am;200,200;23,36;33,57;31,12;15,42;11,54;10,05
05/08/2026 10:35:47 am;200,250;23,36;33,57;31,12;15,42;11,54;10,04
05/08/2026 10:35:47 am;200,300;23,36;33,58;31,12;15,42;11,54;10,04
05/08/2026 10:35:47 am;200,350;23,36;33,58;31,12;15,42;11,54;10,04
05/08/2026 10:35:47 am;200,400;23,36;33,58;31,12;15,42;11,53;10,04
05/08/2026 10:35:47 am;200,450;23,37;33,58;31,12;15,42;11,53;10,04
05/08/2026 10:35:47 am;200,500;23,37;33,59;31,12;15,41;11,53;10,04
05/08/2026 10:35:47 am;200,550;23,37;33,59;31,12;15,41;11,53;10,04
05/08/2026 10:35:47 am;200,600;23,37;33,59;31,12;15,41;11,53;10,03
05/08/2026 10:35:47 am;200,650;23,37;33,59;31,12;15,41;11,52;10,03
05/08/2026 10:35:47 am;200,700;23,38;33,60;31,12;15,41;11,53;10,03
05/08/2026 10:35:47 am;200,750;23,38;33,60;31,12;15,41;11,52;10,03
05/08/2026 10:35:47 am;200,800;23,38;33,60;31,13;15,41;11,52;10,03
05/08/2026 10:35:47 am;200,850;23,38;33,61;31,13;15,41;11,52;10,03
05/08/2026 10:35:47 am;200,900;23,38;33,61;31,13;15,41;11,52;10,03
05/08/2026 10:35:47 am;200,950;23,38;33,61;31,13;15,41;11,52;10,02
05/08/2026 10:35:48 am;201,000;23,39;33,61;31,13;15,41;11,51;10,02
05/08/2026 10:35:48 am;201,050;23,39;33,62;31,13;15,40;11,51;10,02
05/08/2026 10:35:48 am;201,100;23,39;33,62;31,13;15,40;11,51;10,02
05/08/2026 10:35:48 am;201,150;23,39;33,62;31,13;15,40;11,51;10,02
05/08/2026 10:35:48 am;201,200;23,39;33,62;31,13;15,40;11,51;10,01
05/08/2026 10:35:48 am;201,250;23,39;33,62;31,13;15,40;11,51;10,01
05/08/2026 10:35:48 am;201,300;23,39;33,63;31,13;15,40;11,51;10,01
05/08/2026 10:35:48 am;201,350;23,40;33,63;31,13;15,40;11,51;10,01
05/08/2026 10:35:48 am;201,400;23,40;33,63;31,13;15,40;11,51;10,01
05/08/2026 10:35:48 am;201,450;23,40;33,63;31,14;15,40;11,51;10,00
05/08/2026 10:35:48 am;201,500;23,40;33,64;31,14;15,39;11,51;10,01
05/08/2026 10:35:48 am;201,550;23,40;33,64;31,14;15,40;11,51;10,00
05/08/2026 10:35:48 am;201,600;23,40;33,64;31,14;15,39;11,51;10,00
05/08/2026 10:35:48 am;201,650;23,40;33,64;31,14;15,39;11,51;10,00
05/08/2026 10:35:48 am;201,700;23,40;33,65;31,14;15,39;11,51;10,00
05/08/2026 10:35:48 am;201,750;23,41;33,65;31,14;15,39;11,51;10,00
05/08/2026 10:35:48 am;201,800;23,41;33,65;31,14;15,39;11,51;10,00
05/08/2026 10:35:48 am;201,850;23,41;33,65;31,14;15,39;11,51;9,99
05/08/2026 10:35:48 am;201,900;23,41;33,65;31,15;15,39;11,51;9,99
05/08/2026 10:35:48 am;201,950;23,41;33,66;31,15;15,39;11,51;9,99
05/08/2026 10:35:49 am;202,000;23,41;33,66;31,15;15,39;11,51;9,99
05/08/2026 10:35:49 am;202,050;23,41;33,66;31,15;15,38;11,51;9,99
05/08/2026 10:35:49 am;202,100;23,42;33,67;31,15;15,38;11,51;9,99
05/08/2026 10:35:49 am;202,150;23,42;33,67;31,15;15,38;11,51;9,99
05/08/2026 10:35:49 am;202,200;23,42;33,67;31,15;15,38;11,51;9,99
05/08/2026 10:35:49 am;202,250;23,42;33,68;31,16;15,38;11,51;9,99
05/08/2026 10:35:49 am;202,300;23,42;33,68;31,15;15,38;11,51;9,99
05/08/2026 10:35:49 am;202,350;23,42;33,68;31,16;15,38;11,51;9,99
05/08/2026 10:35:49 am;202,400;23,43;33,69;31,16;15,38;11,51;9,98
05/08/2026 10:35:49 am;202,450;23,43;33,69;31,16;15,38;11,51;9,98
05/08/2026 10:35:49 am;202,500;23,43;33,70;31,16;15,38;11,51;9,98
05/08/2026 10:35:49 am;202,550;23,43;33,70;31,16;15,37;11,51;9,98
05/08/2026 10:35:49 am;202,600;23,43;33,70;31,16;15,37;11,51;9,98
05/08/2026 10:35:49 am;202,650;23,43;33,70;31,17;15,37;11,51;9,98
05/08/2026 10:35:49 am;202,700;23,43;33,71;31,17;15,37;11,51;9,98
05/08/2026 10:35:49 am;202,750;23,43;33,71;31,17;15,37;11,51;9,98
05/08/2026 10:35:49 am;202,800;23,44;33,71;31,17;15,37;11,51;9,98
05/08/2026 10:35:49 am;202,850;23,44;33,71;31,17;15,37;11,51;9,98
05/08/2026 10:35:49 am;202,900;23,44;33,72;31,17;15,37;11,51;9,98
05/08/2026 10:35:49 am;202,950;23,44;33,72;31,18;15,37;11,51;9,98
05/08/2026 10:35:50 am;203,000;23,44;33,72;31,18;15,37;11,51;9,98
05/08/2026 10:35:50 am;203,050;23,45;33,72;31,18;15,36;11,51;9,98
05/08/2026 10:35:50 am;203,100;23,45;33,72;31,18;15,36;11,51;9,98
05/08/2026 10:35:50 am;203,150;23,45;33,73;31,18;15,36;11,51;9,98
05/08/2026 10:35:50 am;203,200;23,45;33,73;31,19;15,36;11,51;9,98
05/08/2026 10:35:50 am;203,250;23,45;33,73;31,19;15,36;11,51;9,98
05/08/2026 10:35:50 am;203,300;23,45;33,73;31,19;15,36;11,51;9,99
05/08/2026 10:35:50 am;203,350;23,46;33,74;31,19;15,36;11,51;9,98
05/08/2026 10:35:50 am;203,400;23,46;33,74;31,19;15,35;11,51;9,98
05/08/2026 10:35:50 am;203,450;23,46;33,74;31,20;15,35;11,51;9,98
05/08/2026 10:35:50 am;203,500;23,46;33,74;31,20;15,35;11,51;9,98
05/08/2026 10:35:50 am;203,550;23,46;33,75;31,20;15,35;11,51;9,99
05/08/2026 10:35:50 am;203,600;23,47;33,75;31,21;15,35;11,51;9,98
05/08/2026 10:35:50 am;203,650;23,46;33,75;31,21;15,35;11,51;9,99
05/08/2026 10:35:50 am;203,700;23,47;33,76;31,21;15,35;11,51;9,98
05/08/2026 10:35:50 am;203,750;23,47;33,76;31,22;15,35;11,50;9,99
05/08/2026 10:35:50 am;203,800;23,47;33,76;31,22;15,35;11,50;9,98
05/08/2026 10:35:50 am;203,850;23,47;33,76;31,22;15,35;11,50;9,98
05/08/2026 10:35:50 am;203,900;23,48;33,77;31,23;15,34;11,50;9,98
05/08/2026 10:35:50 am;203,950;23,47;33,77;31,23;15,34;11,51;9,98
05/08/2026 10:35:51 am;204,000;23,48;33,77;31,24;15,34;11,51;9,98
05/08/2026 10:35:51 am;204,050;23,48;33,77;31,24;15,34;11,50;9,98
05/08/2026 10:35:51 am;204,100;23,48;33,77;31,24;15,34;11,51;9,97
05/08/2026 10:35:51 am;204,150;23,48;33,78;31,25;15,34;11,50;9,97
05/08/2026 10:35:51 am;204,200;23,49;33,78;31,25;15,34;11,50;9,97
05/08/2026 10:35:51 am;204,250;23,49;33,78;31,25;15,34;11,50;9,97
05/08/2026 10:35:51 am;204,300;23,49;33,78;31,26;15,34;11,50;9,97
05/08/2026 10:35:51 am;204,350;23,49;33,78;31,26;15,34;11,51;9,97
05/08/2026 10:35:51 am;204,400;23,49;33,78;31,27;15,33;11,51;9,97
05/08/2026 10:35:51 am;204,450;23,49;33,78;31,27;15,33;11,51;9,96
05/08/2026 10:35:51 am;204,500;23,49;33,78;31,27;15,33;11,51;9,97
05/08/2026 10:35:51 am;204,550;23,49;33,79;31,28;15,33;11,51;9,96
05/08/2026 10:35:51 am;204,600;23,50;33,79;31,28;15,33;11,51;9,96
05/08/2026 10:35:51 am;204,650;23,50;33,79;31,28;15,33;11,51;9,96
05/08/2026 10:35:51 am;204,700;23,50;33,79;31,28;15,33;11,50;9,96
05/08/2026 10:35:51 am;204,750;23,50;33,79;31,29;15,33;11,50;9,96
05/08/2026 10:35:51 am;204,800;23,50;33,79;31,29;15,33;11,51;9,95
05/08/2026 10:35:51 am;204,850;23,51;33,79;31,29;15,33;11,50;9,95
05/08/2026 10:35:51 am;204,900;23,51;33,79;31,30;15,33;11,50;9,95
05/08/2026 10:35:51 am;204,950;23,51;33,79;31,30;15,33;11,51;9,95
05/08/2026 10:35:52 am;205,000;23,51;33,80;31,30;15,32;11,51;9,95
05/08/2026 10:35:52 am;205,050;23,51;33,80;31,31;15,32;11,51;9,95
05/08/2026 10:35:52 am;205,100;23,51;33,80;31,31;15,32;11,50;9,94
05/08/2026 10:35:52 am;205,150;23,52;33,80;31,31;15,32;11,50;9,94
05/08/2026 10:35:52 am;205,200;23,52;33,80;31,31;15,32;11,50;9,94
05/08/2026 10:35:52 am;205,250;23,52;33,80;31,31;15,32;11,50;9,94
05/08/2026 10:35:52 am;205,300;23,52;33,80;31,32;15,32;11,50;9,94
05/08/2026 10:35:52 am;205,350;23,52;33,80;31,32;15,32;11,50;9,94
05/08/2026 10:35:52 am;205,400;23,52;33,80;31,32;15,32;11,50;9,94
05/08/2026 10:35:52 am;205,450;23,52;33,80;31,32;15,31;11,50;9,94
05/08/2026 10:35:52 am;205,500;23,53;33,80;31,32;15,31;11,50;9,94
05/08/2026 10:35:52 am;205,550;23,53;33,80;31,32;15,31;11,50;9,94
05/08/2026 10:35:52 am;205,600;23,53;33,80;31,32;15,31;11,50;9,94
05/08/2026 10:35:52 am;205,650;23,53;33,81;31,33;15,31;11,50;9,94
05/08/2026 10:35:52 am;205,700;23,53;33,80;31,33;15,31;11,50;9,94
05/08/2026 10:35:52 am;205,750;23,54;33,81;31,33;15,31;11,50;9,93
05/08/2026 10:35:52 am;205,800;23,54;33,80;31,33;15,30;11,50;9,93
05/08/2026 10:35:52 am;205,850;23,54;33,81;31,33;15,31;11,50;9,93
05/08/2026 10:35:52 am;205,900;23,54;33,80;31,33;15,31;11,50;9,93
05/08/2026 10:35:52 am;205,950;23,54;33,81;31,33;15,30;11,50;9,93
05/08/2026 10:35:53 am;206,000;23,54;33,81;31,33;15,30;11,50;9,93
05/08/2026 10:35:53 am;206,050;23,55;33,81;31,33;15,30;11,50;9,93
05/08/2026 10:35:53 am;206,100;23,55;33,81;31,33;15,30;11,50;9,93
05/08/2026 10:35:53 am;206,150;23,55;33,81;31,34;15,30;11,50;9,93
05/08/2026 10:35:53 am;206,200;23,55;33,81;31,34;15,30;11,50;9,93
05/08/2026 10:35:53 am;206,250;23,55;33,81;31,34;15,30;11,50;9,93
05/08/2026 10:35:53 am;206,300;23,55;33,81;31,34;15,30;11,50;9,93
05/08/2026 10:35:53 am;206,350;23,56;33,81;31,34;15,30;11,50;9,92
05/08/2026 10:35:53 am;206,400;23,56;33,81;31,34;15,30;11,50;9,92
05/08/2026 10:35:53 am;206,450;23,56;33,81;31,34;15,29;11,50;9,92
05/08/2026 10:35:53 am;206,500;23,56;33,80;31,34;15,29;11,50;9,92
05/08/2026 10:35:53 am;206,550;23,56;33,80;31,34;15,29;11,50;9,92
05/08/2026 10:35:53 am;206,600;23,57;33,80;31,34;15,29;11,50;9,92
05/08/2026 10:35:53 am;206,650;23,57;33,80;31,34;15,29;11,50;9,92
05/08/2026 10:35:53 am;206,700;23,57;33,80;31,34;15,29;11,50;9,92
05/08/2026 10:35:53 am;206,750;23,57;33,80;31,34;15,29;11,50;9,91
05/08/2026 10:35:53 am;206,800;23,57;33,80;31,34;15,29;11,50;9,92
05/08/2026 10:35:53 am;206,850;23,57;33,79;31,34;15,28;11,50;9,92
05/08/2026 10:35:53 am;206,900;23,57;33,79;31,34;15,29;11,50;9,92
05/08/2026 10:35:53 am;206,950;23,58;33,79;31,34;15,28;11,50;9,92
05/08/2026 10:35:54 am;207,000;23,58;33,79;31,34;15,28;11,50;9,92
05/08/2026 10:35:54 am;207,050;23,58;33,79;31,33;15,28;11,49;9,91
05/08/2026 10:35:54 am;207,100;23,58;33,78;31,33;15,28;11,49;9,91
05/08/2026 10:35:54 am;207,150;23,58;33,78;31,33;15,28;11,49;9,92
05/08/2026 10:35:54 am;207,200;23,59;33,78;31,33;15,28;11,49;9,91
05/08/2026 10:35:54 am;207,250;23,59;33,78;31,33;15,28;11,49;9,91
05/08/2026 10:35:54 am;207,300;23,59;33,78;31,33;15,28;11,49;9,91
05/08/2026 10:35:54 am;207,350;23,59;33,78;31,33;15,27;11,49;9,92
05/08/2026 10:35:54 am;207,400;23,59;33,78;31,33;15,28;11,49;9,91
05/08/2026 10:35:54 am;207,450;23,59;33,78;31,33;15,27;11,49;9,91
05/08/2026 10:35:54 am;207,500;23,60;33,78;31,32;15,27;11,49;9,91
05/08/2026 10:35:54 am;207,550;23,60;33,78;31,32;15,27;11,49;9,91
05/08/2026 10:35:54 am;207,600;23,60;33,78;31,32;15,27;11,49;9,91
05/08/2026 10:35:54 am;207,650;23,60;33,77;31,32;15,27;11,49;9,91
05/08/2026 10:35:54 am;207,700;23,60;33,78;31,31;15,27;11,49;9,91
05/08/2026 10:35:54 am;207,750;23,60;33,77;31,31;15,27;11,49;9,91
05/08/2026 10:35:54 am;207,800;23,60;33,77;31,31;15,27;11,49;9,91
05/08/2026 10:35:54 am;207,850;23,60;33,77;31,31;15,27;11,49;9,91
05/08/2026 10:35:54 am;207,900;23,61;33,77;31,31;15,26;11,49;9,91
05/08/2026 10:35:54 am;207,950;23,61;33,77;31,30;15,26;11,49;9,91
05/08/2026 10:35:55 am;208,000;23,61;33,78;31,30;15,26;11,49;9,91
05/08/2026 10:35:55 am;208,050;23,61;33,77;31,30;15,26;11,49;9,91
05/08/2026 10:35:55 am;208,100;23,61;33,77;31,29;15,26;11,49;9,91
05/08/2026 10:35:55 am;208,150;23,62;33,78;31,29;15,26;11,49;9,91
05/08/2026 10:35:55 am;208,200;23,62;33,77;31,29;15,26;11,49;9,91
05/08/2026 10:35:55 am;208,250;23,62;33,77;31,29;15,26;11,49;9,91
05/08/2026 10:35:55 am;208,300;23,62;33,77;31,28;15,26;11,49;9,91
05/08/2026 10:35:55 am;208,350;23,62;33,78;31,28;15,25;11,49;9,91
05/08/2026 10:35:55 am;208,400;23,62;33,78;31,27;15,26;11,48;9,91
05/08/2026 10:35:55 am;208,450;23,63;33,77;31,27;15,25;11,49;9,91
05/08/2026 10:35:55 am;208,500;23,63;33,78;31,26;15,25;11,49;9,91
05/08/2026 10:35:55 am;208,550;23,63;33,78;31,26;15,25;11,49;9,91
05/08/2026 10:35:55 am;208,600;23,63;33,78;31,26;15,25;11,49;9,91
05/08/2026 10:35:55 am;208,650;23,64;33,78;31,25;15,25;11,49;9,91
05/08/2026 10:35:55 am;208,700;23,64;33,78;31,24;15,25;11,49;9,91
05/08/2026 10:35:55 am;208,750;23,64;33,78;31,24;15,25;11,49;9,91
05/08/2026 10:35:55 am;208,800;23,64;33,78;31,23;15,25;11,49;9,91
05/08/2026 10:35:55 am;208,850;23,64;33,78;31,23;15,25;11,49;9,91
05/08/2026 10:35:55 am;208,900;23,64;33,79;31,22;15,25;11,49;9,91
05/08/2026 10:35:55 am;208,950;23,64;33,79;31,22;15,24;11,49;9,92
05/08/2026 10:35:56 am;209,000;23,65;33,79;31,21;15,25;11,49;9,91
05/08/2026 10:35:56 am;209,050;23,65;33,79;31,21;15,24;11,49;9,91
05/08/2026 10:35:56 am;209,100;23,65;33,79;31,20;15,24;11,49;9,91
05/08/2026 10:35:56 am;209,150;23,65;33,79;31,20;15,24;11,49;9,91
05/08/2026 10:35:56 am;209,200;23,65;33,79;31,19;15,24;11,49;9,91
05/08/2026 10:35:56 am;209,250;23,66;33,79;31,19;15,24;11,49;9,91
05/08/2026 10:35:56 am;209,300;23,66;33,80;31,18;15,24;11,49;9,91
05/08/2026 10:35:56 am;209,350;23,66;33,80;31,18;15,24;11,49;9,91
05/08/2026 10:35:56 am;209,400;23,66;33,80;31,17;15,24;11,49;9,91
05/08/2026 10:35:56 am;209,450;23,66;33,80;31,17;15,24;11,49;9,92
05/08/2026 10:35:56 am;209,500;23,66;33,80;31,16;15,24;11,49;9,91
05/08/2026 10:35:56 am;209,550;23,66;33,81;31,16;15,24;11,49;9,91
05/08/2026 10:35:56 am;209,600;23,67;33,81;31,16;15,23;11,49;9,91
05/08/2026 10:35:56 am;209,650;23,67;33,81;31,15;15,23;11,49;9,92
05/08/2026 10:35:56 am;209,700;23,67;33,81;31,15;15,23;11,49;9,92
05/08/2026 10:35:56 am;209,750;23,67;33,81;31,15;15,23;11,50;9,92
05/08/2026 10:35:56 am;209,800;23,67;33,81;31,14;15,23;11,49;9,91
05/08/2026 10:35:56 am;209,850;23,68;33,81;31,14;15,23;11,49;9,92
05/08/2026 10:35:56 am;209,900;23,68;33,82;31,14;15,23;11,49;9,92
05/08/2026 10:35:56 am;209,950;23,68;33,82;31,13;15,23;11,49;9,92
05/08/2026 10:35:57 am;210,000;23,68;33,82;31,13;15,23;11,49;9,92
05/08/2026 10:35:57 am;210,050;23,68;33,82;31,13;15,23;11,49;9,92
05/08/2026 10:35:57 am;210,100;23,68;33,83;31,12;15,23;11,49;9,92
05/08/2026 10:35:57 am;210,150;23,68;33,83;31,12;15,23;11,49;9,92
05/08/2026 10:35:57 am;210,200;23,69;33,83;31,12;15,23;11,49;9,92
05/08/2026 10:35:57 am;210,250;23,69;33,83;31,12;15,22;11,50;9,92
05/08/2026 10:35:57 am;210,300;23,69;33,83;31,11;15,22;11,49;9,92
05/08/2026 10:35:57 am;210,350;23,69;33,83;31,11;15,22;11,50;9,92
05/08/2026 10:35:57 am;210,400;23,69;33,83;31,11;15,22;11,50;9,92
05/08/2026 10:35:57 am;210,450;23,70;33,83;31,11;15,22;11,50;9,92
05/08/2026 10:35:57 am;210,500;23,70;33,84;31,11;15,22;11,50;9,92
05/08/2026 10:35:57 am;210,550;23,70;33,84;31,10;15,22;11,50;9,92
05/08/2026 10:35:57 am;210,600;23,70;33,84;31,10;15,22;11,50;9,92
05/08/2026 10:35:57 am;210,650;23,70;33,84;31,10;15,22;11,50;9,93
05/08/2026 10:35:57 am;210,700;23,70;33,84;31,10;15,21;11,50;9,92
05/08/2026 10:35:57 am;210,750;23,71;33,84;31,10;15,21;11,50;9,93
05/08/2026 10:35:57 am;210,800;23,71;33,84;31,10;15,21;11,50;9,92
05/08/2026 10:35:57 am;210,850;23,71;33,85;31,10;15,21;11,50;9,93
05/08/2026 10:35:57 am;210,900;23,71;33,85;31,10;15,21;11,50;9,93
05/08/2026 10:35:57 am;210,950;23,71;33,85;31,10;15,21;11,50;9,93
05/08/2026 10:35:58 am;211,000;23,71;33,85;31,10;15,21;11,50;9,92
05/08/2026 10:35:58 am;211,050;23,72;33,85;31,09;15,21;11,50;9,93
05/08/2026 10:35:58 am;211,100;23,72;33,85;31,09;15,21;11,50;9,93
05/08/2026 10:35:58 am;211,150;23,72;33,85;31,09;15,21;11,50;9,93
05/08/2026 10:35:58 am;211,200;23,72;33,85;31,09;15,20;11,50;9,92
05/08/2026 10:35:58 am;211,250;23,72;33,85;31,09;15,20;11,50;9,93
05/08/2026 10:35:58 am;211,300;23,72;33,86;31,09;15,20;11,50;9,93
05/08/2026 10:35:58 am;211,350;23,73;33,86;31,09;15,20;11,50;9,93
05/08/2026 10:35:58 am;211,400;23,73;33,86;31,08;15,20;11,50;9,93
05/08/2026 10:35:58 am;211,450;23,73;33,86;31,08;15,20;11,49;9,94
05/08/2026 10:35:58 am;211,500;23,73;33,86;31,08;15,20;11,50;9,94
05/08/2026 10:35:58 am;211,550;23,73;33,86;31,08;15,20;11,49;9,94
05/08/2026 10:35:58 am;211,600;23,74;33,87;31,07;15,20;11,49;9,94
05/08/2026 10:35:58 am;211,650;23,74;33,87;31,07;15,20;11,49;9,94
05/08/2026 10:35:58 am;211,700;23,74;33,87;31,06;15,19;11,49;9,94
05/08/2026 10:35:58 am;211,750;23,74;33,87;31,06;15,19;11,49;9,94
05/08/2026 10:35:58 am;211,800;23,74;33,88;31,06;15,19;11,49;9,95
05/08/2026 10:35:58 am;211,850;23,74;33,88;31,06;15,19;11,49;9,95
05/08/2026 10:35:58 am;211,900;23,74;33,88;31,05;15,19;11,49;9,95
05/08/2026 10:35:58 am;211,950;23,75;33,88;31,05;15,19;11,49;9,95
05/08/2026 10:35:59 am;212,000;23,75;33,89;31,04;15,19;11,49;9,96
05/08/2026 10:35:59 am;212,050;23,75;33,89;31,03;15,19;11,49;9,96
05/08/2026 10:35:59 am;212,100;23,75;33,90;31,03;15,19;11,49;9,96
05/08/2026 10:35:59 am;212,150;23,75;33,90;31,02;15,19;11,49;9,96
05/08/2026 10:35:59 am;212,200;23,75;33,90;31,02;15,18;11,49;9,96
05/08/2026 10:35:59 am;212,250;23,76;33,90;31,01;15,18;11,49;9,96
05/08/2026 10:35:59 am;212,300;23,76;33,91;31,00;15,18;11,49;9,96
05/08/2026 10:35:59 am;212,350;23,76;33,91;31,00;15,18;11,49;9,96
05/08/2026 10:35:59 am;212,400;23,76;33,91;30,99;15,18;11,49;9,96
05/08/2026 10:35:59 am;212,450;23,76;33,92;30,99;15,18;11,49;9,96
05/08/2026 10:35:59 am;212,500;23,77;33,92;30,98;15,18;11,49;9,96
05/08/2026 10:35:59 am;212,550;23,77;33,92;30,98;15,18;11,48;9,96
05/08/2026 10:35:59 am;212,600;23,77;33,93;30,97;15,18;11,48;9,96
05/08/2026 10:35:59 am;212,650;23,77;33,93;30,96;15,18;11,48;9,96
05/08/2026 10:35:59 am;212,700;23,77;33,93;30,95;15,17;11,49;9,96
05/08/2026 10:35:59 am;212,750;23,77;33,94;30,95;15,18;11,48;9,96
05/08/2026 10:35:59 am;212,800;23,78;33,94;30,94;15,17;11,48;9,96
05/08/2026 10:35:59 am;212,850;23,78;33,95;30,93;15,17;11,49;9,96
05/08/2026 10:35:59 am;212,900;23,78;33,95;30,93;15,17;11,48;9,96
05/08/2026 10:35:59 am;212,950;23,78;33,95;30,92;15,17;11,49;9,96
05/08/2026 10:36:00 am;213,000;23,78;33,96;30,91;15,17;11,48;9,96
05/08/2026 10:36:00 am;213,050;23,78;33,96;30,91;15,17;11,48;9,96
05/08/2026 10:36:00 am;213,100;23,79;33,96;30,90;15,17;11,48;9,97
05/08/2026 10:36:00 am;213,150;23,79;33,96;30,89;15,17;11,48;9,97
05/08/2026 10:36:00 am;213,200;23,79;33,97;30,89;15,17;11,47;9,96
05/08/2026 10:36:00 am;213,250;23,79;33,97;30,88;15,16;11,48;9,97
05/08/2026 10:36:00 am;213,300;23,79;33,97;30,88;15,16;11,47;9,96
05/08/2026 10:36:00 am;213,350;23,79;33,98;30,87;15,16;11,48;9,97
05/08/2026 10:36:00 am;213,400;23,79;33,98;30,87;15,16;11,47;9,97
05/08/2026 10:36:00 am;213,450;23,80;33,99;30,86;15,16;11,47;9,97
05/08/2026 10:36:00 am;213,500;23,80;33,99;30,85;15,16;11,47;9,97
05/08/2026 10:36:00 am;213,550;23,80;33,99;30,85;15,16;11,47;9,97
05/08/2026 10:36:00 am;213,600;23,80;33,99;30,84;15,16;11,47;9,96
05/08/2026 10:36:00 am;213,650;23,80;34,00;30,84;15,16;11,47;9,97
05/08/2026 10:36:00 am;213,700;23,80;34,00;30,83;15,16;11,47;9,97
05/08/2026 10:36:00 am;213,750;23,81;34,00;30,83;15,15;11,47;9,97
05/08/2026 10:36:00 am;213,800;23,81;34,00;30,82;15,15;11,46;9,96
05/08/2026 10:36:00 am;213,850;23,81;34,01;30,82;15,15;11,46;9,97
05/08/2026 10:36:00 am;213,900;23,81;34,01;30,81;15,15;11,46;9,96
05/08/2026 10:36:00 am;213,950;23,81;34,01;30,80;15,15;11,46;9,96
05/08/2026 10:36:01 am;214,000;23,82;34,01;30,80;15,15;11,46;9,96
05/08/2026 10:36:01 am;214,050;23,82;34,01;30,80;15,15;11,45;9,96
05/08/2026 10:36:01 am;214,100;23,82;34,02;30,79;15,15;11,45;9,96
05/08/2026 10:36:01 am;214,150;23,82;34,02;30,79;15,15;11,45;9,96
05/08/2026 10:36:01 am;214,200;23,82;34,02;30,79;15,15;11,45;9,96
05/08/2026 10:36:01 am;214,250;23,82;34,03;30,78;15,15;11,45;9,96
05/08/2026 10:36:01 am;214,300;23,83;34,03;30,77;15,14;11,45;9,95
05/08/2026 10:36:01 am;214,350;23,83;34,03;30,77;15,14;11,44;9,95
05/08/2026 10:36:01 am;214,400;23,83;34,04;30,76;15,14;11,44;9,95
05/08/2026 10:36:01 am;214,450;23,83;34,04;30,76;15,14;11,44;9,95
05/08/2026 10:36:01 am;214,500;23,83;34,05;30,76;15,14;11,44;9,95
05/08/2026 10:36:01 am;214,550;23,83;34,05;30,75;15,14;11,44;9,95
05/08/2026 10:36:01 am;214,600;23,83;34,05;30,75;15,14;11,43;9,94
05/08/2026 10:36:01 am;214,650;23,83;34,05;30,74;15,13;11,43;9,95
05/08/2026 10:36:01 am;214,700;23,84;34,05;30,74;15,13;11,43;9,94
05/08/2026 10:36:01 am;214,750;23,84;34,06;30,73;15,13;11,43;9,94
05/08/2026 10:36:01 am;214,800;23,84;34,06;30,73;15,13;11,43;9,94
05/08/2026 10:36:01 am;214,850;23,84;34,06;30,72;15,13;11,43;9,94
05/08/2026 10:36:01 am;214,900;23,84;34,07;30,72;15,13;11,43;9,94
05/08/2026 10:36:01 am;214,950;23,84;34,07;30,72;15,13;11,43;9,94
05/08/2026 10:36:02 am;215,000;23,85;34,07;30,71;15,13;11,42;9,94
05/08/2026 10:36:02 am;215,050;23,85;34,07;30,71;15,13;11,42;9,94
05/08/2026 10:36:02 am;215,100;23,85;34,07;30,71;15,13;11,42;9,94
05/08/2026 10:36:02 am;215,150;23,85;34,08;30,70;15,13;11,42;9,94
05/08/2026 10:36:02 am;215,200;23,85;34,08;30,70;15,12;11,42;9,94
05/08/2026 10:36:02 am;215,250;23,86;34,08;30,70;15,13;11,42;9,94
05/08/2026 10:36:02 am;215,300;23,86;34,08;30,69;15,12;11,41;9,93
05/08/2026 10:36:02 am;215,350;23,86;34,08;30,69;15,13;11,41;9,94
05/08/2026 10:36:02 am;215,400;23,86;34,08;30,69;15,12;11,41;9,94
05/08/2026 10:36:02 am;215,450;23,86;34,09;30,69;15,12;11,41;9,93
05/08/2026 10:36:02 am;215,500;23,87;34,09;30,69;15,12;11,40;9,93
05/08/2026 10:36:02 am;215,550;23,87;34,09;30,69;15,12;11,41;9,94
05/08/2026 10:36:02 am;215,600;23,86;34,09;30,69;15,12;11,40;9,94
05/08/2026 10:36:02 am;215,650;23,87;34,09;30,69;15,12;11,40;9,93
05/08/2026 10:36:02 am;215,700;23,87;34,10;30,69;15,12;11,40;9,93
05/08/2026 10:36:02 am;215,750;23,87;34,10;30,69;15,12;11,40;9,93
05/08/2026 10:36:02 am;215,800;23,87;34,10;30,69;15,11;11,40;9,94
05/08/2026 10:36:02 am;215,850;23,87;34,10;30,69;15,12;11,40;9,93
05/08/2026 10:36:02 am;215,900;23,88;34,11;30,69;15,11;11,39;9,93
05/08/2026 10:36:02 am;215,950;23,88;34,11;30,69;15,11;11,39;9,94
05/08/2026 10:36:03 am;216,000;23,88;34,11;30,69;15,11;11,39;9,94
05/08/2026 10:36:03 am;216,050;23,88;34,11;30,69;15,11;11,39;9,93
05/08/2026 10:36:03 am;216,100;23,88;34,11;30,70;15,11;11,39;9,93
05/08/2026 10:36:03 am;216,150;23,88;34,12;30,70;15,11;11,39;9,94
05/08/2026 10:36:03 am;216,200;23,89;34,12;30,70;15,11;11,39;9,93
05/08/2026 10:36:03 am;216,250;23,89;34,12;30,71;15,10;11,39;9,94
05/08/2026 10:36:03 am;216,300;23,89;34,12;30,71;15,11;11,38;9,93
05/08/2026 10:36:03 am;216,350;23,89;34,12;30,71;15,10;11,38;9,93
05/08/2026 10:36:03 am;216,400;23,89;34,12;30,72;15,10;11,38;9,93
05/08/2026 10:36:03 am;216,450;23,89;34,12;30,72;15,10;11,38;9,94
05/08/2026 10:36:03 am;216,500;23,90;34,12;30,72;15,10;11,38;9,93
05/08/2026 10:36:03 am;216,550;23,90;34,12;30,73;15,10;11,38;9,93
05/08/2026 10:36:03 am;216,600;23,90;34,12;30,73;15,10;11,38;9,93
05/08/2026 10:36:03 am;216,650;23,90;34,12;30,74;15,10;11,38;9,93
05/08/2026 10:36:03 am;216,700;23,90;34,12;30,74;15,10;11,38;9,94
05/08/2026 10:36:03 am;216,750;23,90;34,12;30,75;15,10;11,38;9,94
05/08/2026 10:36:03 am;216,800;23,91;34,12;30,75;15,10;11,38;9,94
05/08/2026 10:36:03 am;216,850;23,91;34,12;30,76;15,09;11,38;9,94
05/08/2026 10:36:03 am;216,900;23,91;34,12;30,76;15,09;11,37;9,93
05/08/2026 10:36:03 am;216,950;23,91;34,12;30,76;15,09;11,37;9,94
05/08/2026 10:36:04 am;217,000;23,92;34,12;30,76;15,09;11,37;9,95
05/08/2026 10:36:04 am;217,050;23,91;34,12;30,77;15,09;11,37;9,95
05/08/2026 10:36:04 am;217,100;23,92;34,12;30,77;15,09;11,37;9,95
05/08/2026 10:36:04 am;217,150;23,92;34,12;30,77;15,09;11,37;9,95
05/08/2026 10:36:04 am;217,200;23,92;34,12;30,77;15,08;11,37;9,95
05/08/2026 10:36:04 am;217,250;23,92;34,11;30,77;15,09;11,37;9,95
05/08/2026 10:36:04 am;217,300;23,92;34,11;30,77;15,09;11,37;9,96
05/08/2026 10:36:04 am;217,350;23,93;34,11;30,77;15,08;11,37;9,96
05/08/2026 10:36:04 am;217,400;23,93;34,11;30,77;15,08;11,37;9,96
05/08/2026 10:36:04 am;217,450;23,93;34,11;30,77;15,08;11,37;9,96
05/08/2026 10:36:04 am;217,500;23,93;34,11;30,77;15,08;11,36;9,97
05/08/2026 10:36:04 am;217,550;23,93;34,11;30,77;15,08;11,37;9,97
05/08/2026 10:36:04 am;217,600;23,93;34,11;30,77;15,08;11,36;9,97
05/08/2026 10:36:04 am;217,650;23,94;34,10;30,77;15,08;11,36;9,97
05/08/2026 10:36:04 am;217,700;23,94;34,10;30,77;15,08;11,36;9,97
05/08/2026 10:36:04 am;217,750;23,94;34,10;30,77;15,08;11,36;9,97
05/08/2026 10:36:04 am;217,800;23,94;34,10;30,76;15,07;11,36;9,98
05/08/2026 10:36:04 am;217,850;23,94;34,10;30,76;15,07;11,36;9,98
05/08/2026 10:36:04 am;217,900;23,94;34,10;30,77;15,07;11,36;9,98
05/08/2026 10:36:04 am;217,950;23,94;34,10;30,77;15,07;11,36;9,98
05/08/2026 10:36:05 am;218,000;23,95;34,10;30,76;15,07;11,36;9,98
05/08/2026 10:36:05 am;218,050;23,95;34,10;30,76;15,07;11,36;9,99
05/08/2026 10:36:05 am;218,100;23,95;34,10;30,77;15,07;11,36;9,99
05/08/2026 10:36:05 am;218,150;23,95;34,11;30,77;15,07;11,36;9,99
05/08/2026 10:36:05 am;218,200;23,95;34,10;30,76;15,07;11,36;9,99
05/08/2026 10:36:05 am;218,250;23,95;34,11;30,76;15,06;11,36;9,99
05/08/2026 10:36:05 am;218,300;23,95;34,11;30,76;15,07;11,36;9,99
05/08/2026 10:36:05 am;218,350;23,96;34,11;30,77;15,07;11,36;9,99
05/08/2026 10:36:05 am;218,400;23,96;34,11;30,76;15,06;11,36;9,99
05/08/2026 10:36:05 am;218,450;23,96;34,11;30,77;15,06;11,36;10,00
05/08/2026 10:36:05 am;218,500;23,96;34,11;30,76;15,06;11,36;10,00
05/08/2026 10:36:05 am;218,550;23,97;34,11;30,77;15,06;11,36;10,00
05/08/2026 10:36:05 am;218,600;23,96;34,11;30,77;15,06;11,36;10,00
05/08/2026 10:36:05 am;218,650;23,97;34,12;30,77;15,06;11,36;10,00
05/08/2026 10:36:05 am;218,700;23,97;34,12;30,78;15,06;11,36;10,01
05/08/2026 10:36:05 am;218,750;23,97;34,12;30,78;15,05;11,36;10,01
05/08/2026 10:36:05 am;218,800;23,97;34,12;30,78;15,06;11,36;10,01
05/08/2026 10:36:05 am;218,850;23,97;34,12;30,79;15,06;11,36;10,01
05/08/2026 10:36:05 am;218,900;23,98;34,11;30,79;15,05;11,36;10,01
05/08/2026 10:36:05 am;218,950;23,98;34,12;30,80;15,05;11,36;10,01
05/08/2026 10:36:06 am;219,000;23,98;34,12;30,80;15,05;11,35;10,01
05/08/2026 10:36:06 am;219,050;23,98;34,12;30,81;15,05;11,36;10,01
05/08/2026 10:36:06 am;219,100;23,98;34,12;30,81;15,05;11,35;10,01
05/08/2026 10:36:06 am;219,150;23,99;34,12;30,81;15,05;11,35;10,01
05/08/2026 10:36:06 am;219,200;23,99;34,11;30,82;15,05;11,36;10,01
05/08/2026 10:36:06 am;219,250;23,99;34,11;30,82;15,05;11,35;10,01
05/08/2026 10:36:06 am;219,300;23,99;34,11;30,83;15,05;11,35;10,02
05/08/2026 10:36:06 am;219,350;23,99;34,11;30,83;15,04;11,35;10,02
05/08/2026 10:36:06 am;219,400;23,99;34,11;30,84;15,05;11,35;10,02
05/08/2026 10:36:06 am;219,450;23,99;34,11;30,84;15,04;11,35;10,02
05/08/2026 10:36:06 am;219,500;24,00;34,11;30,85;15,04;11,36;10,02
05/08/2026 10:36:06 am;219,550;24,00;34,10;30,85;15,04;11,36;10,02
05/08/2026 10:36:06 am;219,600;24,00;34,10;30,86;15,04;11,35;10,02
05/08/2026 10:36:06 am;219,650;24,00;34,10;30,86;15,04;11,35;10,02
05/08/2026 10:36:06 am;219,700;24,00;34,10;30,86;15,04;11,36;10,02
05/08/2026 10:36:06 am;219,750;24,00;34,10;30,87;15,04;11,35;10,02
05/08/2026 10:36:06 am;219,800;24,01;34,10;30,88;15,04;11,36;10,02
05/08/2026 10:36:06 am;219,850;24,01;34,09;30,88;15,03;11,36;10,01
05/08/2026 10:36:06 am;219,900;24,01;34,09;30,89;15,03;11,35;10,02
05/08/2026 10:36:06 am;219,950;24,01;34,09;30,89;15,03;11,35;10,02
05/08/2026 10:36:07 am;220,000;24,01;34,09;30,89;15,03;11,36;10,01
05/08/2026 10:36:07 am;220,050;24,01;34,09;30,90;15,03;11,35;10,01
05/08/2026 10:36:07 am;220,100;24,02;34,09;30,91;15,03;11,36;10,02
05/08/2026 10:36:07 am;220,150;24,02;34,09;30,91;15,03;11,36;10,01
05/08/2026 10:36:07 am;220,200;24,02;34,09;30,91;15,03;11,36;10,01
05/08/2026 10:36:07 am;220,250;24,02;34,08;30,92;15,03;11,36;10,01
05/08/2026 10:36:07 am;220,300;24,02;34,09;30,93;15,03;11,36;10,01
05/08/2026 10:36:07 am;220,350;24,02;34,09;30,93;15,03;11,36;10,01
05/08/2026 10:36:07 am;220,400;24,02;34,08;30,94;15,03;11,36;10,01
05/08/2026 10:36:07 am;220,450;24,03;34,08;30,95;15,02;11,35;10,01
05/08/2026 10:36:07 am;220,500;24,03;34,08;30,95;15,02;11,36;10,01
05/08/2026 10:36:07 am;220,550;24,03;34,08;30,96;15,02;11,36;10,01
05/08/2026 10:36:07 am;220,600;24,03;34,08;30,96;15,02;11,35;10,00
05/08/2026 10:36:07 am;220,650;24,03;34,08;30,97;15,02;11,36;10,00
05/08/2026 10:36:07 am;220,700;24,04;34,08;30,98;15,02;11,36;10,00
05/08/2026 10:36:07 am;220,750;24,04;34,08;30,98;15,02;11,36;10,00
05/08/2026 10:36:07 am;220,800;24,04;34,08;30,99;15,02;11,36;10,00
05/08/2026 10:36:07 am;220,850;24,04;34,08;31,00;15,02;11,36;10,00
05/08/2026 10:36:07 am;220,900;24,04;34,08;31,01;15,01;11,36;9,99
05/08/2026 10:36:07 am;220,950;24,05;34,08;31,01;15,02;11,36;9,99
05/08/2026 10:36:08 am;221,000;24,04;34,08;31,02;15,02;11,36;9,99
05/08/2026 10:36:08 am;221,050;24,05;34,08;31,03;15,01;11,36;9,99
05/08/2026 10:36:08 am;221,100;24,05;34,08;31,03;15,01;11,36;9,99
05/08/2026 10:36:08 am;221,150;24,05;34,08;31,04;15,01;11,36;9,99
05/08/2026 10:36:08 am;221,200;24,05;34,08;31,05;15,01;11,36;9,98
05/08/2026 10:36:08 am;221,250;24,05;34,08;31,05;15,01;11,36;9,98
05/08/2026 10:36:08 am;221,300;24,05;34,08;31,06;15,01;11,37;9,98
05/08/2026 10:36:08 am;221,350;24,06;34,08;31,06;15,01;11,36;9,98
05/08/2026 10:36:08 am;221,400;24,06;34,08;31,06;15,01;11,37;9,98
05/08/2026 10:36:08 am;221,450;24,06;34,08;31,07;15,00;11,36;9,98
05/08/2026 10:36:08 am;221,500;24,06;34,08;31,08;15,00;11,36;9,97
05/08/2026 10:36:08 am;221,550;24,06;34,08;31,08;15,00;11,37;9,98
05/08/2026 10:36:08 am;221,600;24,07;34,08;31,09;15,00;11,37;9,97
05/08/2026 10:36:08 am;221,650;24,07;34,08;31,10;15,00;11,37;9,97
05/08/2026 10:36:08 am;221,700;24,07;34,08;31,10;15,00;11,37;9,97
05/08/2026 10:36:08 am;221,750;24,07;34,08;31,11;15,00;11,37;9,97
05/08/2026 10:36:08 am;221,800;24,07;34,08;31,11;15,00;11,37;9,97
05/08/2026 10:36:08 am;221,850;24,07;34,08;31,12;15,00;11,37;9,97
05/08/2026 10:36:08 am;221,900;24,08;34,08;31,13;15,00;11,37;9,97
05/08/2026 10:36:08 am;221,950;24,08;34,08;31,13;15,00;11,37;9,97
05/08/2026 10:36:09 am;222,000;24,08;34,08;31,14;14,99;11,37;9,97
05/08/2026 10:36:09 am;222,050;24,08;34,08;31,14;14,99;11,37;9,97
05/08/2026 10:36:09 am;222,100;24,08;34,08;31,15;14,99;11,37;9,97
05/08/2026 10:36:09 am;222,150;24,08;34,08;31,15;14,99;11,37;9,96
05/08/2026 10:36:09 am;222,200;24,09;34,08;31,16;14,99;11,37;9,97
05/08/2026 10:36:09 am;222,250;24,09;34,08;31,16;14,99;11,37;9,96
05/08/2026 10:36:09 am;222,300;24,09;34,08;31,16;14,99;11,37;9,97
05/08/2026 10:36:09 am;222,350;24,09;34,08;31,17;14,99;11,37;9,96
05/08/2026 10:36:09 am;222,400;24,09;34,08;31,17;14,99;11,38;9,96
05/08/2026 10:36:09 am;222,450;24,09;34,08;31,18;14,99;11,37;9,96
05/08/2026 10:36:09 am;222,500;24,10;34,08;31,18;14,98;11,38;9,95
05/08/2026 10:36:09 am;222,550;24,10;34,08;31,18;14,98;11,37;9,95
05/08/2026 10:36:09 am;222,600;24,10;34,08;31,19;14,98;11,38;9,95
05/08/2026 10:36:09 am;222,650;24,10;34,08;31,19;14,98;11,38;9,95
05/08/2026 10:36:09 am;222,700;24,10;34,09;31,20;14,98;11,38;9,95
05/08/2026 10:36:09 am;222,750;24,11;34,09;31,20;14,98;11,38;9,94
05/08/2026 10:36:09 am;222,800;24,10;34,09;31,21;14,98;11,38;9,95
05/08/2026 10:36:09 am;222,850;24,11;34,09;31,21;14,98;11,38;9,94
05/08/2026 10:36:09 am;222,900;24,11;34,09;31,21;14,98;11,38;9,94
05/08/2026 10:36:09 am;222,950;24,11;34,09;31,22;14,97;11,38;9,94
05/08/2026 10:36:10 am;223,000;24,11;34,10;31,22;14,98;11,38;9,94
05/08/2026 10:36:10 am;223,050;24,11;34,10;31,23;14,97;11,38;9,93
05/08/2026 10:36:10 am;223,100;24,12;34,10;31,23;14,97;11,38;9,93
05/08/2026 10:36:10 am;223,150;24,12;34,10;31,24;14,97;11,38;9,93
05/08/2026 10:36:10 am;223,200;24,12;34,11;31,24;14,97;11,38;9,93
05/08/2026 10:36:10 am;223,250;24,12;34,11;31,25;14,97;11,38;9,93
05/08/2026 10:36:10 am;223,300;24,12;34,11;31,25;14,97;11,38;9,93
05/08/2026 10:36:10 am;223,350;24,12;34,11;31,26;14,97;11,38;9,92
05/08/2026 10:36:10 am;223,400;24,12;34,11;31,26;14,97;11,38;9,93
05/08/2026 10:36:10 am;223,450;24,13;34,11;31,27;14,96;11,38;9,92
05/08/2026 10:36:10 am;223,500;24,13;34,11;31,27;14,96;11,38;9,92
05/08/2026 10:36:10 am;223,550;24,13;34,11;31,28;14,97;11,38;9,92
05/08/2026 10:36:10 am;223,600;24,13;34,11;31,28;14,96;11,38;9,92
05/08/2026 10:36:10 am;223,650;24,13;34,10;31,29;14,96;11,38;9,92
05/08/2026 10:36:10 am;223,700;24,13;34,10;31,29;14,96;11,39;9,92
05/08/2026 10:36:10 am;223,750;24,14;34,10;31,30;14,96;11,38;9,91
05/08/2026 10:36:10 am;223,800;24,14;34,09;31,30;14,96;11,38;9,91
05/08/2026 10:36:10 am;223,850;24,14;34,09;31,31;14,96;11,38;9,91
05/08/2026 10:36:10 am;223,900;24,14;34,08;31,32;14,96;11,39;9,91
05/08/2026 10:36:10 am;223,950;24,14;34,08;31,32;14,96;11,38;9,91
05/08/2026 10:36:11 am;224,000;24,14;34,08;31,33;14,96;11,38;9,90
05/08/2026 10:36:11 am;224,050;24,15;34,07;31,34;14,96;11,38;9,90
05/08/2026 10:36:11 am;224,100;24,15;34,07;31,34;14,95;11,38;9,90
05/08/2026 10:36:11 am;224,150;24,15;34,06;31,35;14,95;11,38;9,90
05/08/2026 10:36:11 am;224,200;24,15;34,06;31,35;14,95;11,39;9,89
05/08/2026 10:36:11 am;224,250;24,15;34,06;31,36;14,95;11,39;9,89
05/08/2026 10:36:11 am;224,300;24,16;34,05;31,37;14,95;11,38;9,89
05/08/2026 10:36:11 am;224,350;24,16;34,05;31,37;14,95;11,39;9,88
05/08/2026 10:36:11 am;224,400;24,16;34,04;31,38;14,95;11,39;9,88
05/08/2026 10:36:11 am;224,450;24,16;34,03;31,38;14,95;11,38;9,88
05/08/2026 10:36:11 am;224,500;24,16;34,03;31,39;14,95;11,38;9,88
05/08/2026 10:36:11 am;224,550;24,16;34,03;31,39;14,94;11,39;9,88
05/08/2026 10:36:11 am;224,600;24,17;34,02;31,40;14,94;11,39;9,87
05/08/2026 10:36:11 am;224,650;24,17;34,02;31,40;14,94;11,39;9,87
05/08/2026 10:36:11 am;224,700;24,17;34,01;31,40;14,94;11,38;9,88
05/08/2026 10:36:11 am;224,750;24,17;34,01;31,41;14,94;11,38;9,87
05/08/2026 10:36:11 am;224,800;24,17;34,00;31,41;14,94;11,38;9,87
05/08/2026 10:36:11 am;224,850;24,17;34,00;31,42;14,94;11,38;9,87
05/08/2026 10:36:11 am;224,900;24,17;34,00;31,42;14,94;11,38;9,87
05/08/2026 10:36:11 am;224,950;24,18;33,99;31,42;14,94;11,38;9,87
05/08/2026 10:36:12 am;225,000;24,18;33,99;31,43;14,94;11,38;9,87
05/08/2026 10:36:12 am;225,050;24,18;33,98;31,43;14,93;11,38;9,86
05/08/2026 10:36:12 am;225,100;24,18;33,98;31,43;14,94;11,38;9,87
05/08/2026 10:36:12 am;225,150;24,18;33,97;31,44;14,93;11,38;9,87
05/08/2026 10:36:12 am;225,200;24,18;33,97;31,44;14,93;11,38;9,87
05/08/2026 10:36:12 am;225,250;24,19;33,97;31,44;14,93;11,38;9,87
05/08/2026 10:36:12 am;225,300;24,19;33,96;31,45;14,93;11,38;9,88
05/08/2026 10:36:12 am;225,350;24,19;33,96;31,45;14,93;11,38;9,88
05/08/2026 10:36:12 am;225,400;24,19;33,95;31,45;14,93;11,38;9,88
05/08/2026 10:36:12 am;225,450;24,19;33,95;31,46;14,93;11,38;9,89
05/08/2026 10:36:12 am;225,500;24,19;33,95;31,46;14,93;11,38;9,89
05/08/2026 10:36:12 am;225,550;24,20;33,94;31,46;14,92;11,38;9,89
05/08/2026 10:36:12 am;225,600;24,19;33,94;31,47;14,92;11,38;9,90
05/08/2026 10:36:12 am;225,650;24,19;33,94;31,47;14,92;11,38;9,90
05/08/2026 10:36:12 am;225,700;24,20;33,93;31,48;14,92;11,38;9,91
05/08/2026 10:36:12 am;225,750;24,20;33,93;31,48;14,92;11,38;9,91
05/08/2026 10:36:12 am;225,800;24,20;33,93;31,48;14,93;11,38;9,92
05/08/2026 10:36:12 am;225,850;24,20;33,93;31,49;14,92;11,38;9,92
05/08/2026 10:36:12 am;225,900;24,20;33,93;31,49;14,92;11,38;9,92
05/08/2026 10:36:12 am;225,950;24,21;33,92;31,49;14,92;11,37;9,93
05/08/2026 10:36:13 am;226,000;24,21;33,92;31,50;14,92;11,38;9,93
05/08/2026 10:36:13 am;226,050;24,21;33,92;31,50;14,92;11,38;9,94
05/08/2026 10:36:13 am;226,100;24,21;33,92;31,51;14,92;11,38;9,94
05/08/2026 10:36:13 am;226,150;24,21;33,92;31,51;14,91;11,37;9,95
05/08/2026 10:36:13 am;226,200;24,21;33,92;31,51;14,91;11,37;9,95
05/08/2026 10:36:13 am;226,250;24,22;33,92;31,52;14,91;11,37;9,95
05/08/2026 10:36:13 am;226,300;24,22;33,92;31,52;14,91;11,37;9,96
05/08/2026 10:36:13 am;226,350;24,22;33,92;31,53;14,91;11,37;9,96
05/08/2026 10:36:13 am;226,400;24,22;33,92;31,53;14,91;11,37;9,96
05/08/2026 10:36:13 am;226,450;24,22;33,92;31,53;14,91;11,37;9,97
05/08/2026 10:36:13 am;226,500;24,22;33,93;31,54;14,91;11,37;9,97
05/08/2026 10:36:13 am;226,550;24,22;33,93;31,54;14,91;11,37;9,97
05/08/2026 10:36:13 am;226,600;24,23;33,93;31,55;14,91;11,37;9,97
05/08/2026 10:36:13 am;226,650;24,23;33,93;31,55;14,91;11,37;9,97
05/08/2026 10:36:13 am;226,700;24,23;33,93;31,55;14,90;11,37;9,97
05/08/2026 10:36:13 am;226,750;24,23;33,93;31,56;14,90;11,37;9,97
05/08/2026 10:36:13 am;226,800;24,23;33,93;31,56;14,90;11,37;9,97
05/08/2026 10:36:13 am;226,850;24,23;33,94;31,57;14,90;11,37;9,97
05/08/2026 10:36:13 am;226,900;24,24;33,94;31,57;14,90;11,36;9,97
05/08/2026 10:36:13 am;226,950;24,24;33,94;31,58;14,90;11,36;9,98
05/08/2026 10:36:14 am;227,000;24,24;33,94;31,58;14,90;11,36;9,98
05/08/2026 10:36:14 am;227,050;24,24;33,94;31,59;14,90;11,36;9,98
05/08/2026 10:36:14 am;227,100;24,24;33,94;31,59;14,90;11,36;9,97
05/08/2026 10:36:14 am;227,150;24,24;33,94;31,60;14,90;11,36;9,98
05/08/2026 10:36:14 am;227,200;24,24;33,94;31,60;14,89;11,36;9,98
05/08/2026 10:36:14 am;227,250;24,24;33,94;31,60;14,90;11,36;9,98
05/08/2026 10:36:14 am;227,300;24,25;33,94;31,61;14,89;11,35;9,98
05/08/2026 10:36:14 am;227,350;24,25;33,94;31,61;14,89;11,35;9,98
05/08/2026 10:36:14 am;227,400;24,25;33,94;31,62;14,89;11,35;9,97
05/08/2026 10:36:14 am;227,450;24,25;33,94;31,62;14,89;11,35;9,97
05/08/2026 10:36:14 am;227,500;24,25;33,94;31,63;14,89;11,35;9,97
05/08/2026 10:36:14 am;227,550;24,26;33,94;31,63;14,89;11,35;9,97
05/08/2026 10:36:14 am;227,600;24,26;33,93;31,63;14,89;11,35;9,97
05/08/2026 10:36:14 am;227,650;24,26;33,93;31,63;14,89;11,35;9,97
05/08/2026 10:36:14 am;227,700;24,26;33,93;31,64;14,89;11,35;9,97
05/08/2026 10:36:14 am;227,750;24,26;33,93;31,64;14,89;11,35;9,97
05/08/2026 10:36:14 am;227,800;24,26;33,93;31,64;14,89;11,35;9,97
05/08/2026 10:36:14 am;227,850;24,26;33,92;31,65;14,88;11,34;9,96
05/08/2026 10:36:14 am;227,900;24,27;33,92;31,65;14,88;11,34;9,96
05/08/2026 10:36:14 am;227,950;24,27;33,92;31,66;14,88;11,34;9,96
05/08/2026 10:36:15 am;228,000;24,27;33,91;31,66;14,88;11,34;9,96
05/08/2026 10:36:15 am;228,050;24,27;33,91;31,66;14,88;11,34;9,95
05/08/2026 10:36:15 am;228,100;24,27;33,91;31,66;14,88;11,34;9,95
05/08/2026 10:36:15 am;228,150;24,27;33,91;31,67;14,88;11,34;9,95
05/08/2026 10:36:15 am;228,200;24,28;33,90;31,67;14,88;11,34;9,95
05/08/2026 10:36:15 am;228,250;24,28;33,90;31,68;14,88;11,34;9,95
05/08/2026 10:36:15 am;228,300;24,28;33,89;31,68;14,88;11,34;9,95
05/08/2026 10:36:15 am;228,350;24,28;33,89;31,68;14,88;11,34;9,95
05/08/2026 10:36:15 am;228,400;24,28;33,89;31,69;14,87;11,34;9,94
05/08/2026 10:36:15 am;228,450;24,28;33,88;31,69;14,87;11,34;9,95
05/08/2026 10:36:15 am;228,500;24,28;33,88;31,69;14,88;11,34;9,94
05/08/2026 10:36:15 am;228,550;24,29;33,88;31,70;14,87;11,34;9,94
05/08/2026 10:36:15 am;228,600;24,29;33,87;31,70;14,87;11,34;9,94
05/08/2026 10:36:15 am;228,650;24,29;33,87;31,71;14,87;11,34;9,94
05/08/2026 10:36:15 am;228,700;24,29;33,87;31,71;14,87;11,34;9,93
05/08/2026 10:36:15 am;228,750;24,29;33,86;31,71;14,87;11,34;9,94
05/08/2026 10:36:15 am;228,800;24,29;33,86;31,72;14,87;11,34;9,93
05/08/2026 10:36:15 am;228,850;24,30;33,86;31,72;14,87;11,34;9,93
05/08/2026 10:36:15 am;228,900;24,30;33,86;31,72;14,86;11,34;9,93
05/08/2026 10:36:15 am;228,950;24,30;33,85;31,73;14,86;11,34;9,93
05/08/2026 10:36:16 am;229,000;24,30;33,85;31,73;14,87;11,34;9,93
05/08/2026 10:36:16 am;229,050;24,30;33,85;31,73;14,86;11,34;9,93
05/08/2026 10:36:16 am;229,100;24,30;33,85;31,74;14,86;11,34;9,93
05/08/2026 10:36:16 am;229,150;24,30;33,85;31,74;14,86;11,34;9,93
05/08/2026 10:36:16 am;229,200;24,31;33,85;31,74;14,86;11,33;9,92
05/08/2026 10:36:16 am;229,250;24,31;33,84;31,75;14,86;11,34;9,92
05/08/2026 10:36:16 am;229,300;24,31;33,84;31,75;14,86;11,34;9,92
05/08/2026 10:36:16 am;229,350;24,31;33,84;31,75;14,86;11,34;9,92
05/08/2026 10:36:16 am;229,400;24,31;33,84;31,75;14,86;11,34;9,92
05/08/2026 10:36:16 am;229,450;24,32;33,83;31,76;14,86;11,34;9,92
05/08/2026 10:36:16 am;229,500;24,32;33,83;31,76;14,85;11,34;9,92
05/08/2026 10:36:16 am;229,550;24,32;33,83;31,77;14,85;11,34;9,91
05/08/2026 10:36:16 am;229,600;24,32;33,83;31,77;14,85;11,34;9,91
05/08/2026 10:36:16 am;229,650;24,32;33,82;31,77;14,85;11,34;9,91
05/08/2026 10:36:16 am;229,700;24,32;33,82;31,77;14,85;11,34;9,91
05/08/2026 10:36:16 am;229,750;24,32;33,82;31,78;14,85;11,34;9,91
05/08/2026 10:36:16 am;229,800;24,32;33,81;31,78;14,85;11,34;9,91
05/08/2026 10:36:16 am;229,850;24,33;33,81;31,78;14,85;11,34;9,90
05/08/2026 10:36:16 am;229,900;24,33;33,81;31,78;14,85;11,34;9,90
05/08/2026 10:36:16 am;229,950;24,33;33,80;31,78;14,85;11,34;9,90
05/08/2026 10:36:17 am;230,000;24,33;33,80;31,78;14,85;11,34;9,90
05/08/2026 10:36:17 am;230,050;24,33;33,80;31,78;14,85;11,34;9,89
05/08/2026 10:36:17 am;230,100;24,34;33,79;31,78;14,84;11,34;9,89
05/08/2026 10:36:17 am;230,150;24,34;33,79;31,78;14,85;11,34;9,89
05/08/2026 10:36:17 am;230,200;24,34;33,79;31,78;14,84;11,34;9,89
05/08/2026 10:36:17 am;230,250;24,34;33,79;31,78;14,84;11,34;9,88
05/08/2026 10:36:17 am;230,300;24,34;33,79;31,78;14,84;11,34;9,88
05/08/2026 10:36:17 am;230,350;24,34;33,78;31,78;14,84;11,34;9,88
05/08/2026 10:36:17 am;230,400;24,34;33,78;31,78;14,84;11,34;9,88
05/08/2026 10:36:17 am;230,450;24,34;33,78;31,78;14,84;11,34;9,88
05/08/2026 10:36:17 am;230,500;24,35;33,78;31,78;14,83;11,34;9,87
05/08/2026 10:36:17 am;230,550;24,35;33,77;31,79;14,84;11,34;9,87
05/08/2026 10:36:17 am;230,600;24,35;33,77;31,79;14,83;11,34;9,87
05/08/2026 10:36:17 am;230,650;24,35;33,77;31,79;14,84;11,34;9,87
05/08/2026 10:36:17 am;230,700;24,35;33,77;31,79;14,83;11,34;9,87
05/08/2026 10:36:17 am;230,750;24,35;33,77;31,79;14,83;11,34;9,87
05/08/2026 10:36:17 am;230,800;24,36;33,76;31,80;14,83;11,35;9,86
05/08/2026 10:36:17 am;230,850;24,36;33,76;31,80;14,83;11,34;9,86
05/08/2026 10:36:17 am;230,900;24,36;33,75;31,80;14,83;11,35;9,86
05/08/2026 10:36:17 am;230,950;24,36;33,75;31,80;14,83;11,34;9,86
05/08/2026 10:36:18 am;231,000;24,36;33,75;31,80;14,83;11,35;9,86
05/08/2026 10:36:18 am;231,050;24,36;33,74;31,80;14,83;11,35;9,86
05/08/2026 10:36:18 am;231,100;24,37;33,74;31,81;14,83;11,35;9,86
05/08/2026 10:36:18 am;231,150;24,37;33,74;31,80;14,82;11,35;9,86
05/08/2026 10:36:18 am;231,200;24,37;33,73;31,80;14,83;11,35;9,86
05/08/2026 10:36:18 am;231,250;24,37;33,73;31,80;14,83;11,35;9,86
05/08/2026 10:36:18 am;231,300;24,37;33,73;31,80;14,83;11,35;9,85
05/08/2026 10:36:18 am;231,350;24,37;33,72;31,80;14,82;11,35;9,86
05/08/2026 10:36:18 am;231,400;24,37;33,72;31,80;14,82;11,35;9,86
05/08/2026 10:36:18 am;231,450;24,38;33,71;31,79;14,82;11,36;9,86
05/08/2026 10:36:18 am;231,500;24,38;33,71;31,79;14,82;11,35;9,86
05/08/2026 10:36:18 am;231,550;24,38;33,71;31,79;14,82;11,36;9,85
05/08/2026 10:36:18 am;231,600;24,38;33,70;31,78;14,82;11,36;9,85
05/08/2026 10:36:18 am;231,650;24,38;33,70;31,78;14,82;11,36;9,85
05/08/2026 10:36:18 am;231,700;24,38;33,69;31,78;14,82;11,35;9,85
05/08/2026 10:36:18 am;231,750;24,38;33,68;31,77;14,82;11,36;9,85
05/08/2026 10:36:18 am;231,800;24,39;33,68;31,77;14,82;11,36;9,86
05/08/2026 10:36:18 am;231,850;24,39;33,68;31,76;14,82;11,36;9,85
05/08/2026 10:36:18 am;231,900;24,39;33,67;31,76;14,82;11,36;9,85
05/08/2026 10:36:18 am;231,950;24,39;33,67;31,76;14,81;11,36;9,86
05/08/2026 10:36:19 am;232,000;24,39;33,66;31,75;14,81;11,36;9,85
05/08/2026 10:36:19 am;232,050;24,39;33,66;31,75;14,81;11,36;9,85
05/08/2026 10:36:19 am;232,100;24,39;33,65;31,74;14,81;11,36;9,85
05/08/2026 10:36:19 am;232,150;24,40;33,65;31,74;14,81;11,36;9,85
05/08/2026 10:36:19 am;232,200;24,40;33,65;31,73;14,81;11,36;9,85
05/08/2026 10:36:19 am;232,250;24,40;33,64;31,73;14,81;11,36;9,85
05/08/2026 10:36:19 am;232,300;24,40;33,64;31,72;14,81;11,36;9,85
05/08/2026 10:36:19 am;232,350;24,40;33,64;31,72;14,81;11,36;9,85
05/08/2026 10:36:19 am;232,400;24,40;33,63;31,71;14,81;11,36;9,85
05/08/2026 10:36:19 am;232,450;24,41;33,63;31,71;14,81;11,36;9,85
05/08/2026 10:36:19 am;232,500;24,41;33,63;31,70;14,81;11,36;9,85
05/08/2026 10:36:19 am;232,550;24,41;33,62;31,70;14,81;11,36;9,85
05/08/2026 10:36:19 am;232,600;24,41;33,62;31,70;14,80;11,36;9,85
05/08/2026 10:36:19 am;232,650;24,41;33,62;31,69;14,81;11,35;9,85
05/08/2026 10:36:19 am;232,700;24,41;33,62;31,68;14,80;11,36;9,85
05/08/2026 10:36:19 am;232,750;24,41;33,61;31,68;14,80;11,35;9,85
05/08/2026 10:36:19 am;232,800;24,42;33,61;31,67;14,80;11,36;9,85
05/08/2026 10:36:19 am;232,850;24,42;33,61;31,67;14,80;11,35;9,85
05/08/2026 10:36:19 am;232,900;24,42;33,61;31,67;14,80;11,35;9,84
05/08/2026 10:36:19 am;232,950;24,42;33,61;31,66;14,80;11,35;9,85
05/08/2026 10:36:20 am;233,000;24,42;33,60;31,66;14,80;11,35;9,84
05/08/2026 10:36:20 am;233,050;24,42;33,60;31,65;14,80;11,35;9,84
05/08/2026 10:36:20 am;233,100;24,42;33,60;31,65;14,79;11,35;9,84
05/08/2026 10:36:20 am;233,150;24,43;33,60;31,64;14,80;11,35;9,84
05/08/2026 10:36:20 am;233,200;24,43;33,60;31,64;14,79;11,35;9,84
05/08/2026 10:36:20 am;233,250;24,43;33,60;31,64;14,79;11,35;9,84
05/08/2026 10:36:20 am;233,300;24,43;33,60;31,64;14,79;11,35;9,83
05/08/2026 10:36:20 am;233,350;24,43;33,60;31,63;14,79;11,35;9,84
05/08/2026 10:36:20 am;233,400;24,43;33,59;31,63;14,79;11,34;9,83
05/08/2026 10:36:20 am;233,450;24,44;33,60;31,63;14,79;11,34;9,83
05/08/2026 10:36:20 am;233,500;24,44;33,59;31,63;14,79;11,34;9,83
05/08/2026 10:36:20 am;233,550;24,44;33,59;31,63;14,79;11,34;9,83
05/08/2026 10:36:20 am;233,600;24,44;33,59;31,63;14,79;11,34;9,83
05/08/2026 10:36:20 am;233,650;24,44;33,59;31,62;14,79;11,34;9,83
05/08/2026 10:36:20 am;233,700;24,44;33,60;31,62;14,78;11,34;9,82
05/08/2026 10:36:20 am;233,750;24,44;33,60;31,62;14,78;11,34;9,83
05/08/2026 10:36:20 am;233,800;24,45;33,60;31,62;14,78;11,33;9,82
05/08/2026 10:36:20 am;233,850;24,45;33,60;31,61;14,78;11,33;9,82
05/08/2026 10:36:20 am;233,900;24,44;33,60;31,61;14,78;11,33;9,81
05/08/2026 10:36:20 am;233,950;24,45;33,60;31,61;14,78;11,33;9,81
05/08/2026 10:36:21 am;234,000;24,45;33,60;31,61;14,78;11,33;9,81
05/08/2026 10:36:21 am;234,050;24,45;33,60;31,61;14,78;11,33;9,81
05/08/2026 10:36:21 am;234,100;24,46;33,60;31,61;14,78;11,33;9,80
05/08/2026 10:36:21 am;234,150;24,45;33,61;31,61;14,78;11,32;9,81
05/08/2026 10:36:21 am;234,200;24,46;33,61;31,61;14,78;11,32;9,80
05/08/2026 10:36:21 am;234,250;24,46;33,61;31,61;14,77;11,32;9,80
05/08/2026 10:36:21 am;234,300;24,46;33,61;31,61;14,77;11,32;9,80
05/08/2026 10:36:21 am;234,350;24,46;33,61;31,61;14,78;11,32;9,80
05/08/2026 10:36:21 am;234,400;24,46;33,61;31,61;14,77;11,32;9,80
05/08/2026 10:36:21 am;234,450;24,46;33,62;31,61;14,77;11,32;9,80
05/08/2026 10:36:21 am;234,500;24,47;33,62;31,62;14,77;11,32;9,80
05/08/2026 10:36:21 am;234,550;24,47;33,62;31,62;14,77;11,32;9,80
05/08/2026 10:36:21 am;234,600;24,47;33,62;31,62;14,77;11,32;9,80
05/08/2026 10:36:21 am;234,650;24,47;33,62;31,62;14,77;11,31;9,80
05/08/2026 10:36:21 am;234,700;24,47;33,62;31,62;14,77;11,31;9,80
05/08/2026 10:36:21 am;234,750;24,47;33,63;31,62;14,77;11,32;9,79
05/08/2026 10:36:21 am;234,800;24,47;33,62;31,62;14,77;11,31;9,79
05/08/2026 10:36:21 am;234,850;24,48;33,63;31,63;14,77;11,31;9,80
05/08/2026 10:36:21 am;234,900;24,48;33,63;31,63;14,77;11,31;9,79
05/08/2026 10:36:21 am;234,950;24,48;33,63;31,63;14,77;11,31;9,80
05/08/2026 10:36:22 am;235,000;24,48;33,63;31,63;14,76;11,31;9,79
05/08/2026 10:36:22 am;235,050;24,48;33,63;31,63;14,76;11,31;9,79
05/08/2026 10:36:22 am;235,100;24,48;33,63;31,63;14,76;11,31;9,79
05/08/2026 10:36:22 am;235,150;24,49;33,63;31,64;14,76;11,31;9,80
05/08/2026 10:36:22 am;235,200;24,49;33,63;31,64;14,76;11,31;9,79
05/08/2026 10:36:22 am;235,250;24,49;33,64;31,64;14,76;11,31;9,79
05/08/2026 10:36:22 am;235,300;24,49;33,64;31,64;14,76;11,31;9,79
05/08/2026 10:36:22 am;235,350;24,49;33,64;31,64;14,76;11,31;9,80
05/08/2026 10:36:22 am;235,400;24,49;33,64;31,64;14,76;11,31;9,79
05/08/2026 10:36:22 am;235,450;24,50;33,64;31,64;14,76;11,31;9,80
05/08/2026 10:36:22 am;235,500;24,50;33,64;31,65;14,76;11,31;9,80
05/08/2026 10:36:22 am;235,550;24,50;33,64;31,65;14,76;11,31;9,80
05/08/2026 10:36:22 am;235,600;24,50;33,64;31,65;14,76;11,31;9,80
05/08/2026 10:36:22 am;235,650;24,50;33,64;31,65;14,75;11,30;9,80
05/08/2026 10:36:22 am;235,700;24,50;33,64;31,66;14,75;11,31;9,80
05/08/2026 10:36:22 am;235,750;24,50;33,64;31,66;14,75;11,31;9,80
05/08/2026 10:36:22 am;235,800;24,51;33,64;31,66;14,75;11,31;9,81
05/08/2026 10:36:22 am;235,850;24,51;33,64;31,66;14,75;11,31;9,81
05/08/2026 10:36:22 am;235,900;24,51;33,64;31,66;14,75;11,30;9,81
05/08/2026 10:36:22 am;235,950;24,51;33,64;31,67;14,75;11,31;9,81
05/08/2026 10:36:23 am;236,000;24,51;33,64;31,67;14,75;11,30;9,81
05/08/2026 10:36:23 am;236,050;24,51;33,64;31,67;14,75;11,31;9,82
05/08/2026 10:36:23 am;236,100;24,52;33,64;31,67;14,75;11,30;9,82
05/08/2026 10:36:23 am;236,150;24,52;33,64;31,68;14,75;11,31;9,82
05/08/2026 10:36:23 am;236,200;24,52;33,64;31,68;14,75;11,31;9,82
05/08/2026 10:36:23 am;236,250;24,52;33,64;31,68;14,74;11,31;9,83
05/08/2026 10:36:23 am;236,300;24,52;33,64;31,69;14,74;11,30;9,83
05/08/2026 10:36:23 am;236,350;24,52;33,64;31,69;14,74;11,31;9,83
05/08/2026 10:36:23 am;236,400;24,52;33,63;31,69;14,74;11,31;9,83
05/08/2026 10:36:23 am;236,450;24,52;33,64;31,70;14,74;11,31;9,83
05/08/2026 10:36:23 am;236,500;24,52;33,63;31,70;14,74;11,30;9,83
05/08/2026 10:36:23 am;236,550;24,53;33,64;31,70;14,74;11,30;9,84
05/08/2026 10:36:23 am;236,600;24,53;33,63;31,71;14,74;11,30;9,84
05/08/2026 10:36:23 am;236,650;24,53;33,64;31,71;14,74;11,30;9,84
05/08/2026 10:36:23 am;236,700;24,53;33,63;31,71;14,74;11,30;9,84
05/08/2026 10:36:23 am;236,750;24,53;33,63;31,71;14,74;11,30;9,84
05/08/2026 10:36:23 am;236,800;24,53;33,63;31,72;14,74;11,30;9,85
05/08/2026 10:36:23 am;236,850;24,54;33,63;31,72;14,74;11,30;9,85
05/08/2026 10:36:23 am;236,900;24,54;33,63;31,73;14,73;11,30;9,84
05/08/2026 10:36:23 am;236,950;24,54;33,63;31,73;14,73;11,30;9,85
05/08/2026 10:36:24 am;237,000;24,54;33,63;31,73;14,73;11,30;9,85
05/08/2026 10:36:24 am;237,050;24,54;33,63;31,73;14,73;11,30;9,85
05/08/2026 10:36:24 am;237,100;24,54;33,63;31,74;14,73;11,30;9,85
05/08/2026 10:36:24 am;237,150;24,55;33,63;31,74;14,73;11,30;9,85
05/08/2026 10:36:24 am;237,200;24,55;33,63;31,75;14,73;11,30;9,86
05/08/2026 10:36:24 am;237,250;24,55;33,63;31,75;14,73;11,30;9,86
05/08/2026 10:36:24 am;237,300;24,55;33,63;31,75;14,73;11,30;9,86
05/08/2026 10:36:24 am;237,350;24,55;33,63;31,76;14,73;11,30;9,86
05/08/2026 10:36:24 am;237,400;24,55;33,63;31,76;14,73;11,30;9,86
05/08/2026 10:36:24 am;237,450;24,55;33,63;31,76;14,73;11,30;9,86
05/08/2026 10:36:24 am;237,500;24,56;33,64;31,77;14,73;11,30;9,86
05/08/2026 10:36:24 am;237,550;24,56;33,64;31,77;14,72;11,30;9,86
05/08/2026 10:36:24 am;237,600;24,56;33,64;31,77;14,72;11,30;9,87
05/08/2026 10:36:24 am;237,650;24,56;33,64;31,77;14,72;11,29;9,87
05/08/2026 10:36:24 am;237,700;24,57;33,64;31,78;14,72;11,30;9,87
05/08/2026 10:36:24 am;237,750;24,57;33,64;31,78;14,72;11,29;9,87
05/08/2026 10:36:24 am;237,800;24,57;33,64;31,78;14,72;11,29;9,87
05/08/2026 10:36:24 am;237,850;24,57;33,65;31,79;14,72;11,29;9,87
05/08/2026 10:36:24 am;237,900;24,57;33,65;31,79;14,72;11,29;9,87
05/08/2026 10:36:24 am;237,950;24,57;33,65;31,79;14,72;11,30;9,87
05/08/2026 10:36:25 am;238,000;24,57;33,65;31,80;14,72;11,29;9,87
05/08/2026 10:36:25 am;238,050;24,57;33,66;31,80;14,72;11,29;9,87
05/08/2026 10:36:25 am;238,100;24,57;33,66;31,80;14,72;11,29;9,87
05/08/2026 10:36:25 am;238,150;24,57;33,66;31,80;14,72;11,29;9,88
05/08/2026 10:36:25 am;238,200;24,58;33,66;31,81;14,72;11,29;9,87
05/08/2026 10:36:25 am;238,250;24,58;33,67;31,81;14,71;11,29;9,88
05/08/2026 10:36:25 am;238,300;24,58;33,67;31,81;14,71;11,29;9,88
05/08/2026 10:36:25 am;238,350;24,58;33,67;31,81;14,71;11,29;9,88
05/08/2026 10:36:25 am;238,400;24,58;33,68;31,81;14,71;11,29;9,88
05/08/2026 10:36:25 am;238,450;24,58;33,68;31,81;14,71;11,29;9,88
05/08/2026 10:36:25 am;238,500;24,58;33,69;31,81;14,71;11,29;9,89
05/08/2026 10:36:25 am;238,550;24,59;33,69;31,81;14,71;11,29;9,88
05/08/2026 10:36:25 am;238,600;24,59;33,69;31,82;14,71;11,29;9,88
05/08/2026 10:36:25 am;238,650;24,59;33,70;31,81;14,71;11,29;9,89
05/08/2026 10:36:25 am;238,700;24,59;33,71;31,81;14,71;11,29;9,89
05/08/2026 10:36:25 am;238,750;24,59;33,71;31,81;14,71;11,28;9,89
05/08/2026 10:36:25 am;238,800;24,59;33,71;31,81;14,70;11,28;9,89
05/08/2026 10:36:25 am;238,850;24,59;33,72;31,81;14,70;11,28;9,89
05/08/2026 10:36:25 am;238,900;24,60;33,73;31,81;14,70;11,28;9,89
05/08/2026 10:36:25 am;238,950;24,60;33,73;31,81;14,70;11,28;9,89
05/08/2026 10:36:26 am;239,000;24,60;33,74;31,81;14,70;11,28;9,89
05/08/2026 10:36:26 am;239,050;24,60;33,75;31,81;14,70;11,28;9,89
05/08/2026 10:36:26 am;239,100;24,60;33,75;31,80;14,70;11,28;9,89
05/08/2026 10:36:26 am;239,150;24,60;33,76;31,80;14,70;11,28;9,89
05/08/2026 10:36:26 am;239,200;24,61;33,77;31,80;14,70;11,27;9,89
05/08/2026 10:36:26 am;239,250;24,61;33,77;31,80;14,70;11,27;9,89
05/08/2026 10:36:26 am;239,300;24,61;33,78;31,80;14,70;11,27;9,89
05/08/2026 10:36:26 am;239,350;24,61;33,79;31,80;14,70;11,27;9,89
05/08/2026 10:36:26 am;239,400;24,61;33,79;31,80;14,69;11,27;9,89
05/08/2026 10:36:26 am;239,450;24,61;33,80;31,80;14,69;11,27;9,89
05/08/2026 10:36:26 am;239,500;24,61;33,81;31,80;14,70;11,27;9,89
05/08/2026 10:36:26 am;239,550;24,61;33,82;31,80;14,69;11,27;9,89
05/08/2026 10:36:26 am;239,600;24,62;33,82;31,79;14,69;11,27;9,89
05/08/2026 10:36:26 am;239,650;24,62;33,83;31,79;14,69;11,27;9,89
05/08/2026 10:36:26 am;239,700;24,62;33,84;31,79;14,69;11,27;9,89
05/08/2026 10:36:26 am;239,750;24,62;33,84;31,79;14,69;11,26;9,89
05/08/2026 10:36:26 am;239,800;24,62;33,85;31,79;14,69;11,27;9,89
05/08/2026 10:36:26 am;239,850;24,63;33,85;31,79;14,69;11,26;9,89
05/08/2026 10:36:26 am;239,900;24,63;33,86;31,79;14,69;11,26;9,89
05/08/2026 10:36:26 am;239,950;24,63;33,87;31,79;14,69;11,26;9,89
05/08/2026 10:36:27 am;240,000;24,63;33,87;31,79;14,69;11,26;9,89
05/08/2026 10:36:27 am;240,050;24,63;33,87;31,79;14,68;11,26;9,89
05/08/2026 10:36:27 am;240,100;24,63;33,88;31,79;14,69;11,26;9,89
05/08/2026 10:36:27 am;240,150;24,63;33,88;31,78;14,68;11,26;9,89
05/08/2026 10:36:27 am;240,200;24,63;33,89;31,78;14,69;11,25;9,89
05/08/2026 10:36:27 am;240,250;24,64;33,90;31,78;14,69;11,25;9,89
05/08/2026 10:36:27 am;240,300;24,64;33,90;31,78;14,68;11,25;9,89
05/08/2026 10:36:27 am;240,350;24,64;33,90;31,78;14,68;11,25;9,89
05/08/2026 10:36:27 am;240,400;24,64;33,91;31,78;14,68;11,25;9,89
05/08/2026 10:36:27 am;240,450;24,64;33,91;31,78;14,68;11,25;9,90
05/08/2026 10:36:27 am;240,500;24,64;33,92;31,78;14,68;11,25;9,90
05/08/2026 10:36:27 am;240,550;24,65;33,92;31,78;14,68;11,24;9,89
05/08/2026 10:36:27 am;240,600;24,64;33,93;31,78;14,68;11,24;9,90
05/08/2026 10:36:27 am;240,650;24,65;33,93;31,77;14,68;11,24;9,90
05/08/2026 10:36:27 am;240,700;24,65;33,93;31,78;14,68;11,24;9,90
05/08/2026 10:36:27 am;240,750;24,65;33,94;31,77;14,68;11,24;9,90
05/08/2026 10:36:27 am;240,800;24,65;33,94;31,77;14,67;11,24;9,90
05/08/2026 10:36:27 am;240,850;24,65;33,95;31,77;14,67;11,24;9,90
05/08/2026 10:36:27 am;240,900;24,65;33,95;31,77;14,67;11,24;9,90
05/08/2026 10:36:27 am;240,950;24,65;33,96;31,77;14,67;11,24;9,90
05/08/2026 10:36:28 am;241,000;24,66;33,96;31,77;14,67;11,24;9,90
05/08/2026 10:36:28 am;241,050;24,66;33,96;31,76;14,67;11,23;9,90
05/08/2026 10:36:28 am;241,100;24,66;33,96;31,76;14,67;11,23;9,90
05/08/2026 10:36:28 am;241,150;24,66;33,97;31,76;14,67;11,23;9,90
05/08/2026 10:36:28 am;241,200;24,66;33,97;31,76;14,67;11,23;9,90
05/08/2026 10:36:28 am;241,250;24,66;33,98;31,75;14,67;11,22;9,90
05/08/2026 10:36:28 am;241,300;24,66;33,98;31,75;14,67;11,22;9,90
05/08/2026 10:36:28 am;241,350;24,67;33,99;31,75;14,67;11,22;9,91
05/08/2026 10:36:28 am;241,400;24,67;33,99;31,75;14,67;11,22;9,91
05/08/2026 10:36:28 am;241,450;24,67;33,99;31,74;14,66;11,22;9,90
05/08/2026 10:36:28 am;241,500;24,67;34,00;31,74;14,67;11,21;9,91
05/08/2026 10:36:28 am;241,550;24,67;34,00;31,73;14,66;11,21;9,90
05/08/2026 10:36:28 am;241,600;24,67;34,01;31,73;14,66;11,21;9,90
05/08/2026 10:36:28 am;241,650;24,67;34,01;31,73;14,66;11,21;9,90
05/08/2026 10:36:28 am;241,700;24,68;34,01;31,73;14,66;11,21;9,90
05/08/2026 10:36:28 am;241,750;24,68;34,02;31,72;14,66;11,20;9,90
05/08/2026 10:36:28 am;241,800;24,68;34,02;31,72;14,66;11,20;9,90
05/08/2026 10:36:28 am;241,850;24,68;34,03;31,71;14,66;11,20;9,89
05/08/2026 10:36:28 am;241,900;24,68;34,03;31,71;14,66;11,20;9,89
05/08/2026 10:36:28 am;241,950;24,68;34,03;31,70;14,66;11,20;9,89
05/08/2026 10:36:29 am;242,000;24,68;34,04;31,70;14,66;11,19;9,89
05/08/2026 10:36:29 am;242,050;24,69;34,04;31,69;14,66;11,19;9,89
05/08/2026 10:36:29 am;242,100;24,69;34,05;31,69;14,65;11,19;9,88
05/08/2026 10:36:29 am;242,150;24,69;34,05;31,69;14,65;11,19;9,89
05/08/2026 10:36:29 am;242,200;24,69;34,05;31,68;14,65;11,19;9,88
05/08/2026 10:36:29 am;242,250;24,69;34,06;31,68;14,65;11,19;9,88
05/08/2026 10:36:29 am;242,300;24,69;34,06;31,68;14,65;11,18;9,87
05/08/2026 10:36:29 am;242,350;24,70;34,06;31,67;14,65;11,18;9,87
05/08/2026 10:36:29 am;242,400;24,70;34,07;31,67;14,65;11,18;9,87
05/08/2026 10:36:29 am;242,450;24,70;34,07;31,66;14,65;11,18;9,87
05/08/2026 10:36:29 am;242,500;24,70;34,07;31,66;14,65;11,18;9,87
05/08/2026 10:36:29 am;242,550;24,70;34,07;31,65;14,65;11,17;9,86
05/08/2026 10:36:29 am;242,600;24,70;34,08;31,65;14,65;11,17;9,86
05/08/2026 10:36:29 am;242,650;24,70;34,08;31,64;14,65;11,17;9,86
05/08/2026 10:36:29 am;242,700;24,71;34,08;31,64;14,65;11,17;9,86
05/08/2026 10:36:29 am;242,750;24,71;34,08;31,63;14,65;11,16;9,85
05/08/2026 10:36:29 am;242,800;24,71;34,09;31,63;14,65;11,16;9,85
05/08/2026 10:36:29 am;242,850;;;;14,64;11,16;9,85
